 status from sub, seq=1069
[RX] CmdPacket target=0xFF cmd=0x0 seq=1070
[TX] Immediate reply seq=10[RELAY] Got status from sub, seq=1088
[TX] StatusPacket seq=1088 A=2.673 B=97.234
[RELAY] Got status from sub, seq=1088
[RX] CmdPacket target=0xFF cmd=0x0 seq=1089
[TX] Immediate reply seq=1089
[FWD] Forward to sub: cmd=0x0 seq=1089
[RELAY] Got status from sub, seq=1089
[TX] StatusPacket seq=1089 A=3.168 B=91.707
[RELAY] Got status from sub, seq=1089
[TX] StatusPacket seq=1089 A=3.292 B=83.588
[RELAY] Got status from sub, seq=1089
[RX] CmdPacket target=0xFF cmd=0x0 seq=1090
[TX] Immediate reply seq=1090
[FWD] Forward to sub: cmd=0x0 seq=1090
[RELAY] Got status from sub, seq=1090
[TX] StatusPacket seq=1090 A=3.014 B=73.381
[RELAY] Got status from sub, seq=1090
[TX] StatusPacket seq=1090 A=2.402 B=61.719
[RELAY] Got status from sub, seq=1090
[RX] CmdPacket target=0xFF cmd=0x0 seq=1091
[TX] Immediate reply seq=1091
[FWD] Forward to sub: cmd=0x0 seq=1091
[RELAY] Got status from sub, seq=1091
[TX] StatusPacket seq=1091 A=1.606 B=49.329
[RELAY] Got status from sub, seq=1091
[TX] StatusPacket seq=1091 A=0.820 B=36.981
[RELAY] Got status from sub, seq=1091
[RX] CmdPacket target=0xFF cmd=0x0 seq=1092
[TX] Immediate reply seq=1092
[FWD] Forward to sub: cmd=0x0 seq=1092
[RELAY] Got status from sub, seq=1092
[TX] StatusPacket seq=1092 A=0.238 B=25.442
[RELAY] Got status from sub, seq=1092
[TX] StatusPacket seq=1092 A=0.002 B=15.430
[RELAY] Got status from sub, seq=1092
[RX] CmdPacket target=0xFF cmd=0x0 seq=1093
[TX] Immediate reply seq=1093
[FWD] Forward to sub: cmd=0x0 seq=1093
[RELAY] Got status from sub, seq=1093
[TX] StatusPacket seq=1093 A=0.169 B=7.568
[RELAY] Got status from sub, seq=1093
[TX] StatusPacket seq=1093 A=0.698 B=2.344
[RELAY] Got status from sub, seq=1093
[RX] CmdPacket target=0xFF cmd=0x0 seq=1094
[TX] Immediate reply seq=1094
[FWD] Forward to sub: cmd=0x0 seq=1094
[RELAY] Got status from sub, seq=1094
[TX] StatusPacket seq=1094 A=1.461 B=0.082
[RELAY] Got status from sub, seq=1094
[TX] StatusPacket seq=1094 A=2.270 B=0.925
[RELAY] Got status from sub, seq=1094
[RX] CmdPacket target=0xFF cmd=0x0 seq=1095
[TX] Immediate reply seq=1095
[FWD] Forward to sub: cmd=0x0 seq=1095
[RELAY] Got status from sub, seq=1095
[TX] StatusPacket seq=1095 A=2.927 B=4.818
[RELAY] Got status from sub, seq=1095
[TX] StatusPacket seq=1095 A=3.272 B=11.521
[RELAY] Got status from sub, seq=1095
[RX] CmdPacket target=0xFF cmd=0x0 seq=1096
[TX] Immediate reply seq=1096
[FWD] Forward to sub: cmd=0x0 seq=1096
[RELAY] Got status from sub, seq=1096
[TX] StatusPacket seq=1096 A=3.219 B=20.616
[RELAY] Got status from sub, seq=1096
[TX] StatusPacket seq=1096 A=2.782 B=31.539
[RELAY] Got status from sub, seq=1096
[RX] CmdPacket target=0xFF cmd=0x0 seq=1097
[TX] Immediate reply seq=1097
[FWD] Forward to sub: cmd=0x0 seq=1097
[RELAY] Got status from sub, seq=1097
[TX] StatusPacket seq=1097 A=2.068 B=43.609
[RELAY] Got status from sub, seq=1097
[TX] StatusPacket seq=1097 A=1.252 B=56.076
[RELAY] Got status from sub, seq=1097
[RX] CmdPacket target=0xFF cmd=0x0 seq=1098
[TX] Immediate reply seq=1098
[FWD] Forward to sub: cmd=0x0 seq=1098
[RELAY] Got status from sub, seq=1098
[TX] StatusPacket seq=1098 A=0.533 B=68.166
[RELAY] Got status from sub, seq=1098
[TX] StatusPacket seq=1098 A=0.088 B=79.126
[RELAY] Got status from sub, seq=1098
[RX] CmdPacket target=0xFF cmd=0x0 seq=1099
[TX] Immediate reply seq=1099
[FWD] Forward to sub: cmd=0x0 seq=1099
[RELAY] Got status from sub, seq=1099
[TX] StatusPacket seq=1099 A=0.025 B=88.275
[RELAY] Got status from sub, seq=1099
[TX] StatusPacket seq=1099 A=0.360 B=95.045
[RELAY] Got status from sub, seq=1099
[RX] CmdPacket target=0xFF cmd=0x0 seq=1100
[TX] Immediate reply seq=1100
[FWD] Forward to sub: cmd=0x0 seq=1100
[RELAY] Got status from sub, seq=1100
[TX] StatusPacket seq=1100 A=1.011 B=99.013
[RELAY] Got status from sub, seq=1100
[TX] StatusPacket seq=1100 A=1.818 B=99.935
[RELAY] Got status from sub, seq=1100
[RX] CmdPacket target=0xFF cmd=0x0 seq=1101
[TX] Immediate reply seq=1101
[FWD] Forward to sub: cmd=0x0 seq=1101
[TX] StatusPacket seq=1101 A=2.584 B=97.752
[TX] StatusPacket seq=1101 A=3.122 B=92.599
[RELAY] Got status from sub, seq=1101
[TX] StatusPacket seq=1101 A=3.299 B=84.799
[RELAY] Got status from sub, seq=1101
[TX] StatusPacket seq=1101 A=3.073 B=74.834
[TX] StatusPacket seq=1101 A=2.498 B=63.326
[TX] StatusPacket seq=1101 A=1.715 B=50.989
[RELAY] Got status from sub, seq=1101
[TX] StatusPacket seq=1101 A=0.917 B=38.590
[RELAY] Got status from sub, seq=1101
[RX] CmdPacket target=0xFF cmd=0x0 seq=1104
[TX] Immediate reply seq=1104
[FWD] Forward to sub: cmd=0x0 seq=1104
[RELAY] Got status from sub, seq=1104
[TX] StatusPacket seq=1104 A=0.298 B=26.901
[RELAY] Got status from sub, seq=1104
[TX] StatusPacket seq=1104 A=0.010 B=16.648
[RELAY] Got status from sub, seq=1104
[RX] CmdPacket target=0xFF cmd=0x0 seq=1105
[TX] Immediate reply seq=1105
[FWD] Forward to sub: cmd=0x0 seq=1105
[RELAY] Got status from sub, seq=1105
[TX] StatusPacket seq=1105 A=0.124 B=8.469
[RELAY] Got status from sub, seq=1105
[TX] StatusPacket seq=1105 A=0.611 B=2.872
[RELAY] Got status from sub, seq=1105
[RX] CmdPacket target=0xFF cmd=0x0 seq=1106
[TX] Immediate reply seq=1106
[FWD] Forward to sub: cmd=0x0 seq=1106
[RELAY] Got status from sub, seq=1106
[TX] StatusPacket seq=1106 A=1.353 B=0.205
[RELAY] Got status from sub, seq=1106
[TX] StatusPacket seq=1106 A=2.167 B=0.634
[RELAY] Got status from sub, seq=1106
[RX] CmdPacket target=0xFF cmd=0x0 seq=1107
[TX] Immediate reply seq=1107
[FWD] Forward to sub: cmd=0x0 seq=1107
[RELAY] Got status from sub, seq=1107
[TX] StatusPacket seq=1107 A=2.855 B=4.133
[RELAY] Got status from sub, seq=1107
[TX] StatusPacket seq=1107 A=3.248 B=10.483
[RELAY] Got status from sub, seq=1107
[RX] CmdPacket target=0xFF cmd=0x0 seq=1108
[TX] Immediate reply seq=1108
[FWD] Forward to sub: cmd=0x0 seq=1108
[RELAY] Got status from sub, seq=1108
[TX] StatusPacket seq=1108 A=3.249 B=19.290
[RELAY] Got status from sub, seq=1108
[TX] StatusPacket seq=1108 A=2.859 B=30.007
[RELAY] Got status from sub, seq=1108
[RX] CmdPacket target=0xFF cmd=0x0 seq=1109
[TX] Immediate reply seq=1109
[FWD] Forward to sub: cmd=0x0 seq=1109
[RELAY] Got status from sub, seq=1109
[TX] StatusPacket seq=1109 A=2.173 B=41.967
[RELAY] Got status from sub, seq=1109
[TX] StatusPacket seq=1109 A=1.359 B=54.426
[RELAY] Got status from sub, seq=1109
[RX] CmdPacket target=0xFF cmd=0x0 seq=1110
[TX] Immediate reply seq=1110
[FWD] Forward to sub: cmd=0x0 seq=1110
[RELAY] Got status from sub, seq=1110
[TX] StatusPacket seq=1110 A=0.616 B=66.610
[RELAY] Got status from sub, seq=1110
[TX] StatusPacket seq=1110 A=0.126 B=77.761
[RELAY] Got status from sub, seq=1110
[RX] CmdPacket target=0xFF cmd=0x0 seq=1111
[TX] Immediate reply seq=1111
[FWD] Forward to sub: cmd=0x0 seq=1111
[RELAY] Got status from sub, seq=1111
[TX] StatusPacket seq=1111 A=0.009 B=87.187
[RELAY] Got status from sub, seq=1111
[TX] StatusPacket seq=1111 A=0.294 B=94.300
[RELAY] Got status from sub, seq=1111
[RX] CmdPacket target=0xFF cmd=0x0 seq=1112
[TX] Immediate reply seq=1112
[FWD] Forward to sub: cmd=0x0 seq=1112
[RELAY] Got status from sub, seq=1112
[TX] StatusPacket seq=1112 A=0.911 B=98.659
[RELAY] Got status from sub, seq=1112
[TX] StatusPacket seq=1112 A=1.709 B=99.992
[RELAY] Got status from sub, seq=1112
[RX] CmdPacket target=0xFF cmd=0x0 seq=1113
[TX] Immediate reply seq=1113
[FWD] Forward to sub: cmd=0x0 seq=1113
[RELAY] Got status from sub, seq=1113
[TX] StatusPacket seq=1113 A=2.492 B=98.217
[RELAY] Got status from sub, seq=1113
[TX] StatusPacket seq=1113 A=3.069 B=93.445
[RELAY] Got status from sub, seq=1113
[RX] CmdPacket target=0xFF cmd=0x0 seq=1114
[TX] Immediate reply seq=1114
[FWD] Forward to sub: cmd=0x0 seq=1114
[RELAY] Got status from sub, seq=1114
[TX] StatusPacket seq=1114 A=3.299 B=85.971
[RELAY] Got status from sub, seq=1114
[TX] StatusPacket seq=1114 A=3.125 B=76.260
[RELAY] Got status from sub, seq=1114
[RX] CmdPacket target=0xFF cmd=0x0 seq=1115
[TX] Immediate reply seq=1115
[FWD] Forward to sub: cmd=0x0 seq=1115
[RELAY] Got status from sub, seq=1115
[TX] StatusPacket seq=1115 A=2.590 B=64.917
[RELAY] Got status from sub, seq=1115
[TX] StatusPacket seq=1115 A=1.824 B=52.647
[RELAY] Got status from sub, seq=1115
[RX] CmdPacket target=0xFF cmd=0x0 seq=1116
[TX] Immediate reply seq=1116
[FWD] Forward to sub: cmd=0x0 seq=1116
[RELAY] Got status from sub, seq=1116
[TX] StatusPacket seq=1116 A=1.016 B=40.211
[RELAY] Got status from sub, seq=1116
[TX] StatusPacket seq=1116 A=0.364 B=28.385
[RELAY] Got status from sub, seq=1116
[RX] CmdPacket target=0xFF cmd=0x0 seq=1117
[TX] Immediate reply seq=1117
[FWD] Forward to sub: cmd=0x0 seq=1117
[RELAY] Got status from sub, seq=1117
[TX] StatusPacket seq=1117 A=0.026 B=17.902
[RELAY] Got status from sub, seq=1117
[TX] StatusPacket seq=1117 A=0.085 B=9.415
[RELAY] Got status from sub, seq=1117
[RX] CmdPacket target=0xFF cmd=0x0 seq=1118
[TX] Immediate reply seq=1118
[FWD] Forward to sub: cmd=0x0 seq=1118
[RELAY] Got status from sub, seq=1118
[TX] StatusPacket seq=1118 A=0.528 B=3.452
[RELAY] Got status from sub, seq=1118
[TX] StatusPacket seq=1118 A=1.246 B=0.382
[RELAY] Got status from sub, seq=1118
[RX] CmdPacket target=0xFF cmd=0x0 seq=1119
[TX] Immediate reply seq=1119
[FWD] Forward to sub: cmd=0x0 seq=1119
[RELAY] Got status from sub, seq=1119
[TX] StatusPacket seq=1119 A=2.062 B=0.398
[RELAY] Got status from sub, seq=1119
[TX] StatusPacket seq=1119 A=2.778 B=3.497
[RELAY] Got status from sub, seq=1119
[RX] CmdPacket target=0xFF cmd=0x0 seq=1120
[TX] Immediate reply seq=1120
[FWD] Forward to sub: cmd=0x0 seq=1120
[RELAY] Got status from sub, seq=1120
[TX] StatusPacket seq=1120 A=3.217 B=9.488
[RELAY] Got status from sub, seq=1120
[TX] StatusPacket seq=1120 A=3.273 B=17.998
[RELAY] Got status from sub, seq=1120
[RX] CmdPacket target=0xFF cmd=0x0 seq=1121
[TX] Immediate reply seq=1121
[FWD] Forward to sub: cmd=0x0 seq=1121
[RELAY] Got status from sub, seq=1121
[TX] StatusPacket seq=1121 A=2.931 B=28.497
[RELAY] Got status from sub, seq=1121
[TX] StatusPacket seq=1121 A=2.276 B=40.334
[RELAY] Got status from sub, seq=1121
[RX] CmdPacket target=0xFF cmd=0x0 seq=1122
[TX] Immediate reply seq=1122
[FWD] Forward to sub: cmd=0x0 seq=1122
[RELAY] Got status from sub, seq=1122
[TX] StatusPacket seq=1122 A=1.467 B=52.771
[RELAY] Got status from sub, seq=1122
[TX] StatusPacket seq=1122 A=0.704 B=65.036
[RELAY] Got status from sub, seq=1122
[RX] CmdPacket target=0xFF cmd=0x0 seq=1123
[TX] Immediate reply seq=1123
[FWD] Forward to sub: cmd=0x0 seq=1123
[RELAY] Got status from sub, seq=1123
[TX] StatusPacket seq=1123 A=0.171 B=76.366
[RELAY] Got status from sub, seq=1123
[TX] StatusPacket seq=1123 A=0.001 B=86.057
[RELAY] Got status from sub, seq=1123
[RX] CmdPacket target=0xFF cmd=0x0 seq=1124
[TX] Immediate reply seq=1124
[FWD] Forward to sub: cmd=0x0 seq=1124
[RELAY] Got status from sub, seq=1124
[TX] StatusPacket seq=1124 A=0.235 B=93.506
[RELAY] Got status from sub, seq=1124
[TX] StatusPacket seq=1124 A=0.815 B=98.250
[RELAY] Got status from sub, seq=1124
[RX] CmdPacket target=0xFF cmd=0x0 seq=1125
[TX] Immediate reply seq=1125
[FWD] Forward to sub: cmd=0x0 seq=1125
[RELAY] Got status from sub, seq=1125
[TX] StatusPacket seq=1125 A=1.599 B=99.994
[RELAY] Got status from sub, seq=1125
[TX] StatusPacket seq=1125 A=2.396 B=98.630
[RELAY] Got status from sub, seq=1125
[RX] CmdPacket target=0xFF cmd=0x0 seq=1126
[TX] Immediate reply seq=1126
[FWD] Forward to sub: cmd=0x0 seq=1126
[RELAY] Got status from sub, seq=1126
[TX] StatusPacket seq=1126 A=3.010 B=94.242
[RELAY] Got status from sub, seq=1126
[TX] StatusPacket seq=1126 A=3.292 B=87.103
[RELAY] Got status from sub, seq=1126
[RX] CmdPacket target=0xFF cmd=0x0 seq=1127
[TX] Immediate reply seq=1127
[FWD] Forward to sub: cmd=0x0 seq=1127
[RELAY] Got status from sub, seq=1127
[TX] StatusPacket seq=1127 A=3.171 B=77.658
[RELAY] Got status from sub, seq=1127
[TX] StatusPacket seq=1127 A=2.678 B=66.492
[RELAY] Got status from sub, seq=1127
[RX] CmdPacket target=0xFF cmd=0x0 seq=1128
[TX] Immediate reply seq=1128
[FWD] Forward to sub: cmd=0x0 seq=1128
[RELAY] Got status from sub, seq=1128
[TX] StatusPacket seq=1128 A=1.933 B=54.302
[RELAY] Got status from sub, seq=1128
[TX] StatusPacket seq=1128 A=1.119 B=41.844
[RELAY] Got status from sub, seq=1128
[RX] CmdPacket target=0xFF cmd=0x0 seq=1129
[TX] Immediate reply seq=1129
[FWD] Forward to sub: cmd=0x0 seq=1129
[RELAY] Got status from sub, seq=1129
[TX] StatusPacket seq=1129 A=0.435 B=29.893
[RELAY] Got status from sub, seq=1129
[TX] StatusPacket seq=1129 A=0.049 B=19.192
[RELAY] Got status from sub, seq=1129
[RX] CmdPacket target=0xFF cmd=0x0 seq=1130
[TX] Immediate reply seq=1130
[FWD] Forward to sub: cmd=0x0 seq=1130
[RELAY] Got status from sub, seq=1130
[TX] StatusPacket seq=1130 A=0.054 B=10.407
[RELAY] Got status from sub, seq=1130
[TX] StatusPacket seq=1130 A=0.451 B=4.083
[RELAY] Got status from sub, seq=1130
[RX] CmdPacket target=0xFF cmd=0x0 seq=1131
[TX] Immediate reply seq=1131
[FWD] Forward to sub: cmd=0x0 seq=1131
[RELAY] Got status from sub, seq=1131
[TX] StatusPacket seq=1131 A=1.141 B=0.614
[RELAY] Got status from sub, seq=1131
[TX] StatusPacket seq=1131 A=1.955 B=0.216
[RELAY] Got status from sub, seq=1131
[RX] CmdPacket target=0xFF cmd=0x0 seq=1132
[TX] Immediate reply seq=1132
[TX] StatusPacket seq=1132 A=2.695 B=2.914
[FWD] Forward to sub: cmd=0x0 seq=1132
[RELAY] Got status from sub, seq=1132
[RELAY] Got status from sub, seq=1132
[TX] StatusPacket seq=1132 A=3.179 B=8.538
[RELAY] Got status from sub, seq=1132
[TX] StatusPacket seq=1132 A=3.289 B=16.741
[RX] CmdPacket target=0xFF cmd=0x0 seq=1133
[TX] Immediate reply seq=1133
[FWD] Forward to sub: cmd=0x0 seq=1133
[RELAY] Got status from sub, seq=1133
[TX] StatusPacket seq=1133 A=2.997 B=27.012
[TX] StatusPacket seq=1133 A=2.376 B=38.711
[RX] CmdPacket target=0xFF cmd=0x0 seq=1134
[TX] Immediate reply seq=1134
[FWD] Forward to sub: cmd=0x0 seq=1134
[RELAY] Got status from sub, seq=1134
[TX] StatusPacket seq=1134 A=1.577 B=51.113
[RELAY] Got status from sub, seq=1134
[TX] StatusPacket seq=1134 A=0.795 B=63.446
[RELAY] Got status from sub, seq=1134
[RX] CmdPacket target=0xFF cmd=0x0 seq=1135
[TX] Immediate reply seq=1135
[FWD] Forward to sub: cmd=0x0 seq=1135
[RELAY] Got status from sub, seq=1135
[TX] StatusPacket seq=1135 A=0.223 B=74.942
[RELAY] Got status from sub, seq=1135
[TX] StatusPacket seq=1135 A=0.001 B=84.888
[RELAY] Got status from sub, seq=1135
[RX] CmdPacket target=0xFF cmd=0x0 seq=1136
[TX] Immediate reply seq=1136
[FWD] Forward to sub: cmd=0x0 seq=1136
[RELAY] Got status from sub, seq=1136
[TX] StatusPacket seq=1136 A=0.182 B=92.665
[RELAY] Got status from sub, seq=1136
[TX] StatusPacket seq=1136 A=0.722 B=97.788
[RELAY] Got status from sub, seq=1136
[RX] CmdPacket target=0xFF cmd=0x0 seq=1137
[TX] Immediate reply seq=1137
[FWD] Forward to sub: cmd=0x0 seq=1137
[RELAY] Got status from sub, seq=1137
[TX] StatusPacket seq=1137 A=1.490 B=99.941
[RELAY] Got status from sub, seq=1137
[TX] StatusPacket seq=1137 A=2.297 B=98.989
[RELAY] Got status from sub, seq=1137
[RX] CmdPacket target=0xFF cmd=0x0 seq=1138
[TX] Immediate reply seq=1138
[FWD] Forward to sub: cmd=0x0 seq=1138
[RELAY] Got status from sub, seq=1138
[TX] StatusPacket seq=1138 A=2.945 B=94.990
[RELAY] Got status from sub, seq=1138
[TX] StatusPacket seq=1138 A=3.277 B=88.195
[RELAY] Got status from sub, seq=1138
[RX] CmdPacket target=0xFF cmd=0x0 seq=1139
[TX] Immediate reply seq=1139
[FWD] Forward to sub: cmd=0x0 seq=1139
[RELAY] Got status from sub, seq=1139
[TX] StatusPacket seq=1139 A=3.210 B=79.024
[RELAY] Got status from sub, seq=1139
[TX] StatusPacket seq=1139 A=2.761 B=68.049
[RELAY] Got status from sub, seq=1139
[RX] CmdPacket target=0xFF cmd=0x0 seq=1140
[TX] Immediate reply seq=1140
[FWD] Forward to sub: cmd=0x0 seq=1140
[RELAY] Got status from sub, seq=1140
[TX] StatusPacket seq=1140 A=2.040 B=55.952
[RELAY] Got status from sub, seq=1140
[TX] StatusPacket seq=1140 A=1.224 B=43.485
[RELAY] Got status from sub, seq=1140
[RX] CmdPacket target=0xFF cmd=0x0 seq=1141
[TX] Immediate reply seq=1141
[FWD] Forward to sub: cmd=0x0 seq=1141
[RELAY] Got status from sub, seq=1141
[TX] StatusPacket seq=1141 A=0.512 B=31.423
[RELAY] Got status from sub, seq=1141
[TX] StatusPacket seq=1141 A=0.078 B=20.516
[RELAY] Got status from sub, seq=1141
[RX] CmdPacket target=0xFF cmd=0x0 seq=1142
[TX] Immediate reply seq=1142
[FWD] Forward to sub: cmd=0x0 seq=1142
[RELAY] Got status from sub, seq=1142
[TX] StatusPacket seq=1142 A=0.030 B=11.442
[RELAY] Got status from sub, seq=1142
[TX] StatusPacket seq=1142 A=0.378 B=4.765
[RELAY] Got status from sub, seq=1142
[RX] CmdPacket target=0xFF cmd=0x0 seq=1143
[TX] Immediate reply seq=1143
[FWD] Forward to sub: cmd=0x0 seq=1143
[RELAY] Got status from sub, seq=1143
[TX] StatusPacket seq=1143 A=1.038 B=0.901
[RELAY] Got status from sub, seq=1143
[TX] StatusPacket seq=1143 A=1.847 B=0.090
[RELAY] Got status from sub, seq=1143
[RX] CmdPacket target=0xFF cmd=0x0 seq=1144
[TX] Immediate reply seq=1144
[FWD] Forward to sub: cmd=0x0 seq=1144
[RELAY] Got status from sub, seq=1144
[TX] StatusPacket seq=1144 A=2.608 B=2.381
[RELAY] Got status from sub, seq=1144
[TX] StatusPacket seq=1144 A=3.135 B=7.634
[RELAY] Got status from sub, seq=1144
[RX] CmdPacket target=0xFF cmd=0x0 seq=1145
[TX] Immediate reply seq=1145
[FWD] Forward to sub: cmd=0x0 seq=1145
[RELAY] Got status from sub, seq=1145
[TX] StatusPacket seq=1145 A=3.298 B=15.521
[RELAY] Got status from sub, seq=1145
[TX] StatusPacket seq=1145 A=3.058 B=25.551
[RELAY] Got status from sub, seq=1145
[RX] CmdPacket target=0xFF cmd=0x0 seq=1146
[TX] Immediate reply seq=1146
[FWD] Forward to sub: cmd=0x0 seq=1146
[RELAY] Got status from sub, seq=1146
[TX] StatusPacket seq=1146 A=2.472 B=37.101
[RELAY] Got status from sub, seq=1146
[TX] StatusPacket seq=1146 A=1.686 B=49.454
[RELAY] Got status from sub, seq=1146
[RX] CmdPacket target=0xFF cmd=0x0 seq=1147
[TX] Immediate reply seq=1147
[FWD] Forward to sub: cmd=0x0 seq=1147
[RELAY] Got status from sub, seq=1147
[TX] StatusPacket seq=1147 A=0.891 B=61.840
[RELAY] Got status from sub, seq=1147
[TX] StatusPacket seq=1147 A=0.281 B=73.491
[RELAY] Got status from sub, seq=1147
[RX] CmdPacket target=0xFF cmd=0x0 seq=1148
[TX] Immediate reply seq=1148
[FWD] Forward to sub: cmd=0x0 seq=1148
[RELAY] Got status from sub, seq=1148
[TX] StatusPacket seq=1148 A=0.007 B=83.680
[RELAY] Got status from sub, seq=1148
[TX] StatusPacket seq=1148 A=0.135 B=91.776
[RELAY] Got status from sub, seq=1148
[RX] CmdPacket target=0xFF cmd=0x0 seq=1149
[TX] Immediate reply seq=1149
[FWD] Forward to sub: cmd=0x0 seq=1149
[RELAY] Got status from sub, seq=1149
[TX] StatusPacket seq=1149 A=0.634 B=97.274
[RELAY] Got status from sub, seq=1149
[TX] StatusPacket seq=1149 A=1.382 B=99.833
[RELAY] Got status from sub, seq=1149
[RX] CmdPacket target=0xFF cmd=0x0 seq=1150
[TX] Immediate reply seq=1150
[FWD] Forward to sub: cmd=0x0 seq=1150
[RELAY] Got status from sub, seq=1150
[TX] StatusPacket seq=1150 A=2.195 B=99.294
[RELAY] Got status from sub, seq=1150
[TX] StatusPacket seq=1150 A=2.875 B=95.689
[RELAY] Got status from sub, seq=1150
[RX] CmdPacket target=0xFF cmd=0x0 seq=1151
[TX] Immediate reply seq=1151
[FWD] Forward to sub: cmd=0x0 seq=1151
[RELAY] Got status from sub, seq=1151
[TX] StatusPacket seq=1151 A=3.255 B=89.244
[RELAY] Got status from sub, seq=1151
[TX] StatusPacket seq=1151 A=3.242 B=80.359
[RELAY] Got status from sub, seq=1151
[RX] CmdPacket target=0xFF cmd=0x0 seq=1152
[TX] Immediate reply seq=1152
[FWD] Forward to sub: cmd=0x0 seq=1152
[RELAY] Got status from sub, seq=1152
[TX] StatusPacket seq=1152 A=2.839 B=69.587
[RELAY] Got status from sub, seq=1152
[TX] StatusPacket seq=1152 A=2.146 B=57.596
[RELAY] Got status from sub, seq=1152
[RX] CmdPacket target=0xFF cmd=0x0 seq=1153
[TX] Immediate reply seq=1153
[FWD] Forward to sub: cmd=0x0 seq=1153
[RELAY] Got status from sub, seq=1153
[TX] StatusPacket seq=1153 A=1.330 B=45.133
[RELAY] Got status from sub, seq=1153
[TX] StatusPacket seq=1153 A=0.593 B=32.973
[RELAY] Got status from sub, seq=1153
[RX] CmdPacket target=0xFF cmd=0x0 seq=1154
[TX] Immediate reply seq=1154
[FWD] Forward to sub: cmd=0x0 seq=1154
[RELAY] Got status from sub, seq=1154
[TX] StatusPacket seq=1154 A=0.115 B=21.872
[RELAY] Got status from sub, seq=1154
[TX] StatusPacket seq=1154 A=0.013 B=12.519
[RELAY] Got status from sub, seq=1154
[RX] CmdPacket target=0xFF cmd=0x0 seq=1155
[TX] Immediate reply seq=1155
[FWD] Forward to sub: cmd=0x0 seq=1155
[RELAY] Got status from sub, seq=1155
[TX] StatusPacket seq=1155 A=0.311 B=5.497
[RELAY] Got status from sub, seq=1155
[TX] StatusPacket seq=1155 A=0.937 B=1.242
[RELAY] Got status from sub, seq=1155
[RX] CmdPacket target=0xFF cmd=0x0 seq=1156
[TX] Immediate reply seq=1156
[FWD] Forward to sub: cmd=0x0 seq=1156
[RELAY] Got status from sub, seq=1156
[TX] StatusPacket seq=1156 A=1.738 B=0.018
[RELAY] Got status from sub, seq=1156
[TX] StatusPacket seq=1156 A=2.517 B=1.902
[RELAY] Got status from sub, seq=1156
[RX] CmdPacket target=0xFF cmd=0x0 seq=1157
[TX] Immediate reply seq=1157
[FWD] Forward to sub: cmd=0x0 seq=1157
[RELAY] Got status from sub, seq=1157
[TX] StatusPacket seq=1157 A=3.084 B=6.776
[RELAY] Got status from sub, seq=1157
[TX] StatusPacket seq=1157 A=3.300 B=14.338
[RELAY] Got status from sub, seq=1157
[RX] CmdPacket target=0xFF cmd=0x0 seq=1158
[TX] Immediate reply seq=1158
[FWD] Forward to sub: cmd=0x0 seq=1158
[RELAY] Got status from sub, seq=1158
[TX] StatusPacket seq=1158 A=3.112 B=24.117
[RELAY] Got status from sub, seq=1158
[TX] StatusPacket seq=1158 A=2.566 B=35.506
[RELAY] Got status from sub, seq=1158
[RX] CmdPacket target=0xFF cmd=0x0 seq=1159
[TX] Immediate reply seq=1159
[FWD] Forward to sub: cmd=0x0 seq=1159
[RELAY] Got status from sub, seq=1159
[TX] StatusPacket seq=1159 A=1.795 B=47.795
[RELAY] Got status from sub, seq=1159
[TX] StatusPacket seq=1159 A=0.990 B=60.222
[RELAY] Got status from sub, seq=1159
[RX] CmdPacket target=0xFF cmd=0x0 seq=1160
[TX] Immediate reply seq=1160
[FWD] Forward to sub: cmd=0x0 seq=1160
[RELAY] Got status from sub, seq=1160
[TX] StatusPacket seq=1160 A=0.346 B=72.013
[RELAY] Got status from sub, seq=1160
[TX] StatusPacket seq=1160 A=0.021 B=82.436
[RELAY] Got status from sub, seq=1160
[RX] CmdPacket target=0xFF cmd=0x0 seq=1161
[TX] Immediate reply seq=1161
[FWD] Forward to sub: cmd=0x0 seq=1161
[RELAY] Got status from sub, seq=1161
[TX] StatusPacket seq=1161 A=0.095 B=90.842
[RELAY] Got status from sub, seq=1161
[TX] StatusPacket seq=1161 A=0.550 B=96.708
[RELAY] Got status from sub, seq=1161
[RX] CmdPacket target=0xFF cmd=0x0 seq=1162
[TX] Immediate reply seq=1162
[TX] StatusPacket seq=1162 A=1.274 B=99.670
[FWD] Forward to sub: cmd=0x0 seq=1162
[RELAY] Got status from sub, seq=1162
[RELAY] Got status from sub, seq=1162
[TX] StatusPacket seq=1162 A=2.090 B=99.544
[RELAY] Got status from sub, seq=1162
[TX] StatusPacket seq=1162 A=2.799 B=96.338
[RX] CmdPacket target=0xFF cmd=0x0 seq=1163
[TX] Immediate reply seq=1163
[FWD] Forward to sub: cmd=0x0 seq=1163
[RELAY] Got status from sub, seq=1163
[RELAY] Got status from sub, seq=1163
[TX] StatusPacket seq=1163 A=3.227 B=90.222
[TX] StatusPacket seq=1163 A=3.267 B=81.661
[RELAY] Got status from sub, seq=1163
[RX] CmdPacket target=0xFF cmd=0x0 seq=1164
[TX] Immediate reply seq=1164
[FWD] Forward to sub: cmd=0x0 seq=1164
[RELAY] Got status from sub, seq=1164
[TX] StatusPacket seq=1164 A=2.913 B=71.102
[RELAY] Got status from sub, seq=1164
[TX] StatusPacket seq=1164 A=2.249 B=59.232
[RELAY] Got status from sub, seq=1164
[RX] CmdPacket target=0xFF cmd=0x0 seq=1165
[TX] Immediate reply seq=1165
[FWD] Forward to sub: cmd=0x0 seq=1165
[RELAY] Got status from sub, seq=1165
[TX] StatusPacket seq=1165 A=1.438 B=46.787
[RELAY] Got status from sub, seq=1165
[TX] StatusPacket seq=1165 A=0.680 B=34.542
[RELAY] Got status from sub, seq=1165
[RX] CmdPacket target=0xFF cmd=0x0 seq=1166
[TX] Immediate reply seq=1166
[FWD] Forward to sub: cmd=0x0 seq=1166
[RELAY] Got status from sub, seq=1166
[TX] StatusPacket seq=1166 A=0.159 B=23.259
[RELAY] Got status from sub, seq=1166
[TX] StatusPacket seq=1166 A=0.003 B=13.638
[RELAY] Got status from sub, seq=1166
[RX] CmdPacket target=0xFF cmd=0x0 seq=1167
[TX] Immediate reply seq=1167
[FWD] Forward to sub: cmd=0x0 seq=1167
[RELAY] Got status from sub, seq=1167
[TX] StatusPacket seq=1167 A=0.250 B=6.277
[RELAY] Got status from sub, seq=1167
[TX] StatusPacket seq=1167 A=0.840 B=1.636
[RELAY] Got status from sub, seq=1167
[RX] CmdPacket target=0xFF cmd=0x0 seq=1168
[TX] Immediate reply seq=1168
[FWD] Forward to sub: cmd=0x0 seq=1168
[RELAY] Got status from sub, seq=1168
[TX] StatusPacket seq=1168 A=1.629 B=0.001
[RELAY] Got status from sub, seq=1168
[TX] StatusPacket seq=1168 A=2.422 B=1.475
[RELAY] Got status from sub, seq=1168
[RX] CmdPacket target=0xFF cmd=0x0 seq=1169
[TX] Immediate reply seq=1169
[FWD] Forward to sub: cmd=0x0 seq=1169
[RELAY] Got status from sub, seq=1169
[TX] StatusPacket seq=1169 A=3.027 B=5.966
[RELAY] Got status from sub, seq=1169
[TX] StatusPacket seq=1169 A=3.294 B=13.195
[RELAY] Got status from sub, seq=1169
[RX] CmdPacket target=0xFF cmd=0x0 seq=1170
[TX] Immediate reply seq=1170
[FWD] Forward to sub: cmd=0x0 seq=1170
[RELAY] Got status from sub, seq=1170
[TX] StatusPacket seq=1170 A=3.159 B=22.712
[RELAY] Got status from sub, seq=1170
[TX] StatusPacket seq=1170 A=2.655 B=33.926
[RELAY] Got status from sub, seq=1170
[RX] CmdPacket target=0xFF cmd=0x0 seq=1171
[TX] Immediate reply seq=1171
[FWD] Forward to sub: cmd=0x0 seq=1171
[RELAY] Got status from sub, seq=1171
[TX] StatusPacket seq=1171 A=1.904 B=46.139
[RELAY] Got status from sub, seq=1171
[TX] StatusPacket seq=1171 A=1.091 B=58.593
[RELAY] Got status from sub, seq=1171
[RX] CmdPacket target=0xFF cmd=0x0 seq=1172
[TX] Immediate reply seq=1172
[FWD] Forward to sub: cmd=0x0 seq=1172
[RELAY] Got status from sub, seq=1172
[TX] StatusPacket seq=1172 A=0.415 B=70.512
[RELAY] Got status from sub, seq=1172
[TX] StatusPacket seq=1172 A=0.042 B=81.155
[RELAY] Got status from sub, seq=1172
[RX] CmdPacket target=0xFF cmd=0x0 seq=1173
[TX] Immediate reply seq=1173
[FWD] Forward to sub: cmd=0x0 seq=1173
[RELAY] Got status from sub, seq=1173
[TX] StatusPacket seq=1173 A=0.062 B=89.862
[RELAY] Got status from sub, seq=1173
[TX] StatusPacket seq=1173 A=0.471 B=96.090
[RELAY] Got status from sub, seq=1173
[RX] CmdPacket target=0xFF cmd=0x0 seq=1174
[TX] Immediate reply seq=1174
[FWD] Forward to sub: cmd=0x0 seq=1174
[RELAY] Got status from sub, seq=1174
[TX] StatusPacket seq=1174 A=1.168 B=99.453
[RELAY] Got status from sub, seq=1174
[TX] StatusPacket seq=1174 A=1.984 B=99.741
[RELAY] Got status from sub, seq=1174
[RX] CmdPacket target=0xFF cmd=0x0 seq=1175
[TX] Immediate reply seq=1175
[FWD] Forward to sub: cmd=0x0 seq=1175
[RELAY] Got status from sub, seq=1175
[TX] StatusPacket seq=1175 A=2.718 B=96.936
[RELAY] Got status from sub, seq=1175
[TX] StatusPacket seq=1175 A=3.190 B=91.213
[RELAY] Got status from sub, seq=1175
[RX] CmdPacket target=0xFF cmd=0x0 seq=1176
[TX] Immediate reply seq=1176
[FWD] Forward to sub: cmd=0x0 seq=1176
[RELAY] Got status from sub, seq=1176
[TX] StatusPacket seq=1176 A=3.285 B=82.927
[RELAY] Got status from sub, seq=1176
[TX] StatusPacket seq=1176 A=2.980 B=72.595
[RELAY] Got status from sub, seq=1176
[RX] CmdPacket target=0xFF cmd=0x0 seq=1177
[TX] Immediate reply seq=1177
[FWD] Forward to sub: cmd=0x0 seq=1177
[RELAY] Got status from sub, seq=1177
[TX] StatusPacket seq=1177 A=2.349 B=60.857
[RELAY] Got status from sub, seq=1177
[TX] StatusPacket seq=1177 A=1.547 B=48.444
[RELAY] Got status from sub, seq=1177
[RX] CmdPacket target=0xFF cmd=0x0 seq=1178
[TX] Immediate reply seq=1178
[FWD] Forward to sub: cmd=0x0 seq=1178
[RELAY] Got status from sub, seq=1178
[TX] StatusPacket seq=1178 A=0.770 B=36.129
[RELAY] Got status from sub, seq=1178
[TX] StatusPacket seq=1178 A=0.209 B=24.675
[RELAY] Got status from sub, seq=1178
[RX] CmdPacket target=0xFF cmd=0x0 seq=1179
[TX] Immediate reply seq=1179
[FWD] Forward to sub: cmd=0x0 seq=1179
[RELAY] Got status from sub, seq=1179
[TX] StatusPacket seq=1179 A=0.000 B=14.796
[RELAY] Got status from sub, seq=1179
[TX] StatusPacket seq=1179 A=0.195 B=7.106
[RELAY] Got status from sub, seq=1179
[RX] CmdPacket target=0xFF cmd=0x0 seq=1180
[TX] Immediate reply seq=1180
[FWD] Forward to sub: cmd=0x0 seq=1180
[RELAY] Got status from sub, seq=1180
[TX] StatusPacket seq=1180 A=0.747 B=2.083
[RELAY] Got status from sub, seq=1180
[TX] StatusPacket seq=1180 A=1.519 B=0.039
[RELAY] Got status from sub, seq=1180
[RX] CmdPacket target=0xFF cmd=0x0 seq=1181
[TX] Immediate reply seq=1181
[FWD] Forward to sub: cmd=0x0 seq=1181
[RELAY] Got status from sub, seq=1181
[TX] StatusPacket seq=1181 A=2.324 B=1.102
[RELAY] Got status from sub, seq=1181
[TX] StatusPacket seq=1181 A=2.963 B=5.204
[RELAY] Got status from sub, seq=1181
[RX] CmdPacket target=0xFF cmd=0x0 seq=1182
[TX] Immediate reply seq=1182
[FWD] Forward to sub: cmd=0x0 seq=1182
[RELAY] Got status from sub, seq=1182
[TX] StatusPacket seq=1182 A=3.281 B=12.092
[RELAY] Got status from sub, seq=1182
[TX] StatusPacket seq=1182 A=3.200 B=21.337
[RELAY] Got status from sub, seq=1182
[RX] CmdPacket target=0xFF cmd=0x0 seq=1183
[TX] Immediate reply seq=1183
[FWD] Forward to sub: cmd=0x0 seq=1183
[RELAY] Got status from sub, seq=1183
[TX] StatusPacket seq=1183 A=2.739 B=32.364
[RELAY] Got status from sub, seq=1183
[TX] StatusPacket seq=1183 A=2.012 B=44.487
[RELAY] Got status from sub, seq=1183
[RX] CmdPacket target=0xFF cmd=0x0 seq=1184
[TX] Immediate reply seq=1184
[FWD] Forward to sub: cmd=0x0 seq=1184
[RELAY] Got status from sub, seq=1184
[TX] StatusPacket seq=1184 A=1.196 B=56.954
[RELAY] Got status from sub, seq=1184
[TX] StatusPacket seq=1184 A=0.491 B=68.987
[RELAY] Got status from sub, seq=1184
[RX] CmdPacket target=0xFF cmd=0x0 seq=1185
[TX] Immediate reply seq=1185
[FWD] Forward to sub: cmd=0x0 seq=1185
[RELAY] Got status from sub, seq=1185
[TX] StatusPacket seq=1185 A=0.070 B=79.841
[RELAY] Got status from sub, seq=1185
[TX] StatusPacket seq=1185 A=0.036 B=88.839
[RELAY] Got status from sub, seq=1185
[RX] CmdPacket target=0xFF cmd=0x0 seq=1186
[TX] Immediate reply seq=1186
[FWD] Forward to sub: cmd=0x0 seq=1186
[RELAY] Got status from sub, seq=1186
[TX] StatusPacket seq=1186 A=0.397 B=95.422
[RELAY] Got status from sub, seq=1186
[TX] StatusPacket seq=1186 A=1.065 B=99.181
[RELAY] Got status from sub, seq=1186
[RX] CmdPacket target=0xFF cmd=0x0 seq=1187
[TX] Immediate reply seq=1187
[FWD] Forward to sub: cmd=0x0 seq=1187
[RELAY] Got status from sub, seq=1187
[TX] StatusPacket seq=1187 A=1.876 B=99.882
[RELAY] Got status from sub, seq=1187
[TX] StatusPacket seq=1187 A=2.632 B=97.482
[RELAY] Got status from sub, seq=1187
[RX] CmdPacket target=0xFF cmd=0x0 seq=1188
[TX] Immediate reply seq=1188
[FWD] Forward to sub: cmd=0x0 seq=1188
[RELAY] Got status from sub, seq=1188
[TX] StatusPacket seq=1188 A=3.147 B=92.129
[RELAY] Got status from sub, seq=1188
[TX] StatusPacket seq=1188 A=3.296 B=84.158
[RELAY] Got status from sub, seq=1188
[RX] CmdPacket target=0xFF cmd=0x0 seq=1189
[TX] Immediate reply seq=1189
[FWD] Forward to sub: cmd=0x0 seq=1189
[RELAY] Got status from sub, seq=1189
[TX] StatusPacket seq=1189 A=3.042 B=74.062
[RELAY] Got status from sub, seq=1189
[TX] StatusPacket seq=1189 A=2.447 B=62.470
[RELAY] Got status from sub, seq=1189
[RX] CmdPacket target=0xFF cmd=0x0 seq=1190
[TX] Immediate reply seq=1190
[FWD] Forward to sub: cmd=0x0 seq=1190
[RELAY] Got status from sub, seq=1190
[TX] StatusPacket seq=1190 A=1.657 B=50.103
[RELAY] Got status from sub, seq=1190
[TX] StatusPacket seq=1190 A=0.865 B=37.730
[RELAY] Got status from sub, seq=1190
[RX] CmdPacket target=0xFF cmd=0x0 seq=1191
[TX] Immediate reply seq=1191
[FWD] Forward to sub: cmd=0x0 seq=1191
[RELAY] Got status from sub, seq=1191
[TX] StatusPacket seq=1191 A=0.265 B=26.120
[RELAY] Got status from sub, seq=1191
[TX] StatusPacket seq=1191 A=0.005 B=15.994
[RELAY] Got status from sub, seq=1191
[RX] CmdPacket target=0xFF cmd=0x0 seq=1192
[TX] Immediate reply seq=1192
[FWD] Forward to sub: cmd=0x0 seq=1192
[RELAY] Got status from sub, seq=1192
[TX] StatusPacket seq=1192 A=0.147 B=7.982
[RELAY] Got status from sub, seq=1192
[TX] StatusPacket seq=1192 A=0.657 B=2.583
[RELAY] Got status from sub, seq=1192
[RX] CmdPacket target=0xFF cmd=0x0 seq=1193
[TX] Immediate reply seq=1193
[TX] StatusPacket seq=1193 A=1.410 B=0.133
[FWD] Forward to sub: cmd=0x0 seq=1193
[RELAY] Got status from sub, seq=1193
[RELAY] Got status from sub, seq=1193
[TX] StatusPacket seq=1193 A=2.222 B=0.782
[RELAY] Got status from sub, seq=1193
[TX] StatusPacket seq=1193 A=2.894 B=4.492
[RX] CmdPacket target=0xFF cmd=0x0 seq=1194
[TX] Immediate reply seq=1194
[FWD] Forward to sub: cmd=0x0 seq=1194
[RELAY] Got status from sub, seq=1194
[TX] StatusPacket seq=1194 A=3.261 B=11.031
[TX] StatusPacket seq=1194 A=3.234 B=19.994
[RELAY] Got status from sub, seq=1194
[RX] CmdPacket target=0xFF cmd=0x0 seq=1195
[TX] Immediate reply seq=1195
[FWD] Forward to sub: cmd=0x0 seq=1195
[RELAY] Got status from sub, seq=1195
[TX] StatusPacket seq=1195 A=2.819 B=30.821
[RELAY] Got status from sub, seq=1195
[TX] StatusPacket seq=1195 A=2.118 B=42.842
[RELAY] Got status from sub, seq=1195
[RX] CmdPacket target=0xFF cmd=0x0 seq=1196
[TX] Immediate reply seq=1196
[FWD] Forward to sub: cmd=0x0 seq=1196
[RELAY] Got status from sub, seq=1196
[TX] StatusPacket seq=1196 A=1.302 B=55.307
[RELAY] Got status from sub, seq=1196
[TX] StatusPacket seq=1196 A=0.571 B=67.442
[RELAY] Got status from sub, seq=1196
[RX] CmdPacket target=0xFF cmd=0x0 seq=1197
[TX] Immediate reply seq=1197
[FWD] Forward to sub: cmd=0x0 seq=1197
[RELAY] Got status from sub, seq=1197
[TX] StatusPacket seq=1197 A=0.105 B=78.493
[RELAY] Got status from sub, seq=1197
[TX] StatusPacket seq=1197 A=0.017 B=87.772
[RELAY] Got status from sub, seq=1197
[RX] CmdPacket target=0xFF cmd=0x0 seq=1198
[TX] Immediate reply seq=1198
[FWD] Forward to sub: cmd=0x0 seq=1198
[RELAY] Got status from sub, seq=1198
[TX] StatusPacket seq=1198 A=0.328 B=94.703
[RELAY] Got status from sub, seq=1198
[TX] StatusPacket seq=1198 A=0.964 B=98.855
[RELAY] Got status from sub, seq=1198
[RX] CmdPacket target=0xFF cmd=0x0 seq=1199
[TX] Immediate reply seq=1199
[FWD] Forward to sub: cmd=0x0 seq=1199
[RELAY] Got status from sub, seq=1199
[TX] StatusPacket seq=1199 A=1.767 B=99.968
[RELAY] Got status from sub, seq=1199
[TX] StatusPacket seq=1199 A=2.542 B=97.975
[RELAY] Got status from sub, seq=1199
[RX] CmdPacket target=0xFF cmd=0x0 seq=1200
[TX] Immediate reply seq=1200
[FWD] Forward to sub: cmd=0x0 seq=1200
[RELAY] Got status from sub, seq=1200
[TX] StatusPacket seq=1200 A=3.098 B=93.000
[RELAY] Got status from sub, seq=1200
[TX] StatusPacket seq=1200 A=3.300 B=85.350
[RELAY] Got status from sub, seq=1200
[RX] CmdPacket target=0xFF cmd=0x0 seq=1201
[TX] Immediate reply seq=1201
[FWD] Forward to sub: cmd=0x0 seq=1201
[RELAY] Got status from sub, seq=1201
[TX] StatusPacket seq=1201 A=3.098 B=75.503
[RELAY] Got status from sub, seq=1201
[TX] StatusPacket seq=1201 A=2.541 B=64.070
[RELAY] Got status from sub, seq=1201
[RX] CmdPacket target=0xFF cmd=0x0 seq=1202
[TX] Immediate reply seq=1202
[FWD] Forward to sub: cmd=0x0 seq=1202
[RELAY] Got status from sub, seq=1202
[TX] StatusPacket seq=1202 A=1.766 B=51.762
[RELAY] Got status from sub, seq=1202
[TX] StatusPacket seq=1202 A=0.963 B=39.345
[RELAY] Got status from sub, seq=1202
[RX] CmdPacket target=0xFF cmd=0x0 seq=1203
[TX] Immediate reply seq=1203
[FWD] Forward to sub: cmd=0x0 seq=1203
[RELAY] Got status from sub, seq=1203
[TX] StatusPacket seq=1203 A=0.328 B=27.590
[RELAY] Got status from sub, seq=1203
[TX] StatusPacket seq=1203 A=0.016 B=17.229
[RELAY] Got status from sub, seq=1203
[RX] CmdPacket target=0xFF cmd=0x0 seq=1204
[TX] Immediate reply seq=1204
[FWD] Forward to sub: cmd=0x0 seq=1204
[RELAY] Got status from sub, seq=1204
[TX] StatusPacket seq=1204 A=0.105 B=8.905
[RELAY] Got status from sub, seq=1204
[TX] StatusPacket seq=1204 A=0.572 B=3.136
[RELAY] Got status from sub, seq=1204
[RX] CmdPacket target=0xFF cmd=0x0 seq=1205
[TX] Immediate reply seq=1205
[FWD] Forward to sub: cmd=0x0 seq=1205
[RELAY] Got status from sub, seq=1205
[TX] StatusPacket seq=1205 A=1.303 B=0.281
[RELAY] Got status from sub, seq=1205
[TX] StatusPacket seq=1205 A=2.118 B=0.517
[RELAY] Got status from sub, seq=1205
[RX] CmdPacket target=0xFF cmd=0x0 seq=1206
[TX] Immediate reply seq=1206
[FWD] Forward to sub: cmd=0x0 seq=1206
[RELAY] Got status from sub, seq=1206
[TX] StatusPacket seq=1206 A=2.820 B=3.830
[RELAY] Got status from sub, seq=1206
[TX] StatusPacket seq=1206 A=3.234 B=10.013
[RELAY] Got status from sub, seq=1206
[RX] CmdPacket target=0xFF cmd=0x0 seq=1207
[TX] Immediate reply seq=1207
[FWD] Forward to sub: cmd=0x0 seq=1207
[RELAY] Got status from sub, seq=1207
[TX] StatusPacket seq=1207 A=3.261 B=18.683
[RELAY] Got status from sub, seq=1207
[TX] StatusPacket seq=1207 A=2.894 B=29.300
[RELAY] Got status from sub, seq=1207
[RX] CmdPacket target=0xFF cmd=0x0 seq=1208
[TX] Immediate reply seq=1208
[FWD] Forward to sub: cmd=0x0 seq=1208
[RELAY] Got status from sub, seq=1208
[TX] StatusPacket seq=1208 A=2.222 B=41.204
[RELAY] Got status from sub, seq=1208
[TX] StatusPacket seq=1208 A=1.409 B=53.654
[RELAY] Got status from sub, seq=1208
[RX] CmdPacket target=0xFF cmd=0x0 seq=1209
[TX] Immediate reply seq=1209
[FWD] Forward to sub: cmd=0x0 seq=1209
[RELAY] Got status from sub, seq=1209
[TX] StatusPacket seq=1209 A=0.656 B=65.878
[RELAY] Got status from sub, seq=1209
[TX] StatusPacket seq=1209 A=0.146 B=77.114
[RELAY] Got status from sub, seq=1209
[RX] CmdPacket target=0xFF cmd=0x0 seq=1210
[TX] Immediate reply seq=1210
[FWD] Forward to sub: cmd=0x0 seq=1210
[RELAY] Got status from sub, seq=1210
[TX] StatusPacket seq=1210 A=0.005 B=86.665
[RELAY] Got status from sub, seq=1210
[TX] StatusPacket seq=1210 A=0.266 B=93.935
[RELAY] Got status from sub, seq=1210
[RX] CmdPacket target=0xFF cmd=0x0 seq=1211
[TX] Immediate reply seq=1211
[FWD] Forward to sub: cmd=0x0 seq=1211
[RELAY] Got status from sub, seq=1211
[TX] StatusPacket seq=1211 A=0.866 B=98.475
[RELAY] Got status from sub, seq=1211
[TX] StatusPacket seq=1211 A=1.658 B=100.000
[RELAY] Got status from sub, seq=1211
[RX] CmdPacket target=0xFF cmd=0x0 seq=1212
[TX] Immediate reply seq=1212
[FWD] Forward to sub: cmd=0x0 seq=1212
[RELAY] Got status from sub, seq=1212
[TX] StatusPacket seq=1212 A=2.448 B=98.416
[RELAY] Got status from sub, seq=1212
[TX] StatusPacket seq=1212 A=3.043 B=93.823
[RELAY] Got status from sub, seq=1212
[RX] CmdPacket target=0xFF cmd=0x0 seq=1213
[TX] Immediate reply seq=1213
[FWD] Forward to sub: cmd=0x0 seq=1213
[RELAY] Got status from sub, seq=1213
[TX] StatusPacket seq=1213 A=3.296 B=86.504
[RELAY] Got status from sub, seq=1213
[TX] StatusPacket seq=1213 A=3.147 B=76.916
[RELAY] Got status from sub, seq=1213
[RX] CmdPacket target=0xFF cmd=0x0 seq=1214
[TX] Immediate reply seq=1214
[FWD] Forward to sub: cmd=0x0 seq=1214
[RELAY] Got status from sub, seq=1214
[TX] StatusPacket seq=1214 A=2.631 B=65.654
[RELAY] Got status from sub, seq=1214
[TX] StatusPacket seq=1214 A=1.875 B=53.419
[RELAY] Got status from sub, seq=1214
[RX] CmdPacket target=0xFF cmd=0x0 seq=1215
[TX] Immediate reply seq=1215
[FWD] Forward to sub: cmd=0x0 seq=1215
[RELAY] Got status from sub, seq=1215
[TX] StatusPacket seq=1215 A=1.064 B=40.972
[RELAY] Got status from sub, seq=1215
[TX] StatusPacket seq=1215 A=0.396 B=29.086
[RELAY] Got status from sub, seq=1215
[RX] CmdPacket target=0xFF cmd=0x0 seq=1216
[TX] Immediate reply seq=1216
[FWD] Forward to sub: cmd=0x0 seq=1216
[RELAY] Got status from sub, seq=1216
[TX] StatusPacket seq=1216 A=0.035 B=18.500
[RELAY] Got status from sub, seq=1216
[TX] StatusPacket seq=1216 A=0.070 B=9.872
[RELAY] Got status from sub, seq=1216
[RX] CmdPacket target=0xFF cmd=0x0 seq=1217
[TX] Immediate reply seq=1217
[FWD] Forward to sub: cmd=0x0 seq=1217
[RELAY] Got status from sub, seq=1217
[TX] StatusPacket seq=1217 A=0.491 B=3.740
[RELAY] Got status from sub, seq=1217
[TX] StatusPacket seq=1217 A=1.196 B=0.484
[RELAY] Got status from sub, seq=1217
[RX] CmdPacket target=0xFF cmd=0x0 seq=1218
[TX] Immediate reply seq=1218
[FWD] Forward to sub: cmd=0x0 seq=1218
[RELAY] Got status from sub, seq=1218
[TX] StatusPacket seq=1218 A=2.013 B=0.306
[RELAY] Got status from sub, seq=1218
[TX] StatusPacket seq=1218 A=2.740 B=3.219
[RELAY] Got status from sub, seq=1218
[RX] CmdPacket target=0xFF cmd=0x0 seq=1219
[TX] Immediate reply seq=1219
[FWD] Forward to sub: cmd=0x0 seq=1219
[RELAY] Got status from sub, seq=1219
[TX] StatusPacket seq=1219 A=3.200 B=9.039
[RELAY] Got status from sub, seq=1219
[TX] StatusPacket seq=1219 A=3.281 B=17.407
[RELAY] Got status from sub, seq=1219
[RX] CmdPacket target=0xFF cmd=0x0 seq=1220
[TX] Immediate reply seq=1220
[FWD] Forward to sub: cmd=0x0 seq=1220
[RELAY] Got status from sub, seq=1220
[TX] StatusPacket seq=1220 A=2.963 B=27.801
[RELAY] Got status from sub, seq=1220
[TX] StatusPacket seq=1220 A=2.323 B=39.575
[RELAY] Got status from sub, seq=1220
[RX] CmdPacket target=0xFF cmd=0x0 seq=1221
[TX] Immediate reply seq=1221
[FWD] Forward to sub: cmd=0x0 seq=1221
[RELAY] Got status from sub, seq=1221
[TX] StatusPacket seq=1221 A=1.518 B=51.998
[RELAY] Got status from sub, seq=1221
[TX] StatusPacket seq=1221 A=0.746 B=64.296
[RELAY] Got status from sub, seq=1221
[RX] CmdPacket target=0xFF cmd=0x0 seq=1222
[TX] Immediate reply seq=1222
[FWD] Forward to sub: cmd=0x0 seq=1222
[RELAY] Got status from sub, seq=1222
[TX] StatusPacket seq=1222 A=0.193 B=75.747
[RELAY] Got status from sub, seq=1222
[TX] StatusPacket seq=1222 A=0.000 B=85.517
[RELAY] Got status from sub, seq=1222
[RX] CmdPacket target=0xFF cmd=0x0 seq=1223
[TX] Immediate reply seq=1223
[TX] StatusPacket seq=1223 A=0.211 B=93.144
[FWD] Forward to sub: cmd=0x0 seq=1223
[RELAY] Got status from sub, seq=1223
[RELAY] Got status from sub, seq=1223
[TX] StatusPacket seq=1223 A=0.771 B=98.041
[TX] StatusPacket seq=1223 A=1.548 B=99.976
[TX] StatusPacket seq=1223 A=2.350 B=98.804
[RELAY] Got status from sub, seq=1223
[TX] StatusPacket seq=1223 A=2.981 B=94.597
[RELAY] Got status from sub, seq=1223
[RX] CmdPacket target=0xFF cmd=0x0 seq=1225
[TX] Immediate reply seq=1225
[FWD] Forward to sub: cmd=0x0 seq=1225
[RELAY] Got status from sub, seq=1225
[TX] StatusPacket seq=1225 A=3.286 B=87.618
[RELAY] Got status from sub, seq=1225
[TX] StatusPacket seq=1225 A=3.190 B=78.299
[RELAY] Got status from sub, seq=1225
[RX] CmdPacket target=0xFF cmd=0x0 seq=1226
[TX] Immediate reply seq=1226
[FWD] Forward to sub: cmd=0x0 seq=1226
[RELAY] Got status from sub, seq=1226
[TX] StatusPacket seq=1226 A=2.717 B=67.221
[RELAY] Got status from sub, seq=1226
[TX] StatusPacket seq=1226 A=1.983 B=55.073
[RELAY] Got status from sub, seq=1226
[RX] CmdPacket target=0xFF cmd=0x0 seq=1227
[TX] Immediate reply seq=1227
[FWD] Forward to sub: cmd=0x0 seq=1227
[RELAY] Got status from sub, seq=1227
[TX] StatusPacket seq=1227 A=1.168 B=42.608
[RELAY] Got status from sub, seq=1227
[TX] StatusPacket seq=1227 A=0.470 B=30.604
[RELAY] Got status from sub, seq=1227
[RX] CmdPacket target=0xFF cmd=0x0 seq=1228
[TX] Immediate reply seq=1228
[FWD] Forward to sub: cmd=0x0 seq=1228
[RELAY] Got status from sub, seq=1228
[TX] StatusPacket seq=1228 A=0.062 B=19.805
[RELAY] Got status from sub, seq=1228
[TX] StatusPacket seq=1228 A=0.042 B=10.884
[RELAY] Got status from sub, seq=1228
[RX] CmdPacket target=0xFF cmd=0x0 seq=1229
[TX] Immediate reply seq=1229
[FWD] Forward to sub: cmd=0x0 seq=1229
[RELAY] Got status from sub, seq=1229
[TX] StatusPacket seq=1229 A=0.416 B=4.395
[RELAY] Got status from sub, seq=1229
[TX] StatusPacket seq=1229 A=1.092 B=0.741
[RELAY] Got status from sub, seq=1229
[RX] CmdPacket target=0xFF cmd=0x0 seq=1230
[TX] Immediate reply seq=1230
[FWD] Forward to sub: cmd=0x0 seq=1230
[RELAY] Got status from sub, seq=1230
[TX] StatusPacket seq=1230 A=1.905 B=0.150
[RELAY] Got status from sub, seq=1230
[TX] StatusPacket seq=1230 A=2.655 B=2.659
[RELAY] Got status from sub, seq=1230
[RX] CmdPacket target=0xFF cmd=0x0 seq=1231
[TX] Immediate reply seq=1231
[FWD] Forward to sub: cmd=0x0 seq=1231
[RELAY] Got status from sub, seq=1231
[TX] StatusPacket seq=1231 A=3.160 B=8.111
[RELAY] Got status from sub, seq=1231
[TX] StatusPacket seq=1231 A=3.294 B=16.167
[RELAY] Got status from sub, seq=1231
[RX] CmdPacket target=0xFF cmd=0x0 seq=1232
[TX] Immediate reply seq=1232
[FWD] Forward to sub: cmd=0x0 seq=1232
[RELAY] Got status from sub, seq=1232
[TX] StatusPacket seq=1232 A=3.026 B=26.327
[RELAY] Got status from sub, seq=1232
[TX] StatusPacket seq=1232 A=2.421 B=37.959
[RELAY] Got status from sub, seq=1232
[RX] CmdPacket target=0xFF cmd=0x0 seq=1233
[TX] Immediate reply seq=1233
[FWD] Forward to sub: cmd=0x0 seq=1233
[RELAY] Got status from sub, seq=1233
[TX] StatusPacket seq=1233 A=1.628 B=50.339
[RELAY] Got status from sub, seq=1233
[TX] StatusPacket seq=1233 A=0.839 B=62.698
[RELAY] Got status from sub, seq=1233
[RX] CmdPacket target=0xFF cmd=0x0 seq=1234
[TX] Immediate reply seq=1234
[FWD] Forward to sub: cmd=0x0 seq=1234
[RELAY] Got status from sub, seq=1234
[TX] StatusPacket seq=1234 A=0.250 B=74.268
[RELAY] Got status from sub, seq=1234
[TX] StatusPacket seq=1234 A=0.003 B=84.329
[RELAY] Got status from sub, seq=1234
[RX] CmdPacket target=0xFF cmd=0x0 seq=1235
[TX] Immediate reply seq=1235
[FWD] Forward to sub: cmd=0x0 seq=1235
[RELAY] Got status from sub, seq=1235
[TX] StatusPacket seq=1235 A=0.159 B=92.256
[RELAY] Got status from sub, seq=1235
[TX] StatusPacket seq=1235 A=0.681 B=97.555
[RELAY] Got status from sub, seq=1235
[RX] CmdPacket target=0xFF cmd=0x0 seq=1236
[TX] Immediate reply seq=1236
[FWD] Forward to sub: cmd=0x0 seq=1236
[RELAY] Got status from sub, seq=1236
[TX] StatusPacket seq=1236 A=1.439 B=99.898
[RELAY] Got status from sub, seq=1236
[TX] StatusPacket seq=1236 A=2.250 B=99.138
[RELAY] Got status from sub, seq=1236
[RX] CmdPacket target=0xFF cmd=0x0 seq=1237
[TX] Immediate reply seq=1237
[FWD] Forward to sub: cmd=0x0 seq=1237
[RELAY] Got status from sub, seq=1237
[TX] StatusPacket seq=1237 A=2.913 B=95.323
[RELAY] Got status from sub, seq=1237
[TX] StatusPacket seq=1237 A=3.267 B=88.690
[RELAY] Got status from sub, seq=1237
[RX] CmdPacket target=0xFF cmd=0x0 seq=1238
[TX] Immediate reply seq=1238
[FWD] Forward to sub: cmd=0x0 seq=1238
[RELAY] Got status from sub, seq=1238
[TX] StatusPacket seq=1238 A=3.226 B=79.651
[RELAY] Got status from sub, seq=1238
[TX] StatusPacket seq=1238 A=2.798 B=68.769
[RELAY] Got status from sub, seq=1238
[RX] CmdPacket target=0xFF cmd=0x0 seq=1239
[TX] Immediate reply seq=1239
[FWD] Forward to sub: cmd=0x0 seq=1239
[RELAY] Got status from sub, seq=1239
[TX] StatusPacket seq=1239 A=2.090 B=56.720
[RELAY] Got status from sub, seq=1239
[TX] StatusPacket seq=1239 A=1.273 B=44.253
[RELAY] Got status from sub, seq=1239
[RX] CmdPacket target=0xFF cmd=0x0 seq=1240
[TX] Immediate reply seq=1240
[FWD] Forward to sub: cmd=0x0 seq=1240
[RELAY] Got status from sub, seq=1240
[TX] StatusPacket seq=1240 A=0.549 B=32.144
[RELAY] Got status from sub, seq=1240
[TX] StatusPacket seq=1240 A=0.095 B=21.144
[RELAY] Got status from sub, seq=1240
[RX] CmdPacket target=0xFF cmd=0x0 seq=1241
[TX] Immediate reply seq=1241
[FWD] Forward to sub: cmd=0x0 seq=1241
[RELAY] Got status from sub, seq=1241
[TX] StatusPacket seq=1241 A=0.021 B=11.939
[RELAY] Got status from sub, seq=1241
[TX] StatusPacket seq=1241 A=0.346 B=5.100
[RELAY] Got status from sub, seq=1241
[RX] CmdPacket target=0xFF cmd=0x0 seq=1242
[TX] Immediate reply seq=1242
[FWD] Forward to sub: cmd=0x0 seq=1242
[RELAY] Got status from sub, seq=1242
[TX] StatusPacket seq=1242 A=0.990 B=1.053
[RELAY] Got status from sub, seq=1242
[TX] StatusPacket seq=1242 A=1.796 B=0.049
[RELAY] Got status from sub, seq=1242
[RX] CmdPacket target=0xFF cmd=0x0 seq=1243
[TX] Immediate reply seq=1243
[FWD] Forward to sub: cmd=0x0 seq=1243
[RELAY] Got status from sub, seq=1243
[TX] StatusPacket seq=1243 A=2.566 B=2.151
[RELAY] Got status from sub, seq=1243
[TX] StatusPacket seq=1243 A=3.112 B=7.228
[RELAY] Got status from sub, seq=1243
[RX] CmdPacket target=0xFF cmd=0x0 seq=1244
[TX] Immediate reply seq=1244
[FWD] Forward to sub: cmd=0x0 seq=1244
[RELAY] Got status from sub, seq=1244
[TX] StatusPacket seq=1244 A=3.300 B=14.964
[RELAY] Got status from sub, seq=1244
[TX] StatusPacket seq=1244 A=3.084 B=24.879
[RELAY] Got status from sub, seq=1244
[RX] CmdPacket target=0xFF cmd=0x0 seq=1245
[TX] Immediate reply seq=1245
[FWD] Forward to sub: cmd=0x0 seq=1245
[RELAY] Got status from sub, seq=1245
[TX] StatusPacket seq=1245 A=2.516 B=36.355
[RELAY] Got status from sub, seq=1245
[TX] StatusPacket seq=1245 A=1.737 B=48.680
[RELAY] Got status from sub, seq=1245
[RX] CmdPacket target=0xFF cmd=0x0 seq=1246
[TX] Immediate reply seq=1246
[FWD] Forward to sub: cmd=0x0 seq=1246
[RELAY] Got status from sub, seq=1246
[TX] StatusPacket seq=1246 A=0.936 B=61.087
[RELAY] Got status from sub, seq=1246
[TX] StatusPacket seq=1246 A=0.311 B=72.805
[RELAY] Got status from sub, seq=1246
[RX] CmdPacket target=0xFF cmd=0x0 seq=1247
[TX] Immediate reply seq=1247
[FWD] Forward to sub: cmd=0x0 seq=1247
[RELAY] Got status from sub, seq=1247
[TX] StatusPacket seq=1247 A=0.013 B=83.104
[RELAY] Got status from sub, seq=1247
[TX] StatusPacket seq=1247 A=0.116 B=91.346
[RELAY] Got status from sub, seq=1247
[RX] CmdPacket target=0xFF cmd=0x0 seq=1248
[TX] Immediate reply seq=1248
[FWD] Forward to sub: cmd=0x0 seq=1248
[RELAY] Got status from sub, seq=1248
[TX] StatusPacket seq=1248 A=0.594 B=97.016
[RELAY] Got status from sub, seq=1248
[TX] StatusPacket seq=1248 A=1.331 B=99.764
[RELAY] Got status from sub, seq=1248
[RX] CmdPacket target=0xFF cmd=0x0 seq=1249
[TX] Immediate reply seq=1249
[FWD] Forward to sub: cmd=0x0 seq=1249
[RELAY] Got status from sub, seq=1249
[TX] StatusPacket seq=1249 A=2.146 B=99.417
[RELAY] Got status from sub, seq=1249
[TX] StatusPacket seq=1249 A=2.840 B=95.998
[RELAY] Got status from sub, seq=1249
[RX] CmdPacket target=0xFF cmd=0x0 seq=1250
[TX] Immediate reply seq=1250
[FWD] Forward to sub: cmd=0x0 seq=1250
[RELAY] Got status from sub, seq=1250
[TX] StatusPacket seq=1250 A=3.242 B=89.719
[RELAY] Got status from sub, seq=1250
[TX] StatusPacket seq=1250 A=3.255 B=80.971
[RELAY] Got status from sub, seq=1250
[RX] CmdPacket target=0xFF cmd=0x0 seq=1251
[TX] Immediate reply seq=1251
[FWD] Forward to sub: cmd=0x0 seq=1251
[RELAY] Got status from sub, seq=1251
[TX] StatusPacket seq=1251 A=2.874 B=70.296
[RELAY] Got status from sub, seq=1251
[TX] StatusPacket seq=1251 A=2.194 B=58.360
[RELAY] Got status from sub, seq=1251
[RX] CmdPacket target=0xFF cmd=0x0 seq=1252
[TX] Immediate reply seq=1252
[FWD] Forward to sub: cmd=0x0 seq=1252
[RELAY] Got status from sub, seq=1252
[TX] StatusPacket seq=1252 A=1.377 B=45.856
[RELAY] Got status from sub, seq=1252
[TX] StatusPacket seq=1252 A=0.633 B=33.703
[RELAY] Got status from sub, seq=1252
[TX] StatusPacket seq=1252 A=0.135 B=22.515
[RX] CmdPacket target=0xFF cmd=0x0 seq=1253
[TX] Immediate reply seq=1253
[FWD] Forward to sub: cmd=0x0 seq=1253
[RELAY] Got status from sub, seq=1253
[RELAY] Got status from sub, seq=1253
[TX] StatusPacket seq=1253 A=0.007 B=13.003
[TX] StatusPacket seq=1253 A=0.282 B=5.855
[RELAY] Got status from sub, seq=1253
[RX] CmdPacket target=0xFF cmd=0x0 seq=1254
[TX] Immediate reply seq=1254
[FWD] Forward to sub: cmd=0x0 seq=1254
[RELAY] Got status from sub, seq=1254
[TX] StatusPacket seq=1254 A=0.892 B=1.419
[RELAY] Got status from sub, seq=1254
[TX] StatusPacket seq=1254 A=1.687 B=0.003
[RELAY] Got status from sub, seq=1254
[RX] CmdPacket target=0xFF cmd=0x0 seq=1255
[TX] Immediate reply seq=1255
[FWD] Forward to sub: cmd=0x0 seq=1255
[RELAY] Got status from sub, seq=1255
[TX] StatusPacket seq=1255 A=2.473 B=1.696
[RELAY] Got status from sub, seq=1255
[TX] StatusPacket seq=1255 A=3.058 B=6.392
[RELAY] Got status from sub, seq=1255
[RX] CmdPacket target=0xFF cmd=0x0 seq=1256
[TX] Immediate reply seq=1256
[FWD] Forward to sub: cmd=0x0 seq=1256
[RELAY] Got status from sub, seq=1256
[TX] StatusPacket seq=1256 A=3.298 B=13.800
[RELAY] Got status from sub, seq=1256
[TX] StatusPacket seq=1256 A=3.135 B=23.458
[RELAY] Got status from sub, seq=1256
[RX] CmdPacket target=0xFF cmd=0x0 seq=1257
[TX] Immediate reply seq=1257
[FWD] Forward to sub: cmd=0x0 seq=1257
[RELAY] Got status from sub, seq=1257
[TX] StatusPacket seq=1257 A=2.608 B=34.767
[RELAY] Got status from sub, seq=1257
[TX] StatusPacket seq=1257 A=1.846 B=47.022
[RELAY] Got status from sub, seq=1257
[RX] CmdPacket target=0xFF cmd=0x0 seq=1258
[TX] Immediate reply seq=1258
[FWD] Forward to sub: cmd=0x0 seq=1258
[RELAY] Got status from sub, seq=1258
[TX] StatusPacket seq=1258 A=1.037 B=59.463
[RELAY] Got status from sub, seq=1258
[TX] StatusPacket seq=1258 A=0.377 B=71.316
[RELAY] Got status from sub, seq=1258
[RX] CmdPacket target=0xFF cmd=0x0 seq=1259
[TX] Immediate reply seq=1259
[FWD] Forward to sub: cmd=0x0 seq=1259
[RELAY] Got status from sub, seq=1259
[TX] StatusPacket seq=1259 A=0.030 B=81.843
[RELAY] Got status from sub, seq=1259
[TX] StatusPacket seq=1259 A=0.079 B=90.390
[RELAY] Got status from sub, seq=1259
[RX] CmdPacket target=0xFF cmd=0x0 seq=1260
[TX] Immediate reply seq=1260
[FWD] Forward to sub: cmd=0x0 seq=1260
[RELAY] Got status from sub, seq=1260
[TX] StatusPacket seq=1260 A=0.512 B=96.426
[RELAY] Got status from sub, seq=1260
[TX] StatusPacket seq=1260 A=1.225 B=99.576
[RELAY] Got status from sub, seq=1260
[RX] CmdPacket target=0xFF cmd=0x0 seq=1261
[TX] Immediate reply seq=1261
[FWD] Forward to sub: cmd=0x0 seq=1261
[RELAY] Got status from sub, seq=1261
[TX] StatusPacket seq=1261 A=2.041 B=99.643
[RELAY] Got status from sub, seq=1261
[TX] StatusPacket seq=1261 A=2.762 B=96.623
[RELAY] Got status from sub, seq=1261
[RX] CmdPacket target=0xFF cmd=0x0 seq=1262
[TX] Immediate reply seq=1262
[FWD] Forward to sub: cmd=0x0 seq=1262
[RELAY] Got status from sub, seq=1262
[TX] StatusPacket seq=1262 A=3.210 B=90.705
[RELAY] Got status from sub, seq=1262
[TX] StatusPacket seq=1262 A=3.277 B=82.256
[RELAY] Got status from sub, seq=1262
[RX] CmdPacket target=0xFF cmd=0x0 seq=1263
[TX] Immediate reply seq=1263
[FWD] Forward to sub: cmd=0x0 seq=1263
[RELAY] Got status from sub, seq=1263
[TX] StatusPacket seq=1263 A=2.945 B=71.801
[RELAY] Got status from sub, seq=1263
[TX] StatusPacket seq=1263 A=2.296 B=59.991
[RELAY] Got status from sub, seq=1263
[RX] CmdPacket target=0xFF cmd=0x0 seq=1264
[TX] Immediate reply seq=1264
[FWD] Forward to sub: cmd=0x0 seq=1264
[RELAY] Got status from sub, seq=1264
[TX] StatusPacket seq=1264 A=1.489 B=47.560
[RELAY] Got status from sub, seq=1264
[TX] StatusPacket seq=1264 A=0.722 B=35.280
[RELAY] Got status from sub, seq=1264
[RX] CmdPacket target=0xFF cmd=0x0 seq=1265
[TX] Immediate reply seq=1265
[FWD] Forward to sub: cmd=0x0 seq=1265
[RELAY] Got status from sub, seq=1265
[TX] StatusPacket seq=1265 A=0.181 B=23.916
[RELAY] Got status from sub, seq=1265
[TX] StatusPacket seq=1265 A=0.001 B=14.173
[RELAY] Got status from sub, seq=1265
[RX] CmdPacket target=0xFF cmd=0x0 seq=1266
[TX] Immediate reply seq=1266
[FWD] Forward to sub: cmd=0x0 seq=1266
[RELAY] Got status from sub, seq=1266
[TX] StatusPacket seq=1266 A=0.224 B=6.658
[RELAY] Got status from sub, seq=1266
[TX] StatusPacket seq=1266 A=0.796 B=1.838
[RELAY] Got status from sub, seq=1266
[RX] CmdPacket target=0xFF cmd=0x0 seq=1267
[TX] Immediate reply seq=1267
[FWD] Forward to sub: cmd=0x0 seq=1267
[RELAY] Got status from sub, seq=1267
[TX] StatusPacket seq=1267 A=1.577 B=0.012
[RELAY] Got status from sub, seq=1267
[TX] StatusPacket seq=1267 A=2.377 B=1.294
[RELAY] Got status from sub, seq=1267
[RX] CmdPacket target=0xFF cmd=0x0 seq=1268
[TX] Immediate reply seq=1268
[FWD] Forward to sub: cmd=0x0 seq=1268
[RELAY] Got status from sub, seq=1268
[TX] StatusPacket seq=1268 A=2.998 B=5.605
[RELAY] Got status from sub, seq=1268
[TX] StatusPacket seq=1268 A=3.289 B=12.675
[RELAY] Got status from sub, seq=1268
[RX] CmdPacket target=0xFF cmd=0x0 seq=1269
[TX] Immediate reply seq=1269
[FWD] Forward to sub: cmd=0x0 seq=1269
[RELAY] Got status from sub, seq=1269
[TX] StatusPacket seq=1269 A=3.179 B=22.067
[RELAY] Got status from sub, seq=1269
[TX] StatusPacket seq=1269 A=2.695 B=33.195
[RELAY] Got status from sub, seq=1269
[RX] CmdPacket target=0xFF cmd=0x0 seq=1270
[TX] Immediate reply seq=1270
[FWD] Forward to sub: cmd=0x0 seq=1270
[RELAY] Got status from sub, seq=1270
[TX] StatusPacket seq=1270 A=1.954 B=45.368
[RELAY] Got status from sub, seq=1270
[TX] StatusPacket seq=1270 A=1.140 B=57.829
[RELAY] Got status from sub, seq=1270
[RX] CmdPacket target=0xFF cmd=0x0 seq=1271
[TX] Immediate reply seq=1271
[FWD] Forward to sub: cmd=0x0 seq=1271
[RELAY] Got status from sub, seq=1271
[TX] StatusPacket seq=1271 A=0.450 B=69.803
[RELAY] Got status from sub, seq=1271
[TX] StatusPacket seq=1271 A=0.054 B=80.546
[RELAY] Got status from sub, seq=1271
[RX] CmdPacket target=0xFF cmd=0x0 seq=1272
[TX] Immediate reply seq=1272
[FWD] Forward to sub: cmd=0x0 seq=1272
[RELAY] Got status from sub, seq=1272
[TX] StatusPacket seq=1272 A=0.049 B=89.390
[RELAY] Got status from sub, seq=1272
[TX] StatusPacket seq=1272 A=0.436 B=95.785
[RELAY] Got status from sub, seq=1272
[RX] CmdPacket target=0xFF cmd=0x0 seq=1273
[TX] Immediate reply seq=1273
[FWD] Forward to sub: cmd=0x0 seq=1273
[RELAY] Got status from sub, seq=1273
[TX] StatusPacket seq=1273 A=1.120 B=99.333
[RELAY] Got status from sub, seq=1273
[TX] StatusPacket seq=1273 A=1.934 B=99.813
[RELAY] Got status from sub, seq=1273
[RX] CmdPacket target=0xFF cmd=0x0 seq=1274
[TX] Immediate reply seq=1274
[FWD] Forward to sub: cmd=0x0 seq=1274
[RELAY] Got status from sub, seq=1274
[TX] StatusPacket seq=1274 A=2.678 B=97.197
[RELAY] Got status from sub, seq=1274
[TX] StatusPacket seq=1274 A=3.171 B=91.646
[RELAY] Got status from sub, seq=1274
[RX] CmdPacket target=0xFF cmd=0x0 seq=1275
[TX] Immediate reply seq=1275
[FWD] Forward to sub: cmd=0x0 seq=1275
[RELAY] Got status from sub, seq=1275
[TX] StatusPacket seq=1275 A=3.291 B=83.506
[RELAY] Got status from sub, seq=1275
[TX] StatusPacket seq=1275 A=3.010 B=73.282
[RELAY] Got status from sub, seq=1275
[RX] CmdPacket target=0xFF cmd=0x0 seq=1276
[TX] Immediate reply seq=1276
[FWD] Forward to sub: cmd=0x0 seq=1276
[RELAY] Got status from sub, seq=1276
[TX] StatusPacket seq=1276 A=2.395 B=61.611
[RELAY] Got status from sub, seq=1276
[TX] StatusPacket seq=1276 A=1.598 B=49.218
[RELAY] Got status from sub, seq=1276
[RX] CmdPacket target=0xFF cmd=0x0 seq=1277
[TX] Immediate reply seq=1277
[FWD] Forward to sub: cmd=0x0 seq=1277
[RELAY] Got status from sub, seq=1277
[TX] StatusPacket seq=1277 A=0.814 B=36.874
[RELAY] Got status from sub, seq=1277
[TX] StatusPacket seq=1277 A=0.234 B=25.346
[RELAY] Got status from sub, seq=1277
[RX] CmdPacket target=0xFF cmd=0x0 seq=1278
[TX] Immediate reply seq=1278
[FWD] Forward to sub: cmd=0x0 seq=1278
[RELAY] Got status from sub, seq=1278
[TX] StatusPacket seq=1278 A=0.001 B=15.350
[RELAY] Got status from sub, seq=1278
[TX] StatusPacket seq=1278 A=0.172 B=7.509
[RELAY] Got status from sub, seq=1278
[RX] CmdPacket target=0xFF cmd=0x0 seq=1279
[TX] Immediate reply seq=1279
[FWD] Forward to sub: cmd=0x0 seq=1279
[RELAY] Got status from sub, seq=1279
[TX] StatusPacket seq=1279 A=0.704 B=2.310
[RELAY] Got status from sub, seq=1279
[TX] StatusPacket seq=1279 A=1.468 B=0.076
[RELAY] Got status from sub, seq=1279
[RX] CmdPacket target=0xFF cmd=0x0 seq=1280
[TX] Immediate reply seq=1280
[FWD] Forward to sub: cmd=0x0 seq=1280
[RELAY] Got status from sub, seq=1280
[TX] StatusPacket seq=1280 A=2.277 B=0.946
[RELAY] Got status from sub, seq=1280
[TX] StatusPacket seq=1280 A=2.932 B=4.866
[RELAY] Got status from sub, seq=1280
[RX] CmdPacket target=0xFF cmd=0x0 seq=1281
[TX] Immediate reply seq=1281
[FWD] Forward to sub: cmd=0x0 seq=1281
[RELAY] Got status from sub, seq=1281
[TX] StatusPacket seq=1281 A=3.273 B=11.592
[RELAY] Got status from sub, seq=1281
[TX] StatusPacket seq=1281 A=3.217 B=20.706
[RELAY] Got status from sub, seq=1281
[RX] CmdPacket target=0xFF cmd=0x0 seq=1282
[TX] Immediate reply seq=1282
[TX] StatusPacket seq=1282 A=2.777 B=31.642
[FWD] Forward to sub: cmd=0x0 seq=1282
[RELAY] Got status from sub, seq=1282
[RELAY] Got status from sub, seq=1282
[TX] StatusPacket seq=1282 A=2.061 B=43.719
[RELAY] Got status from sub, seq=1282
[TX] StatusPacket seq=1282 A=1.245 B=56.186
[RX] CmdPacket target=0xFF cmd=0x0 seq=1283
[TX] Immediate reply seq=1283
[FWD] Forward to sub: cmd=0x0 seq=1283
[RELAY] Got status from sub, seq=1283
[TX] StatusPacket seq=1283 A=0.528 B=68.269
[TX] StatusPacket seq=1283 A=0.085 B=79.216
[RELAY] Got status from sub, seq=1283
[RX] CmdPacket target=0xFF cmd=0x0 seq=1284
[TX] Immediate reply seq=1284
[FWD] Forward to sub: cmd=0x0 seq=1284
[RELAY] Got status from sub, seq=1284
[TX] StatusPacket seq=1284 A=0.026 B=88.346
[RELAY] Got status from sub, seq=1284
[TX] StatusPacket seq=1284 A=0.364 B=95.093
[RELAY] Got status from sub, seq=1284
[RX] CmdPacket target=0xFF cmd=0x0 seq=1285
[TX] Immediate reply seq=1285
[FWD] Forward to sub: cmd=0x0 seq=1285
[RELAY] Got status from sub, seq=1285
[TX] StatusPacket seq=1285 A=1.017 B=99.035
[RELAY] Got status from sub, seq=1285
[TX] StatusPacket seq=1285 A=1.825 B=99.929
[RELAY] Got status from sub, seq=1285
[RX] CmdPacket target=0xFF cmd=0x0 seq=1286
[TX] Immediate reply seq=1286
[FWD] Forward to sub: cmd=0x0 seq=1286
[RELAY] Got status from sub, seq=1286
[TX] StatusPacket seq=1286 A=2.590 B=97.719
[RELAY] Got status from sub, seq=1286
[TX] StatusPacket seq=1286 A=3.125 B=92.541
[RELAY] Got status from sub, seq=1286
[RX] CmdPacket target=0xFF cmd=0x0 seq=1287
[TX] Immediate reply seq=1287
[FWD] Forward to sub: cmd=0x0 seq=1287
[RELAY] Got status from sub, seq=1287
[TX] StatusPacket seq=1287 A=3.299 B=84.719
[RELAY] Got status from sub, seq=1287
[TX] StatusPacket seq=1287 A=3.069 B=74.738
[RELAY] Got status from sub, seq=1287
[RX] CmdPacket target=0xFF cmd=0x0 seq=1288
[TX] Immediate reply seq=1288
[FWD] Forward to sub: cmd=0x0 seq=1288
[RELAY] Got status from sub, seq=1288
[TX] StatusPacket seq=1288 A=2.491 B=63.219
[RELAY] Got status from sub, seq=1288
[TX] StatusPacket seq=1288 A=1.708 B=50.878
[RELAY] Got status from sub, seq=1288
[RX] CmdPacket target=0xFF cmd=0x0 seq=1289
[TX] Immediate reply seq=1289
[FWD] Forward to sub: cmd=0x0 seq=1289
[RELAY] Got status from sub, seq=1289
[TX] StatusPacket seq=1289 A=0.910 B=38.482
[RELAY] Got status from sub, seq=1289
[TX] StatusPacket seq=1289 A=0.294 B=26.803
[RELAY] Got status from sub, seq=1289
[RX] CmdPacket target=0xFF cmd=0x0 seq=1290
[TX] Immediate reply seq=1290
[FWD] Forward to sub: cmd=0x0 seq=1290
[RELAY] Got status from sub, seq=1290
[TX] StatusPacket seq=1290 A=0.009 B=16.565
[RELAY] Got status from sub, seq=1290
[TX] StatusPacket seq=1290 A=0.126 B=8.407
[RELAY] Got status from sub, seq=1290
[RX] CmdPacket target=0xFF cmd=0x0 seq=1291
[TX] Immediate reply seq=1291
[FWD] Forward to sub: cmd=0x0 seq=1291
[RELAY] Got status from sub, seq=1291
[TX] StatusPacket seq=1291 A=0.617 B=2.835
[RELAY] Got status from sub, seq=1291
[TX] StatusPacket seq=1291 A=1.360 B=0.195
[RELAY] Got status from sub, seq=1291
[RX] CmdPacket target=0xFF cmd=0x0 seq=1292
[TX] Immediate reply seq=1292
[FWD] Forward to sub: cmd=0x0 seq=1292
[RELAY] Got status from sub, seq=1292
[TX] StatusPacket seq=1292 A=2.174 B=0.652
[RELAY] Got status from sub, seq=1292
[TX] StatusPacket seq=1292 A=2.860 B=4.177
[RELAY] Got status from sub, seq=1292
[RX] CmdPacket target=0xFF cmd=0x0 seq=1293
[TX] Immediate reply seq=1293
[FWD] Forward to sub: cmd=0x0 seq=1293
[RELAY] Got status from sub, seq=1293
[TX] StatusPacket seq=1293 A=3.250 B=10.551
[RELAY] Got status from sub, seq=1293
[TX] StatusPacket seq=1293 A=3.248 B=19.378
[RELAY] Got status from sub, seq=1293
[RX] CmdPacket target=0xFF cmd=0x0 seq=1294
[TX] Immediate reply seq=1294
[FWD] Forward to sub: cmd=0x0 seq=1294
[RELAY] Got status from sub, seq=1294
[TX] StatusPacket seq=1294 A=2.854 B=30.109
[RELAY] Got status from sub, seq=1294
[TX] StatusPacket seq=1294 A=2.166 B=42.076
[RELAY] Got status from sub, seq=1294
[RX] CmdPacket target=0xFF cmd=0x0 seq=1295
[TX] Immediate reply seq=1295
[FWD] Forward to sub: cmd=0x0 seq=1295
[RELAY] Got status from sub, seq=1295
[TX] StatusPacket seq=1295 A=1.352 B=54.537
[RELAY] Got status from sub, seq=1295
[TX] StatusPacket seq=1295 A=0.610 B=66.715
[RELAY] Got status from sub, seq=1295
[RX] CmdPacket target=0xFF cmd=0x0 seq=1296
[TX] Immediate reply seq=1296
[FWD] Forward to sub: cmd=0x0 seq=1296
[RELAY] Got status from sub, seq=1296
[TX] StatusPacket seq=1296 A=0.123 B=77.854
[RELAY] Got status from sub, seq=1296
[TX] StatusPacket seq=1296 A=0.010 B=87.261
[RELAY] Got status from sub, seq=1296
[RX] CmdPacket target=0xFF cmd=0x0 seq=1297
[TX] Immediate reply seq=1297
[FWD] Forward to sub: cmd=0x0 seq=1297
[RELAY] Got status from sub, seq=1297
[TX] StatusPacket seq=1297 A=0.298 B=94.351
[RELAY] Got status from sub, seq=1297
[TX] StatusPacket seq=1297 A=0.918 B=98.684
[RELAY] Got status from sub, seq=1297
[RX] CmdPacket target=0xFF cmd=0x0 seq=1298
[TX] Immediate reply seq=1298
[FWD] Forward to sub: cmd=0x0 seq=1298
[RELAY] Got status from sub, seq=1298
[TX] StatusPacket seq=1298 A=1.716 B=99.990
[RELAY] Got status from sub, seq=1298
[TX] StatusPacket seq=1298 A=2.498 B=98.188
[RELAY] Got status from sub, seq=1298
[RX] CmdPacket target=0xFF cmd=0x0 seq=1299
[TX] Immediate reply seq=1299
[FWD] Forward to sub: cmd=0x0 seq=1299
[RELAY] Got status from sub, seq=1299
[TX] StatusPacket seq=1299 A=3.073 B=93.389
[RELAY] Got status from sub, seq=1299
[TX] StatusPacket seq=1299 A=3.299 B=85.893
[RELAY] Got status from sub, seq=1299
[RX] CmdPacket target=0xFF cmd=0x0 seq=1300
[TX] Immediate reply seq=1300
[FWD] Forward to sub: cmd=0x0 seq=1300
[RELAY] Got status from sub, seq=1300
[TX] StatusPacket seq=1300 A=3.122 B=76.166
[RELAY] Got status from sub, seq=1300
[TX] StatusPacket seq=1300 A=2.584 B=64.811
[RELAY] Got status from sub, seq=1300
[RX] CmdPacket target=0xFF cmd=0x0 seq=1301
[TX] Immediate reply seq=1301
[FWD] Forward to sub: cmd=0x0 seq=1301
[RELAY] Got status from sub, seq=1301
[TX] StatusPacket seq=1301 A=1.817 B=52.536
[RELAY] Got status from sub, seq=1301
[TX] StatusPacket seq=1301 A=1.010 B=40.103
[RELAY] Got status from sub, seq=1301
[RX] CmdPacket target=0xFF cmd=0x0 seq=1302
[TX] Immediate reply seq=1302
[FWD] Forward to sub: cmd=0x0 seq=1302
[RELAY] Got status from sub, seq=1302
[TX] StatusPacket seq=1302 A=0.359 B=28.285
[RELAY] Got status from sub, seq=1302
[TX] StatusPacket seq=1302 A=0.024 B=17.817
[RELAY] Got status from sub, seq=1302
[RX] CmdPacket target=0xFF cmd=0x0 seq=1303
[TX] Immediate reply seq=1303
[FWD] Forward to sub: cmd=0x0 seq=1303
[RELAY] Got status from sub, seq=1303
[TX] StatusPacket seq=1303 A=0.088 B=9.351
[RELAY] Got status from sub, seq=1303
[TX] StatusPacket seq=1303 A=0.534 B=3.411
[RELAY] Got status from sub, seq=1303
[RX] CmdPacket target=0xFF cmd=0x0 seq=1304
[TX] Immediate reply seq=1304
[FWD] Forward to sub: cmd=0x0 seq=1304
[RELAY] Got status from sub, seq=1304
[TX] StatusPacket seq=1304 A=1.253 B=0.369
[RELAY] Got status from sub, seq=1304
[TX] StatusPacket seq=1304 A=2.069 B=0.412
[RELAY] Got status from sub, seq=1304
[RX] CmdPacket target=0xFF cmd=0x0 seq=1305
[TX] Immediate reply seq=1305
[FWD] Forward to sub: cmd=0x0 seq=1305
[RELAY] Got status from sub, seq=1305
[TX] StatusPacket seq=1305 A=2.783 B=3.538
[RELAY] Got status from sub, seq=1305
[TX] StatusPacket seq=1305 A=3.219 B=9.554
[RELAY] Got status from sub, seq=1305
[RX] CmdPacket target=0xFF cmd=0x0 seq=1306
[TX] Immediate reply seq=1306
[FWD] Forward to sub: cmd=0x0 seq=1306
[RELAY] Got status from sub, seq=1306
[TX] StatusPacket seq=1306 A=3.271 B=18.083
[RELAY] Got status from sub, seq=1306
[TX] StatusPacket seq=1306 A=2.927 B=28.598
[RELAY] Got status from sub, seq=1306
[RX] CmdPacket target=0xFF cmd=0x0 seq=1307
[TX] Immediate reply seq=1307
[FWD] Forward to sub: cmd=0x0 seq=1307
[RELAY] Got status from sub, seq=1307
[TX] StatusPacket seq=1307 A=2.269 B=40.443
[RELAY] Got status from sub, seq=1307
[TX] StatusPacket seq=1307 A=1.460 B=52.882
[RELAY] Got status from sub, seq=1307
[RX] CmdPacket target=0xFF cmd=0x0 seq=1308
[TX] Immediate reply seq=1308
[FWD] Forward to sub: cmd=0x0 seq=1308
[RELAY] Got status from sub, seq=1308
[TX] StatusPacket seq=1308 A=0.698 B=65.142
[RELAY] Got status from sub, seq=1308
[TX] StatusPacket seq=1308 A=0.168 B=76.461
[RELAY] Got status from sub, seq=1308
[RX] CmdPacket target=0xFF cmd=0x0 seq=1309
[TX] Immediate reply seq=1309
[FWD] Forward to sub: cmd=0x0 seq=1309
[RELAY] Got status from sub, seq=1309
[TX] StatusPacket seq=1309 A=0.002 B=86.134
[RELAY] Got status from sub, seq=1309
[TX] StatusPacket seq=1309 A=0.239 B=93.561
[RELAY] Got status from sub, seq=1309
[RX] CmdPacket target=0xFF cmd=0x0 seq=1310
[TX] Immediate reply seq=1310
[FWD] Forward to sub: cmd=0x0 seq=1310
[RELAY] Got status from sub, seq=1310
[TX] StatusPacket seq=1310 A=0.821 B=98.279
[RELAY] Got status from sub, seq=1310
[TX] StatusPacket seq=1310 A=1.607 B=99.996
[RELAY] Got status from sub, seq=1310
[RX] CmdPacket target=0xFF cmd=0x0 seq=1311
[TX] Immediate reply seq=1311
[FWD] Forward to sub: cmd=0x0 seq=1311
[RELAY] Got status from sub, seq=1311
[TX] StatusPacket seq=1311 A=2.403 B=98.604
[RELAY] Got status from sub, seq=1311
[TX] StatusPacket seq=1311 A=3.015 B=94.190
[RELAY] Got status from sub, seq=1311
[RX] CmdPacket target=0xFF cmd=0x0 seq=1312
[TX] Immediate reply seq=1312
[TX] StatusPacket seq=1312 A=3.292 B=87.029
[FWD] Forward to sub: cmd=0x0 seq=1312
[RELAY] Got status from sub, seq=1312
[RELAY] Got status from sub, seq=1312
[TX] StatusPacket seq=1312 A=3.168 B=77.565
[RELAY] Got status from sub, seq=1312
[TX] StatusPacket seq=1312 A=2.672 B=66.388
[RX] CmdPacket target=0xFF cmd=0x0 seq=1313
[TX] Immediate reply seq=1313
[FWD] Forward to sub: cmd=0x0 seq=1313
[RELAY] Got status from sub, seq=1313
[TX] StatusPacket seq=1313 A=1.926 B=54.191
[TX] StatusPacket seq=1313 A=1.112 B=41.734
[RELAY] Got status from sub, seq=1313
[RX] CmdPacket target=0xFF cmd=0x0 seq=1314
[TX] Immediate reply seq=1314
[FWD] Forward to sub: cmd=0x0 seq=1314
[RELAY] Got status from sub, seq=1314
[TX] StatusPacket seq=1314 A=0.430 B=29.791
[RELAY] Got status from sub, seq=1314
[TX] StatusPacket seq=1314 A=0.047 B=19.105
[RELAY] Got status from sub, seq=1314
[RX] CmdPacket target=0xFF cmd=0x0 seq=1315
[TX] Immediate reply seq=1315
[FWD] Forward to sub: cmd=0x0 seq=1315
[RELAY] Got status from sub, seq=1315
[TX] StatusPacket seq=1315 A=0.056 B=10.339
[RELAY] Got status from sub, seq=1315
[TX] StatusPacket seq=1315 A=0.456 B=4.039
[RELAY] Got status from sub, seq=1315
[RX] CmdPacket target=0xFF cmd=0x0 seq=1316
[TX] Immediate reply seq=1316
[FWD] Forward to sub: cmd=0x0 seq=1316
[RELAY] Got status from sub, seq=1316
[TX] StatusPacket seq=1316 A=1.148 B=0.597
[RELAY] Got status from sub, seq=1316
[TX] StatusPacket seq=1316 A=1.963 B=0.227
[RELAY] Got status from sub, seq=1316
[RX] CmdPacket target=0xFF cmd=0x0 seq=1317
[TX] Immediate reply seq=1317
[FWD] Forward to sub: cmd=0x0 seq=1317
[RELAY] Got status from sub, seq=1317
[TX] StatusPacket seq=1317 A=2.701 B=2.951
[RELAY] Got status from sub, seq=1317
[TX] StatusPacket seq=1317 A=3.182 B=8.600
[RELAY] Got status from sub, seq=1317
[RX] CmdPacket target=0xFF cmd=0x0 seq=1318
[TX] Immediate reply seq=1318
[FWD] Forward to sub: cmd=0x0 seq=1318
[RELAY] Got status from sub, seq=1318
[TX] StatusPacket seq=1318 A=3.288 B=16.824
[RELAY] Got status from sub, seq=1318
[TX] StatusPacket seq=1318 A=2.993 B=27.110
[RELAY] Got status from sub, seq=1318
[RX] CmdPacket target=0xFF cmd=0x0 seq=1319
[TX] Immediate reply seq=1319
[FWD] Forward to sub: cmd=0x0 seq=1319
[RELAY] Got status from sub, seq=1319
[TX] StatusPacket seq=1319 A=2.369 B=38.820
[RELAY] Got status from sub, seq=1319
[TX] StatusPacket seq=1319 A=1.569 B=51.224
[RELAY] Got status from sub, seq=1319
[RX] CmdPacket target=0xFF cmd=0x0 seq=1320
[TX] Immediate reply seq=1320
[FWD] Forward to sub: cmd=0x0 seq=1320
[RELAY] Got status from sub, seq=1320
[TX] StatusPacket seq=1320 A=0.789 B=63.553
[RELAY] Got status from sub, seq=1320
[TX] StatusPacket seq=1320 A=0.220 B=75.038
[RELAY] Got status from sub, seq=1320
[RX] CmdPacket target=0xFF cmd=0x0 seq=1321
[TX] Immediate reply seq=1321
[FWD] Forward to sub: cmd=0x0 seq=1321
[RELAY] Got status from sub, seq=1321
[TX] StatusPacket seq=1321 A=0.000 B=84.967
[RELAY] Got status from sub, seq=1321
[TX] StatusPacket seq=1321 A=0.185 B=92.722
[RELAY] Got status from sub, seq=1321
[RX] CmdPacket target=0xFF cmd=0x0 seq=1322
[TX] Immediate reply seq=1322
[FWD] Forward to sub: cmd=0x0 seq=1322
[RELAY] Got status from sub, seq=1322
[TX] StatusPacket seq=1322 A=0.728 B=97.821
[RELAY] Got status from sub, seq=1322
[TX] StatusPacket seq=1322 A=1.497 B=99.946
[RELAY] Got status from sub, seq=1322
[RX] CmdPacket target=0xFF cmd=0x0 seq=1323
[TX] Immediate reply seq=1323
[FWD] Forward to sub: cmd=0x0 seq=1323
[RELAY] Got status from sub, seq=1323
[TX] StatusPacket seq=1323 A=2.304 B=98.966
[RELAY] Got status from sub, seq=1323
[TX] StatusPacket seq=1323 A=2.950 B=94.942
[RELAY] Got status from sub, seq=1323
[RX] CmdPacket target=0xFF cmd=0x0 seq=1324
[TX] Immediate reply seq=1324
[FWD] Forward to sub: cmd=0x0 seq=1324
[RELAY] Got status from sub, seq=1324
[TX] StatusPacket seq=1324 A=3.278 B=88.123
[RELAY] Got status from sub, seq=1324
[TX] StatusPacket seq=1324 A=3.207 B=78.934
[RELAY] Got status from sub, seq=1324
[RX] CmdPacket target=0xFF cmd=0x0 seq=1325
[TX] Immediate reply seq=1325
[FWD] Forward to sub: cmd=0x0 seq=1325
[RELAY] Got status from sub, seq=1325
[TX] StatusPacket seq=1325 A=2.756 B=67.946
[RELAY] Got status from sub, seq=1325
[TX] StatusPacket seq=1325 A=2.033 B=55.842
[RELAY] Got status from sub, seq=1325
[RX] CmdPacket target=0xFF cmd=0x0 seq=1326
[TX] Immediate reply seq=1326
[FWD] Forward to sub: cmd=0x0 seq=1326
[RELAY] Got status from sub, seq=1326
[TX] StatusPacket seq=1326 A=1.217 B=43.375
[RELAY] Got status from sub, seq=1326
[TX] StatusPacket seq=1326 A=0.506 B=31.320
[RELAY] Got status from sub, seq=1326
[RX] CmdPacket target=0xFF cmd=0x0 seq=1327
[TX] Immediate reply seq=1327
[FWD] Forward to sub: cmd=0x0 seq=1327
[RELAY] Got status from sub, seq=1327
[TX] StatusPacket seq=1327 A=0.076 B=20.426
[RELAY] Got status from sub, seq=1327
[TX] StatusPacket seq=1327 A=0.031 B=11.371
[RELAY] Got status from sub, seq=1327
[RX] CmdPacket target=0xFF cmd=0x0 seq=1328
[TX] Immediate reply seq=1328
[FWD] Forward to sub: cmd=0x0 seq=1328
[RELAY] Got status from sub, seq=1328
[TX] StatusPacket seq=1328 A=0.383 B=4.718
[RELAY] Got status from sub, seq=1328
[TX] StatusPacket seq=1328 A=1.044 B=0.880
[RELAY] Got status from sub, seq=1328
[RX] CmdPacket target=0xFF cmd=0x0 seq=1329
[TX] Immediate reply seq=1329
[FWD] Forward to sub: cmd=0x0 seq=1329
[RELAY] Got status from sub, seq=1329
[TX] StatusPacket seq=1329 A=1.854 B=0.096
[RELAY] Got status from sub, seq=1329
[TX] StatusPacket seq=1329 A=2.614 B=2.415
[RELAY] Got status from sub, seq=1329
[RX] CmdPacket target=0xFF cmd=0x0 seq=1330
[TX] Immediate reply seq=1330
[FWD] Forward to sub: cmd=0x0 seq=1330
[RELAY] Got status from sub, seq=1330
[TX] StatusPacket seq=1330 A=3.138 B=7.693
[RELAY] Got status from sub, seq=1330
[TX] StatusPacket seq=1330 A=3.298 B=15.601
[RELAY] Got status from sub, seq=1330
[RX] CmdPacket target=0xFF cmd=0x0 seq=1331
[TX] Immediate reply seq=1331
[FWD] Forward to sub: cmd=0x0 seq=1331
[RELAY] Got status from sub, seq=1331
[TX] StatusPacket seq=1331 A=3.054 B=25.648
[RELAY] Got status from sub, seq=1331
[TX] StatusPacket seq=1331 A=2.466 B=37.209
[RELAY] Got status from sub, seq=1331
[RX] CmdPacket target=0xFF cmd=0x0 seq=1332
[TX] Immediate reply seq=1332
[FWD] Forward to sub: cmd=0x0 seq=1332
[RELAY] Got status from sub, seq=1332
[TX] StatusPacket seq=1332 A=1.679 B=49.565
[RELAY] Got status from sub, seq=1332
[TX] StatusPacket seq=1332 A=0.884 B=61.948
[RELAY] Got status from sub, seq=1332
[RX] CmdPacket target=0xFF cmd=0x0 seq=1333
[TX] Immediate reply seq=1333
[FWD] Forward to sub: cmd=0x0 seq=1333
[RELAY] Got status from sub, seq=1333
[TX] StatusPacket seq=1333 A=0.277 B=73.589
[RELAY] Got status from sub, seq=1333
[TX] StatusPacket seq=1333 A=0.006 B=83.762
[RELAY] Got status from sub, seq=1333
[RX] CmdPacket target=0xFF cmd=0x0 seq=1334
[TX] Immediate reply seq=1334
[FWD] Forward to sub: cmd=0x0 seq=1334
[RELAY] Got status from sub, seq=1334
[TX] StatusPacket seq=1334 A=0.138 B=91.837
[RELAY] Got status from sub, seq=1334
[TX] StatusPacket seq=1334 A=0.640 B=97.310
[RELAY] Got status from sub, seq=1334
[RX] CmdPacket target=0xFF cmd=0x0 seq=1335
[TX] Immediate reply seq=1335
[FWD] Forward to sub: cmd=0x0 seq=1335
[RELAY] Got status from sub, seq=1335
[TX] StatusPacket seq=1335 A=1.389 B=99.842
[RELAY] Got status from sub, seq=1335
[TX] StatusPacket seq=1335 A=2.202 B=99.275
[RELAY] Got status from sub, seq=1335
[RX] CmdPacket target=0xFF cmd=0x0 seq=1336
[TX] Immediate reply seq=1336
[FWD] Forward to sub: cmd=0x0 seq=1336
[RELAY] Got status from sub, seq=1336
[TX] StatusPacket seq=1336 A=2.880 B=95.644
[RELAY] Got status from sub, seq=1336
[TX] StatusPacket seq=1336 A=3.257 B=89.175
[RELAY] Got status from sub, seq=1336
[RX] CmdPacket target=0xFF cmd=0x0 seq=1337
[TX] Immediate reply seq=1337
[FWD] Forward to sub: cmd=0x0 seq=1337
[RELAY] Got status from sub, seq=1337
[TX] StatusPacket seq=1337 A=3.240 B=80.271
[RELAY] Got status from sub, seq=1337
[TX] StatusPacket seq=1337 A=2.834 B=69.484
[RELAY] Got status from sub, seq=1337
[RX] CmdPacket target=0xFF cmd=0x0 seq=1338
[TX] Immediate reply seq=1338
[FWD] Forward to sub: cmd=0x0 seq=1338
[RELAY] Got status from sub, seq=1338
[TX] StatusPacket seq=1338 A=2.139 B=57.486
[RELAY] Got status from sub, seq=1338
[TX] StatusPacket seq=1338 A=1.323 B=45.023
[RELAY] Got status from sub, seq=1338
[RX] CmdPacket target=0xFF cmd=0x0 seq=1339
[TX] Immediate reply seq=1339
[FWD] Forward to sub: cmd=0x0 seq=1339
[RELAY] Got status from sub, seq=1339
[TX] StatusPacket seq=1339 A=0.588 B=32.869
[RELAY] Got status from sub, seq=1339
[TX] StatusPacket seq=1339 A=0.112 B=21.780
[RELAY] Got status from sub, seq=1339
[RX] CmdPacket target=0xFF cmd=0x0 seq=1340
[TX] Immediate reply seq=1340
[FWD] Forward to sub: cmd=0x0 seq=1340
[RELAY] Got status from sub, seq=1340
[TX] StatusPacket seq=1340 A=0.014 B=12.446
[RELAY] Got status from sub, seq=1340
[TX] StatusPacket seq=1340 A=0.315 B=5.446
[RELAY] Got status from sub, seq=1340
[RX] CmdPacket target=0xFF cmd=0x0 seq=1341
[TX] Immediate reply seq=1341
[FWD] Forward to sub: cmd=0x0 seq=1341
[RELAY] Got status from sub, seq=1341
[TX] StatusPacket seq=1341 A=0.947 B=1.206
[RELAY] Got status from sub, seq=1341
[TX] StatusPacket seq=1341 A=1.745 B=0.021
[RELAY] Got status from sub, seq=1341
[TX] StatusPacket seq=1341 A=2.523 B=1.932
[RX] CmdPacket target=0xFF cmd=0x0 seq=1342
[TX] Immediate reply seq=1342
[FWD] Forward to sub: cmd=0x0 seq=1342
[RELAY] Got status from sub, seq=1342
[RELAY] Got status from sub, seq=1342
[TX] StatusPacket seq=1342 A=3.089 B=6.857
[TX] StatusPacket seq=1342 A=3.300 B=14.416
[RELAY] Got status from sub, seq=1342
[RX] CmdPacket target=0xFF cmd=0x0 seq=1343
[TX] Immediate reply seq=1343
[FWD] Forward to sub: cmd=0x0 seq=1343
[RELAY] Got status from sub, seq=1343
[TX] StatusPacket seq=1343 A=3.108 B=24.212
[RELAY] Got status from sub, seq=1343
[TX] StatusPacket seq=1343 A=2.559 B=35.612
[RELAY] Got status from sub, seq=1343
[RX] CmdPacket target=0xFF cmd=0x0 seq=1344
[TX] Immediate reply seq=1344
[FWD] Forward to sub: cmd=0x0 seq=1344
[RELAY] Got status from sub, seq=1344
[TX] StatusPacket seq=1344 A=1.788 B=47.906
[RELAY] Got status from sub, seq=1344
[TX] StatusPacket seq=1344 A=0.983 B=60.331
[RELAY] Got status from sub, seq=1344
[RX] CmdPacket target=0xFF cmd=0x0 seq=1345
[TX] Immediate reply seq=1345
[FWD] Forward to sub: cmd=0x0 seq=1345
[RELAY] Got status from sub, seq=1345
[TX] StatusPacket seq=1345 A=0.341 B=72.113
[RELAY] Got status from sub, seq=1345
[TX] StatusPacket seq=1345 A=0.020 B=82.520
[RELAY] Got status from sub, seq=1345
[RX] CmdPacket target=0xFF cmd=0x0 seq=1346
[TX] Immediate reply seq=1346
[FWD] Forward to sub: cmd=0x0 seq=1346
[RELAY] Got status from sub, seq=1346
[TX] StatusPacket seq=1346 A=0.097 B=90.905
[RELAY] Got status from sub, seq=1346
[TX] StatusPacket seq=1346 A=0.555 B=96.747
[RELAY] Got status from sub, seq=1346
[RX] CmdPacket target=0xFF cmd=0x0 seq=1347
[TX] Immediate reply seq=1347
[FWD] Forward to sub: cmd=0x0 seq=1347
[RELAY] Got status from sub, seq=1347
[TX] StatusPacket seq=1347 A=1.281 B=99.683
[RELAY] Got status from sub, seq=1347
[TX] StatusPacket seq=1347 A=2.097 B=99.529
[RELAY] Got status from sub, seq=1347
[RX] CmdPacket target=0xFF cmd=0x0 seq=1348
[TX] Immediate reply seq=1348
[FWD] Forward to sub: cmd=0x0 seq=1348
[RELAY] Got status from sub, seq=1348
[TX] StatusPacket seq=1348 A=2.804 B=96.296
[RELAY] Got status from sub, seq=1348
[TX] StatusPacket seq=1348 A=3.228 B=90.185
[RELAY] Got status from sub, seq=1348
[RX] CmdPacket target=0xFF cmd=0x0 seq=1349
[TX] Immediate reply seq=1349
[FWD] Forward to sub: cmd=0x0 seq=1349
[RELAY] Got status from sub, seq=1349
[TX] StatusPacket seq=1349 A=3.266 B=81.575
[RELAY] Got status from sub, seq=1349
[TX] StatusPacket seq=1349 A=2.908 B=71.001
[RELAY] Got status from sub, seq=1349
[RX] CmdPacket target=0xFF cmd=0x0 seq=1350
[TX] Immediate reply seq=1350
[FWD] Forward to sub: cmd=0x0 seq=1350
[RELAY] Got status from sub, seq=1350
[TX] StatusPacket seq=1350 A=2.242 B=59.123
[RELAY] Got status from sub, seq=1350
[TX] StatusPacket seq=1350 A=1.431 B=46.676
[RELAY] Got status from sub, seq=1350
[RX] CmdPacket target=0xFF cmd=0x0 seq=1351
[TX] Immediate reply seq=1351
[FWD] Forward to sub: cmd=0x0 seq=1351
[RELAY] Got status from sub, seq=1351
[TX] StatusPacket seq=1351 A=0.674 B=34.437
[RELAY] Got status from sub, seq=1351
[TX] StatusPacket seq=1351 A=0.156 B=23.165
[RELAY] Got status from sub, seq=1351
[RX] CmdPacket target=0xFF cmd=0x0 seq=1352
[TX] Immediate reply seq=1352
[FWD] Forward to sub: cmd=0x0 seq=1352
[RELAY] Got status from sub, seq=1352
[TX] StatusPacket seq=1352 A=0.003 B=13.562
[RELAY] Got status from sub, seq=1352
[TX] StatusPacket seq=1352 A=0.254 B=6.224
[RELAY] Got status from sub, seq=1352
[RX] CmdPacket target=0xFF cmd=0x0 seq=1353
[TX] Immediate reply seq=1353
[FWD] Forward to sub: cmd=0x0 seq=1353
[RELAY] Got status from sub, seq=1353
[TX] StatusPacket seq=1353 A=0.847 B=1.608
[RELAY] Got status from sub, seq=1353
[TX] StatusPacket seq=1353 A=1.636 B=0.000
[RELAY] Got status from sub, seq=1353
[RX] CmdPacket target=0xFF cmd=0x0 seq=1354
[TX] Immediate reply seq=1354
[FWD] Forward to sub: cmd=0x0 seq=1354
[RELAY] Got status from sub, seq=1354
[TX] StatusPacket seq=1354 A=2.429 B=1.502
[RELAY] Got status from sub, seq=1354
[TX] StatusPacket seq=1354 A=3.031 B=6.019
[RELAY] Got status from sub, seq=1354
[RX] CmdPacket target=0xFF cmd=0x0 seq=1355
[TX] Immediate reply seq=1355
[FWD] Forward to sub: cmd=0x0 seq=1355
[RELAY] Got status from sub, seq=1355
[TX] StatusPacket seq=1355 A=3.295 B=13.270
[RELAY] Got status from sub, seq=1355
[TX] StatusPacket seq=1355 A=3.156 B=22.805
[RELAY] Got status from sub, seq=1355
[RX] CmdPacket target=0xFF cmd=0x0 seq=1356
[TX] Immediate reply seq=1356
[FWD] Forward to sub: cmd=0x0 seq=1356
[RELAY] Got status from sub, seq=1356
[TX] StatusPacket seq=1356 A=2.649 B=34.031
[RELAY] Got status from sub, seq=1356
[TX] StatusPacket seq=1356 A=1.897 B=46.250
[RELAY] Got status from sub, seq=1356
[RX] CmdPacket target=0xFF cmd=0x0 seq=1357
[TX] Immediate reply seq=1357
[FWD] Forward to sub: cmd=0x0 seq=1357
[RELAY] Got status from sub, seq=1357
[TX] StatusPacket seq=1357 A=1.084 B=58.702
[RELAY] Got status from sub, seq=1357
[TX] StatusPacket seq=1357 A=0.411 B=70.613
[RELAY] Got status from sub, seq=1357
[RX] CmdPacket target=0xFF cmd=0x0 seq=1358
[TX] Immediate reply seq=1358
[FWD] Forward to sub: cmd=0x0 seq=1358
[RELAY] Got status from sub, seq=1358
[TX] StatusPacket seq=1358 A=0.040 B=81.242
[RELAY] Got status from sub, seq=1358
[TX] StatusPacket seq=1358 A=0.064 B=89.929
[RELAY] Got status from sub, seq=1358
[RX] CmdPacket target=0xFF cmd=0x0 seq=1359
[TX] Immediate reply seq=1359
[FWD] Forward to sub: cmd=0x0 seq=1359
[RELAY] Got status from sub, seq=1359
[TX] StatusPacket seq=1359 A=0.476 B=96.133
[RELAY] Got status from sub, seq=1359
[TX] StatusPacket seq=1359 A=1.175 B=99.469
[RELAY] Got status from sub, seq=1359
[RX] CmdPacket target=0xFF cmd=0x0 seq=1360
[TX] Immediate reply seq=1360
[FWD] Forward to sub: cmd=0x0 seq=1360
[RELAY] Got status from sub, seq=1360
[TX] StatusPacket seq=1360 A=1.991 B=99.729
[RELAY] Got status from sub, seq=1360
[TX] StatusPacket seq=1360 A=2.723 B=96.897
[RELAY] Got status from sub, seq=1360
[RX] CmdPacket target=0xFF cmd=0x0 seq=1361
[TX] Immediate reply seq=1361
[FWD] Forward to sub: cmd=0x0 seq=1361
[RELAY] Got status from sub, seq=1361
[TX] StatusPacket seq=1361 A=3.193 B=91.150
[RELAY] Got status from sub, seq=1361
[TX] StatusPacket seq=1361 A=3.284 B=82.844
[RELAY] Got status from sub, seq=1361
[RX] CmdPacket target=0xFF cmd=0x0 seq=1362
[TX] Immediate reply seq=1362
[FWD] Forward to sub: cmd=0x0 seq=1362
[RELAY] Got status from sub, seq=1362
[TX] StatusPacket seq=1362 A=2.976 B=72.495
[RELAY] Got status from sub, seq=1362
[TX] StatusPacket seq=1362 A=2.343 B=60.749
[RELAY] Got status from sub, seq=1362
[RX] CmdPacket target=0xFF cmd=0x0 seq=1363
[TX] Immediate reply seq=1363
[FWD] Forward to sub: cmd=0x0 seq=1363
[RELAY] Got status from sub, seq=1363
[TX] StatusPacket seq=1363 A=1.540 B=48.333
[RELAY] Got status from sub, seq=1363
[TX] StatusPacket seq=1363 A=0.764 B=36.022
[RELAY] Got status from sub, seq=1363
[RX] CmdPacket target=0xFF cmd=0x0 seq=1364
[TX] Immediate reply seq=1364
[FWD] Forward to sub: cmd=0x0 seq=1364
[RELAY] Got status from sub, seq=1364
[TX] StatusPacket seq=1364 A=0.205 B=24.580
[RELAY] Got status from sub, seq=1364
[TX] StatusPacket seq=1364 A=0.000 B=14.718
[RELAY] Got status from sub, seq=1364
[RX] CmdPacket target=0xFF cmd=0x0 seq=1365
[TX] Immediate reply seq=1365
[FWD] Forward to sub: cmd=0x0 seq=1365
[RELAY] Got status from sub, seq=1365
[TX] StatusPacket seq=1365 A=0.199 B=7.049
[RELAY] Got status from sub, seq=1365
[TX] StatusPacket seq=1365 A=0.753 B=2.052
[RELAY] Got status from sub, seq=1365
[RX] CmdPacket target=0xFF cmd=0x0 seq=1366
[TX] Immediate reply seq=1366
[FWD] Forward to sub: cmd=0x0 seq=1366
[RELAY] Got status from sub, seq=1366
[TX] StatusPacket seq=1366 A=1.526 B=0.035
[RELAY] Got status from sub, seq=1366
[TX] StatusPacket seq=1366 A=2.330 B=1.125
[RELAY] Got status from sub, seq=1366
[RX] CmdPacket target=0xFF cmd=0x0 seq=1367
[TX] Immediate reply seq=1367
[FWD] Forward to sub: cmd=0x0 seq=1367
[RELAY] Got status from sub, seq=1367
[TX] StatusPacket seq=1367 A=2.968 B=5.254
[RELAY] Got status from sub, seq=1367
[TX] StatusPacket seq=1367 A=3.283 B=12.165
[RELAY] Got status from sub, seq=1367
[RX] CmdPacket target=0xFF cmd=0x0 seq=1368
[TX] Immediate reply seq=1368
[FWD] Forward to sub: cmd=0x0 seq=1368
[RELAY] Got status from sub, seq=1368
[TX] StatusPacket seq=1368 A=3.198 B=21.428
[RELAY] Got status from sub, seq=1368
[TX] StatusPacket seq=1368 A=2.734 B=32.468
[RELAY] Got status from sub, seq=1368
[RX] CmdPacket target=0xFF cmd=0x0 seq=1369
[TX] Immediate reply seq=1369
[FWD] Forward to sub: cmd=0x0 seq=1369
[RELAY] Got status from sub, seq=1369
[TX] StatusPacket seq=1369 A=2.004 B=44.598
[RELAY] Got status from sub, seq=1369
[TX] StatusPacket seq=1369 A=1.188 B=57.063
[RELAY] Got status from sub, seq=1369
[RX] CmdPacket target=0xFF cmd=0x0 seq=1370
[TX] Immediate reply seq=1370
[TX] StatusPacket seq=1370 A=0.486 B=69.090
[FWD] Forward to sub: cmd=0x0 seq=1370
[RELAY] Got status from sub, seq=1370
[RELAY] Got status from sub, seq=1370
[TX] StatusPacket seq=1370 A=0.068 B=79.930
[RELAY] Got status from sub, seq=1370
[TX] StatusPacket seq=1370 A=0.037 B=88.908
[RX] CmdPacket target=0xFF cmd=0x0 seq=1371
[TX] Immediate reply seq=1371
[FWD] Forward to sub: cmd=0x0 seq=1371
[RELAY] Got status from sub, seq=1371
[TX] StatusPacket seq=1371 A=0.402 B=95.468
[TX] StatusPacket seq=1371 A=1.072 B=99.201
[RX] CmdPacket target=0xFF cmd=0x0 seq=1372
[TX] Immediate reply seq=1372
[FWD] Forward to sub: cmd=0x0 seq=1372
[RELAY] Got status from sub, seq=1372
[TX] StatusPacket seq=1372 A=1.883 B=99.874
[RELAY] Got status from sub, seq=1372
[TX] StatusPacket seq=1372 A=2.638 B=97.447
[RELAY] Got status from sub, seq=1372
[RX] CmdPacket target=0xFF cmd=0x0 seq=1373
[TX] Immediate reply seq=1373
[FWD] Forward to sub: cmd=0x0 seq=1373
[RELAY] Got status from sub, seq=1373
[TX] StatusPacket seq=1373 A=3.151 B=92.069
[RELAY] Got status from sub, seq=1373
[TX] StatusPacket seq=1373 A=3.296 B=84.076
[RELAY] Got status from sub, seq=1373
[RX] CmdPacket target=0xFF cmd=0x0 seq=1374
[TX] Immediate reply seq=1374
[FWD] Forward to sub: cmd=0x0 seq=1374
[RELAY] Got status from sub, seq=1374
[TX] StatusPacket seq=1374 A=3.038 B=73.965
[RELAY] Got status from sub, seq=1374
[TX] StatusPacket seq=1374 A=2.441 B=62.363
[RELAY] Got status from sub, seq=1374
[RX] CmdPacket target=0xFF cmd=0x0 seq=1375
[TX] Immediate reply seq=1375
[FWD] Forward to sub: cmd=0x0 seq=1375
[RELAY] Got status from sub, seq=1375
[TX] StatusPacket seq=1375 A=1.650 B=49.992
[RELAY] Got status from sub, seq=1375
[TX] StatusPacket seq=1375 A=0.859 B=37.622
[RELAY] Got status from sub, seq=1375
[RX] CmdPacket target=0xFF cmd=0x0 seq=1376
[TX] Immediate reply seq=1376
[FWD] Forward to sub: cmd=0x0 seq=1376
[RELAY] Got status from sub, seq=1376
[TX] StatusPacket seq=1376 A=0.261 B=26.022
[RELAY] Got status from sub, seq=1376
[TX] StatusPacket seq=1376 A=0.004 B=15.913
[RELAY] Got status from sub, seq=1376
[RX] CmdPacket target=0xFF cmd=0x0 seq=1377
[TX] Immediate reply seq=1377
[FWD] Forward to sub: cmd=0x0 seq=1377
[RELAY] Got status from sub, seq=1377
[TX] StatusPacket seq=1377 A=0.150 B=7.922
[RELAY] Got status from sub, seq=1377
[TX] StatusPacket seq=1377 A=0.663 B=2.548
[RELAY] Got status from sub, seq=1377
[RX] CmdPacket target=0xFF cmd=0x0 seq=1378
[TX] Immediate reply seq=1378
[FWD] Forward to sub: cmd=0x0 seq=1378
[RELAY] Got status from sub, seq=1378
[TX] StatusPacket seq=1378 A=1.418 B=0.125
[RELAY] Got status from sub, seq=1378
[TX] StatusPacket seq=1378 A=2.229 B=0.802
[RELAY] Got status from sub, seq=1378
[RX] CmdPacket target=0xFF cmd=0x0 seq=1379
[TX] Immediate reply seq=1379
[FWD] Forward to sub: cmd=0x0 seq=1379
[RELAY] Got status from sub, seq=1379
[TX] StatusPacket seq=1379 A=2.899 B=4.538
[RELAY] Got status from sub, seq=1379
[TX] StatusPacket seq=1379 A=3.263 B=11.101
[RELAY] Got status from sub, seq=1379
[RX] CmdPacket target=0xFF cmd=0x0 seq=1380
[TX] Immediate reply seq=1380
[FWD] Forward to sub: cmd=0x0 seq=1380
[RELAY] Got status from sub, seq=1380
[TX] StatusPacket seq=1380 A=3.232 B=20.082
[RELAY] Got status from sub, seq=1380
[TX] StatusPacket seq=1380 A=2.814 B=30.924
[RELAY] Got status from sub, seq=1380
[RX] CmdPacket target=0xFF cmd=0x0 seq=1381
[TX] Immediate reply seq=1381
[FWD] Forward to sub: cmd=0x0 seq=1381
[RELAY] Got status from sub, seq=1381
[TX] StatusPacket seq=1381 A=2.111 B=42.951
[RELAY] Got status from sub, seq=1381
[TX] StatusPacket seq=1381 A=1.295 B=55.417
[RELAY] Got status from sub, seq=1381
[RX] CmdPacket target=0xFF cmd=0x0 seq=1382
[TX] Immediate reply seq=1382
[FWD] Forward to sub: cmd=0x0 seq=1382
[RELAY] Got status from sub, seq=1382
[TX] StatusPacket seq=1382 A=0.566 B=67.546
[RELAY] Got status from sub, seq=1382
[TX] StatusPacket seq=1382 A=0.102 B=78.584
[RELAY] Got status from sub, seq=1382
[RX] CmdPacket target=0xFF cmd=0x0 seq=1383
[TX] Immediate reply seq=1383
[FWD] Forward to sub: cmd=0x0 seq=1383
[RELAY] Got status from sub, seq=1383
[TX] StatusPacket seq=1383 A=0.018 B=87.845
[RELAY] Got status from sub, seq=1383
[TX] StatusPacket seq=1383 A=0.333 B=94.753
[RELAY] Got status from sub, seq=1383
[RX] CmdPacket target=0xFF cmd=0x0 seq=1384
[TX] Immediate reply seq=1384
[FWD] Forward to sub: cmd=0x0 seq=1384
[RELAY] Got status from sub, seq=1384
[TX] StatusPacket seq=1384 A=0.970 B=98.878
[RELAY] Got status from sub, seq=1384
[TX] StatusPacket seq=1384 A=1.774 B=99.964
[RELAY] Got status from sub, seq=1384
[RX] CmdPacket target=0xFF cmd=0x0 seq=1385
[TX] Immediate reply seq=1385
[FWD] Forward to sub: cmd=0x0 seq=1385
[RELAY] Got status from sub, seq=1385
[TX] StatusPacket seq=1385 A=2.548 B=97.944
[RELAY] Got status from sub, seq=1385
[TX] StatusPacket seq=1385 A=3.102 B=92.943
[RELAY] Got status from sub, seq=1385
[RX] CmdPacket target=0xFF cmd=0x0 seq=1386
[TX] Immediate reply seq=1386
[FWD] Forward to sub: cmd=0x0 seq=1386
[RELAY] Got status from sub, seq=1386
[TX] StatusPacket seq=1386 A=3.300 B=85.272
[RELAY] Got status from sub, seq=1386
[TX] StatusPacket seq=1386 A=3.094 B=75.407
[RELAY] Got status from sub, seq=1386
[RX] CmdPacket target=0xFF cmd=0x0 seq=1387
[TX] Immediate reply seq=1387
[FWD] Forward to sub: cmd=0x0 seq=1387
[RELAY] Got status from sub, seq=1387
[TX] StatusPacket seq=1387 A=2.535 B=63.964
[RELAY] Got status from sub, seq=1387
[TX] StatusPacket seq=1387 A=1.759 B=51.651
[RELAY] Got status from sub, seq=1387
[RX] CmdPacket target=0xFF cmd=0x0 seq=1388
[TX] Immediate reply seq=1388
[FWD] Forward to sub: cmd=0x0 seq=1388
[RELAY] Got status from sub, seq=1388
[TX] StatusPacket seq=1388 A=0.956 B=39.237
[RELAY] Got status from sub, seq=1388
[TX] StatusPacket seq=1388 A=0.323 B=27.491
[RELAY] Got status from sub, seq=1388
[RX] CmdPacket target=0xFF cmd=0x0 seq=1389
[TX] Immediate reply seq=1389
[FWD] Forward to sub: cmd=0x0 seq=1389
[RELAY] Got status from sub, seq=1389
[TX] StatusPacket seq=1389 A=0.015 B=17.145
[RELAY] Got status from sub, seq=1389
[TX] StatusPacket seq=1389 A=0.108 B=8.842
[RELAY] Got status from sub, seq=1389
[RX] CmdPacket target=0xFF cmd=0x0 seq=1390
[TX] Immediate reply seq=1390
[FWD] Forward to sub: cmd=0x0 seq=1390
[RELAY] Got status from sub, seq=1390
[TX] StatusPacket seq=1390 A=0.577 B=3.097
[RELAY] Got status from sub, seq=1390
[TX] StatusPacket seq=1390 A=1.310 B=0.269
[RELAY] Got status from sub, seq=1390
[RX] CmdPacket target=0xFF cmd=0x0 seq=1391
[TX] Immediate reply seq=1391
[FWD] Forward to sub: cmd=0x0 seq=1391
[RELAY] Got status from sub, seq=1391
[TX] StatusPacket seq=1391 A=2.126 B=0.533
[RELAY] Got status from sub, seq=1391
[TX] StatusPacket seq=1391 A=2.825 B=3.873
[RELAY] Got status from sub, seq=1391
[RX] CmdPacket target=0xFF cmd=0x0 seq=1392
[TX] Immediate reply seq=1392
[FWD] Forward to sub: cmd=0x0 seq=1392
[RELAY] Got status from sub, seq=1392
[TX] StatusPacket seq=1392 A=3.236 B=10.080
[RELAY] Got status from sub, seq=1392
[TX] StatusPacket seq=1392 A=3.260 B=18.770
[RELAY] Got status from sub, seq=1392
[RX] CmdPacket target=0xFF cmd=0x0 seq=1393
[TX] Immediate reply seq=1393
[FWD] Forward to sub: cmd=0x0 seq=1393
[RELAY] Got status from sub, seq=1393
[TX] StatusPacket seq=1393 A=2.889 B=29.401
[RELAY] Got status from sub, seq=1393
[TX] StatusPacket seq=1393 A=2.215 B=41.313
[RELAY] Got status from sub, seq=1393
[RX] CmdPacket target=0xFF cmd=0x0 seq=1394
[TX] Immediate reply seq=1394
[FWD] Forward to sub: cmd=0x0 seq=1394
[RELAY] Got status from sub, seq=1394
[TX] StatusPacket seq=1394 A=1.402 B=53.765
[RELAY] Got status from sub, seq=1394
[TX] StatusPacket seq=1394 A=0.650 B=65.983
[RELAY] Got status from sub, seq=1394
[RX] CmdPacket target=0xFF cmd=0x0 seq=1395
[TX] Immediate reply seq=1395
[FWD] Forward to sub: cmd=0x0 seq=1395
[RELAY] Got status from sub, seq=1395
[TX] StatusPacket seq=1395 A=0.143 B=77.207
[RELAY] Got status from sub, seq=1395
[TX] StatusPacket seq=1395 A=0.005 B=86.740
[RELAY] Got status from sub, seq=1395
[RX] CmdPacket target=0xFF cmd=0x0 seq=1396
[TX] Immediate reply seq=1396
[FWD] Forward to sub: cmd=0x0 seq=1396
[RELAY] Got status from sub, seq=1396
[TX] StatusPacket seq=1396 A=0.270 B=93.988
[RELAY] Got status from sub, seq=1396
[TX] StatusPacket seq=1396 A=0.872 B=98.502
[RELAY] Got status from sub, seq=1396
[RX] CmdPacket target=0xFF cmd=0x0 seq=1397
[TX] Immediate reply seq=1397
[FWD] Forward to sub: cmd=0x0 seq=1397
[RELAY] Got status from sub, seq=1397
[TX] StatusPacket seq=1397 A=1.665 B=99.999
[RELAY] Got status from sub, seq=1397
[TX] StatusPacket seq=1397 A=2.454 B=98.388
[RELAY] Got status from sub, seq=1397
[RX] CmdPacket target=0xFF cmd=0x0 seq=1398
[TX] Immediate reply seq=1398
[FWD] Forward to sub: cmd=0x0 seq=1398
[RELAY] Got status from sub, seq=1398
[TX] StatusPacket seq=1398 A=3.047 B=93.769
[RELAY] Got status from sub, seq=1398
[TX] StatusPacket seq=1398 A=3.297 B=86.428
[RELAY] Got status from sub, seq=1398
[RX] CmdPacket target=0xFF cmd=0x0 seq=1399
[TX] Immediate reply seq=1399
[FWD] Forward to sub: cmd=0x0 seq=1399
[RELAY] Got status from sub, seq=1399
[TX] StatusPacket seq=1399 A=3.144 B=76.822
[RELAY] Got status from sub, seq=1399
[TX] StatusPacket seq=1399 A=2.625 B=65.549
[RELAY] Got status from sub, seq=1399
[RX] CmdPacket target=0xFF cmd=0x0 seq=1400
[TX] Immediate reply seq=1400
[TX] StatusPacket seq=1400 A=1.865 B=53.260
[FWD] Forward to sub: cmd=0x0 seq=1400
[RELAY] Got status from sub, seq=1400
[RELAY] Got status from sub, seq=1400
[TX] StatusPacket seq=1400 A=1.057 B=40.863
[TX] StatusPacket seq=1400 A=0.391 B=28.985
[RX] CmdPacket target=0xFF cmd=0x0 seq=1401
[TX] Immediate reply seq=1401
[FWD] Forward to sub: cmd=0x0 seq=1401
[RELAY] Got status from sub, seq=1401
[TX] StatusPacket seq=1401 A=0.034 B=18.414
[RELAY] Got status from sub, seq=1401
[TX] StatusPacket seq=1401 A=0.072 B=9.806
[RELAY] Got status from sub, seq=1401
[RX] CmdPacket target=0xFF cmd=0x0 seq=1402
[TX] Immediate reply seq=1402
[FWD] Forward to sub: cmd=0x0 seq=1402
[RELAY] Got status from sub, seq=1402
[TX] StatusPacket seq=1402 A=0.497 B=3.698
[RELAY] Got status from sub, seq=1402
[TX] StatusPacket seq=1402 A=1.203 B=0.469
[RELAY] Got status from sub, seq=1402
[RX] CmdPacket target=0xFF cmd=0x0 seq=1403
[TX] Immediate reply seq=1403
[FWD] Forward to sub: cmd=0x0 seq=1403
[RELAY] Got status from sub, seq=1403
[TX] StatusPacket seq=1403 A=2.020 B=0.319
[RELAY] Got status from sub, seq=1403
[TX] StatusPacket seq=1403 A=2.745 B=3.258
[RELAY] Got status from sub, seq=1403
[RX] CmdPacket target=0xFF cmd=0x0 seq=1404
[TX] Immediate reply seq=1404
[FWD] Forward to sub: cmd=0x0 seq=1404
[RELAY] Got status from sub, seq=1404
[TX] StatusPacket seq=1404 A=3.203 B=9.103
[RELAY] Got status from sub, seq=1404
[TX] StatusPacket seq=1404 A=3.280 B=17.491
[RELAY] Got status from sub, seq=1404
[RX] CmdPacket target=0xFF cmd=0x0 seq=1405
[TX] Immediate reply seq=1405
[FWD] Forward to sub: cmd=0x0 seq=1405
[RELAY] Got status from sub, seq=1405
[TX] StatusPacket seq=1405 A=2.958 B=27.901
[RELAY] Got status from sub, seq=1405
[TX] StatusPacket seq=1405 A=2.316 B=39.684
[RELAY] Got status from sub, seq=1405
[RX] CmdPacket target=0xFF cmd=0x0 seq=1406
[TX] Immediate reply seq=1406
[FWD] Forward to sub: cmd=0x0 seq=1406
[RELAY] Got status from sub, seq=1406
[TX] StatusPacket seq=1406 A=1.511 B=52.109
[RELAY] Got status from sub, seq=1406
[TX] StatusPacket seq=1406 A=0.740 B=64.402
[RELAY] Got status from sub, seq=1406
[RX] CmdPacket target=0xFF cmd=0x0 seq=1407
[TX] Immediate reply seq=1407
[FWD] Forward to sub: cmd=0x0 seq=1407
[RELAY] Got status from sub, seq=1407
[TX] StatusPacket seq=1407 A=0.191 B=75.801
[RELAY] Got status from sub, seq=1407
[TX] StatusPacket seq=1407 A=0.000 B=85.595
[RELAY] Got status from sub, seq=1407
[RX] CmdPacket target=0xFF cmd=0x0 seq=1408
[TX] Immediate reply seq=1408
[FWD] Forward to sub: cmd=0x0 seq=1408
[RELAY] Got status from sub, seq=1408
[TX] StatusPacket seq=1408 A=0.213 B=93.175
[RELAY] Got status from sub, seq=1408
[TX] StatusPacket seq=1408 A=0.777 B=98.072
[RELAY] Got status from sub, seq=1408
[RX] CmdPacket target=0xFF cmd=0x0 seq=1409
[TX] Immediate reply seq=1409
[FWD] Forward to sub: cmd=0x0 seq=1409
[RELAY] Got status from sub, seq=1409
[TX] StatusPacket seq=1409 A=1.556 B=99.980
[RELAY] Got status from sub, seq=1409
[TX] StatusPacket seq=1409 A=2.357 B=98.780
[RELAY] Got status from sub, seq=1409
[RX] CmdPacket target=0xFF cmd=0x0 seq=1410
[TX] Immediate reply seq=1410
[FWD] Forward to sub: cmd=0x0 seq=1410
[RELAY] Got status from sub, seq=1410
[TX] StatusPacket seq=1410 A=2.985 B=94.547
[RELAY] Got status from sub, seq=1410
[TX] StatusPacket seq=1410 A=3.286 B=87.544
[RELAY] Got status from sub, seq=1410
[RX] CmdPacket target=0xFF cmd=0x0 seq=1411
[TX] Immediate reply seq=1411
[FWD] Forward to sub: cmd=0x0 seq=1411
[RELAY] Got status from sub, seq=1411
[TX] StatusPacket seq=1411 A=3.187 B=78.208
[RELAY] Got status from sub, seq=1411
[TX] StatusPacket seq=1411 A=2.711 B=67.117
[RELAY] Got status from sub, seq=1411
[RX] CmdPacket target=0xFF cmd=0x0 seq=1412
[TX] Immediate reply seq=1412
[FWD] Forward to sub: cmd=0x0 seq=1412
[RELAY] Got status from sub, seq=1412
[TX] StatusPacket seq=1412 A=1.976 B=54.962
[RELAY] Got status from sub, seq=1412
[TX] StatusPacket seq=1412 A=1.161 B=42.499
[RELAY] Got status from sub, seq=1412
[RX] CmdPacket target=0xFF cmd=0x0 seq=1413
[TX] Immediate reply seq=1413
[FWD] Forward to sub: cmd=0x0 seq=1413
[RELAY] Got status from sub, seq=1413
[TX] StatusPacket seq=1413 A=0.465 B=30.502
[RELAY] Got status from sub, seq=1413
[TX] StatusPacket seq=1413 A=0.060 B=19.717
[RELAY] Got status from sub, seq=1413
[RX] CmdPacket target=0xFF cmd=0x0 seq=1414
[TX] Immediate reply seq=1414
[FWD] Forward to sub: cmd=0x0 seq=1414
[RELAY] Got status from sub, seq=1414
[TX] StatusPacket seq=1414 A=0.044 B=10.815
[RELAY] Got status from sub, seq=1414
[TX] StatusPacket seq=1414 A=0.421 B=4.350
[RELAY] Got status from sub, seq=1414
[RX] CmdPacket target=0xFF cmd=0x0 seq=1415
[TX] Immediate reply seq=1415
[FWD] Forward to sub: cmd=0x0 seq=1415
[RELAY] Got status from sub, seq=1415
[TX] StatusPacket seq=1415 A=1.099 B=0.722
[RELAY] Got status from sub, seq=1415
[TX] StatusPacket seq=1415 A=1.912 B=0.159
[RELAY] Got status from sub, seq=1415
[RX] CmdPacket target=0xFF cmd=0x0 seq=1416
[TX] Immediate reply seq=1416
[FWD] Forward to sub: cmd=0x0 seq=1416
[RELAY] Got status from sub, seq=1416
[TX] StatusPacket seq=1416 A=2.661 B=2.695
[RELAY] Got status from sub, seq=1416
[TX] StatusPacket seq=1416 A=3.162 B=8.171
[RELAY] Got status from sub, seq=1416
[RX] CmdPacket target=0xFF cmd=0x0 seq=1417
[TX] Immediate reply seq=1417
[FWD] Forward to sub: cmd=0x0 seq=1417
[RELAY] Got status from sub, seq=1417
[TX] StatusPacket seq=1417 A=3.293 B=16.249
[RELAY] Got status from sub, seq=1417
[TX] StatusPacket seq=1417 A=3.022 B=26.425
[RELAY] Got status from sub, seq=1417
[RX] CmdPacket target=0xFF cmd=0x0 seq=1418
[TX] Immediate reply seq=1418
[FWD] Forward to sub: cmd=0x0 seq=1418
[RELAY] Got status from sub, seq=1418
[TX] StatusPacket seq=1418 A=2.415 B=38.066
[RELAY] Got status from sub, seq=1418
[TX] StatusPacket seq=1418 A=1.620 B=50.450
[RELAY] Got status from sub, seq=1418
[RX] CmdPacket target=0xFF cmd=0x0 seq=1419
[TX] Immediate reply seq=1419
[FWD] Forward to sub: cmd=0x0 seq=1419
[RELAY] Got status from sub, seq=1419
[TX] StatusPacket seq=1419 A=0.833 B=62.806
[RELAY] Got status from sub, seq=1419
[TX] StatusPacket seq=1419 A=0.246 B=74.365
[RELAY] Got status from sub, seq=1419
[RX] CmdPacket target=0xFF cmd=0x0 seq=1420
[TX] Immediate reply seq=1420
[FWD] Forward to sub: cmd=0x0 seq=1420
[RELAY] Got status from sub, seq=1420
[TX] StatusPacket seq=1420 A=0.002 B=84.410
[RELAY] Got status from sub, seq=1420
[TX] StatusPacket seq=1420 A=0.162 B=92.315
[RELAY] Got status from sub, seq=1420
[RX] CmdPacket target=0xFF cmd=0x0 seq=1421
[TX] Immediate reply seq=1421
[FWD] Forward to sub: cmd=0x0 seq=1421
[RELAY] Got status from sub, seq=1421
[TX] StatusPacket seq=1421 A=0.686 B=97.589
[RELAY] Got status from sub, seq=1421
[TX] StatusPacket seq=1421 A=1.447 B=99.905
[RELAY] Got status from sub, seq=1421
[RX] CmdPacket target=0xFF cmd=0x0 seq=1422
[TX] Immediate reply seq=1422
[FWD] Forward to sub: cmd=0x0 seq=1422
[RELAY] Got status from sub, seq=1422
[TX] StatusPacket seq=1422 A=2.257 B=99.117
[RELAY] Got status from sub, seq=1422
[TX] StatusPacket seq=1422 A=2.918 B=95.276
[RELAY] Got status from sub, seq=1422
[RX] CmdPacket target=0xFF cmd=0x0 seq=1423
[TX] Immediate reply seq=1423
[FWD] Forward to sub: cmd=0x0 seq=1423
[RELAY] Got status from sub, seq=1423
[TX] StatusPacket seq=1423 A=3.269 B=88.619
[RELAY] Got status from sub, seq=1423
[TX] StatusPacket seq=1423 A=3.224 B=79.562
[RELAY] Got status from sub, seq=1423
[RX] CmdPacket target=0xFF cmd=0x0 seq=1424
[TX] Immediate reply seq=1424
[FWD] Forward to sub: cmd=0x0 seq=1424
[RELAY] Got status from sub, seq=1424
[TX] StatusPacket seq=1424 A=2.793 B=68.666
[RELAY] Got status from sub, seq=1424
[TX] StatusPacket seq=1424 A=2.082 B=56.610
[RELAY] Got status from sub, seq=1424
[RX] CmdPacket target=0xFF cmd=0x0 seq=1425
[TX] Immediate reply seq=1425
[FWD] Forward to sub: cmd=0x0 seq=1425
[RELAY] Got status from sub, seq=1425
[TX] StatusPacket seq=1425 A=1.266 B=44.143
[RELAY] Got status from sub, seq=1425
[TX] StatusPacket seq=1425 A=0.544 B=32.040
[RELAY] Got status from sub, seq=1425
[RX] CmdPacket target=0xFF cmd=0x0 seq=1426
[TX] Immediate reply seq=1426
[FWD] Forward to sub: cmd=0x0 seq=1426
[RELAY] Got status from sub, seq=1426
[TX] StatusPacket seq=1426 A=0.092 B=21.054
[RELAY] Got status from sub, seq=1426
[TX] StatusPacket seq=1426 A=0.022 B=11.867
[RELAY] Got status from sub, seq=1426
[RX] CmdPacket target=0xFF cmd=0x0 seq=1427
[TX] Immediate reply seq=1427
[FWD] Forward to sub: cmd=0x0 seq=1427
[RELAY] Got status from sub, seq=1427
[TX] StatusPacket seq=1427 A=0.351 B=5.052
[RELAY] Got status from sub, seq=1427
[TX] StatusPacket seq=1427 A=0.997 B=1.031
[RELAY] Got status from sub, seq=1427
[RX] CmdPacket target=0xFF cmd=0x0 seq=1428
[TX] Immediate reply seq=1428
[FWD] Forward to sub: cmd=0x0 seq=1428
[RELAY] Got status from sub, seq=1428
[TX] StatusPacket seq=1428 A=1.804 B=0.054
[RELAY] Got status from sub, seq=1428
[TX] StatusPacket seq=1428 A=2.572 B=2.183
[RELAY] Got status from sub, seq=1428
[RX] CmdPacket target=0xFF cmd=0x0 seq=1429
[TX] Immediate reply seq=1429
[FWD] Forward to sub: cmd=0x0 seq=1429
[RELAY] Got status from sub, seq=1429
[TX] StatusPacket seq=1429 A=3.117 B=7.311
[RELAY] Got status from sub, seq=1429
[TX] StatusPacket seq=1429 A=3.300 B=15.043
[RELAY] Got status from sub, seq=1429
[TX] StatusPacket seq=1429 A=3.080 B=24.975
[RELAY] Got status from sub, seq=1429
[TX] StatusPacket seq=1429 A=2.507 B=36.509
[TX] StatusPacket seq=1429 A=1.730 B=48.791
[RX] CmdPacket target=0xFF cmd=0x0 seq=1431
[TX] Immediate reply seq=1431
[FWD] Forward to sub: cmd=0x0 seq=1431
[RELAY] Got status from sub, seq=1431
[TX] StatusPacket seq=1431 A=0.930 B=61.195
[RELAY] Got status from sub, seq=1431
[TX] StatusPacket seq=1431 A=0.306 B=72.903
[RELAY] Got status from sub, seq=1431
[RX] CmdPacket target=0xFF cmd=0x0 seq=1432
[TX] Immediate reply seq=1432
[FWD] Forward to sub: cmd=0x0 seq=1432
[RELAY] Got status from sub, seq=1432
[TX] StatusPacket seq=1432 A=0.012 B=83.187
[RELAY] Got status from sub, seq=1432
[TX] StatusPacket seq=1432 A=0.118 B=91.408
[RELAY] Got status from sub, seq=1432
[RX] CmdPacket target=0xFF cmd=0x0 seq=1433
[TX] Immediate reply seq=1433
[FWD] Forward to sub: cmd=0x0 seq=1433
[RELAY] Got status from sub, seq=1433
[TX] StatusPacket seq=1433 A=0.600 B=97.054
[RELAY] Got status from sub, seq=1433
[TX] StatusPacket seq=1433 A=1.338 B=99.775
[RELAY] Got status from sub, seq=1433
[RX] CmdPacket target=0xFF cmd=0x0 seq=1434
[TX] Immediate reply seq=1434
[FWD] Forward to sub: cmd=0x0 seq=1434
[RELAY] Got status from sub, seq=1434
[TX] StatusPacket seq=1434 A=2.153 B=99.400
[RELAY] Got status from sub, seq=1434
[TX] StatusPacket seq=1434 A=2.845 B=95.955
[RELAY] Got status from sub, seq=1434
[RX] CmdPacket target=0xFF cmd=0x0 seq=1435
[TX] Immediate reply seq=1435
[FWD] Forward to sub: cmd=0x0 seq=1435
[RELAY] Got status from sub, seq=1435
[TX] StatusPacket seq=1435 A=3.244 B=89.652
[RELAY] Got status from sub, seq=1435
[TX] StatusPacket seq=1435 A=3.253 B=80.883
[RELAY] Got status from sub, seq=1435
[RX] CmdPacket target=0xFF cmd=0x0 seq=1436
[TX] Immediate reply seq=1436
[FWD] Forward to sub: cmd=0x0 seq=1436
[RELAY] Got status from sub, seq=1436
[TX] StatusPacket seq=1436 A=2.869 B=70.195
[RELAY] Got status from sub, seq=1436
[TX] StatusPacket seq=1436 A=2.187 B=58.251
[RELAY] Got status from sub, seq=1436
[RX] CmdPacket target=0xFF cmd=0x0 seq=1437
[TX] Immediate reply seq=1437
[FWD] Forward to sub: cmd=0x0 seq=1437
[RELAY] Got status from sub, seq=1437
[TX] StatusPacket seq=1437 A=1.373 B=45.794
[RELAY] Got status from sub, seq=1437
[TX] StatusPacket seq=1437 A=0.627 B=33.598
[RELAY] Got status from sub, seq=1437
[RX] CmdPacket target=0xFF cmd=0x0 seq=1438
[TX] Immediate reply seq=1438
[FWD] Forward to sub: cmd=0x0 seq=1438
[RELAY] Got status from sub, seq=1438
[TX] StatusPacket seq=1438 A=0.132 B=22.422
[RELAY] Got status from sub, seq=1438
[TX] StatusPacket seq=1438 A=0.008 B=12.961
[RELAY] Got status from sub, seq=1438
[RX] CmdPacket target=0xFF cmd=0x0 seq=1439
[TX] Immediate reply seq=1439
[FWD] Forward to sub: cmd=0x0 seq=1439
[RELAY] Got status from sub, seq=1439
[TX] StatusPacket seq=1439 A=0.286 B=5.803
[RELAY] Got status from sub, seq=1439
[TX] StatusPacket seq=1439 A=0.898 B=1.393
[RELAY] Got status from sub, seq=1439
[RX] CmdPacket target=0xFF cmd=0x0 seq=1440
[TX] Immediate reply seq=1440
[FWD] Forward to sub: cmd=0x0 seq=1440
[RELAY] Got status from sub, seq=1440
[TX] StatusPacket seq=1440 A=1.694 B=0.005
[RELAY] Got status from sub, seq=1440
[TX] StatusPacket seq=1440 A=2.480 B=1.725
[RELAY] Got status from sub, seq=1440
[RX] CmdPacket target=0xFF cmd=0x0 seq=1441
[TX] Immediate reply seq=1441
[FWD] Forward to sub: cmd=0x0 seq=1441
[RELAY] Got status from sub, seq=1441
[TX] StatusPacket seq=1441 A=3.062 B=6.447
[RELAY] Got status from sub, seq=1441
[TX] StatusPacket seq=1441 A=3.298 B=13.877
[RELAY] Got status from sub, seq=1441
[RX] CmdPacket target=0xFF cmd=0x0 seq=1442
[TX] Immediate reply seq=1442
[FWD] Forward to sub: cmd=0x0 seq=1442
[RELAY] Got status from sub, seq=1442
[TX] StatusPacket seq=1442 A=3.131 B=23.552
[RELAY] Got status from sub, seq=1442
[TX] StatusPacket seq=1442 A=2.602 B=34.872
[RELAY] Got status from sub, seq=1442
[RX] CmdPacket target=0xFF cmd=0x0 seq=1443
[TX] Immediate reply seq=1443
[FWD] Forward to sub: cmd=0x0 seq=1443
[RELAY] Got status from sub, seq=1443
[TX] StatusPacket seq=1443 A=1.839 B=47.133
[RELAY] Got status from sub, seq=1443
[TX] StatusPacket seq=1443 A=1.030 B=59.572
[RELAY] Got status from sub, seq=1443
[RX] CmdPacket target=0xFF cmd=0x0 seq=1444
[TX] Immediate reply seq=1444
[FWD] Forward to sub: cmd=0x0 seq=1444
[RELAY] Got status from sub, seq=1444
[TX] StatusPacket seq=1444 A=0.373 B=71.416
[RELAY] Got status from sub, seq=1444
[TX] StatusPacket seq=1444 A=0.028 B=81.928
[RELAY] Got status from sub, seq=1444
[RX] CmdPacket target=0xFF cmd=0x0 seq=1445
[TX] Immediate reply seq=1445
[FWD] Forward to sub: cmd=0x0 seq=1445
[RELAY] Got status from sub, seq=1445
[TX] StatusPacket seq=1445 A=0.081 B=90.455
[RELAY] Got status from sub, seq=1445
[TX] StatusPacket seq=1445 A=0.518 B=96.467
[RELAY] Got status from sub, seq=1445
[RX] CmdPacket target=0xFF cmd=0x0 seq=1446
[TX] Immediate reply seq=1446
[FWD] Forward to sub: cmd=0x0 seq=1446
[RELAY] Got status from sub, seq=1446
[TX] StatusPacket seq=1446 A=1.232 B=99.590
[RELAY] Got status from sub, seq=1446
[TX] StatusPacket seq=1446 A=2.048 B=99.629
[RELAY] Got status from sub, seq=1446
[RX] CmdPacket target=0xFF cmd=0x0 seq=1447
[TX] Immediate reply seq=1447
[FWD] Forward to sub: cmd=0x0 seq=1447
[RELAY] Got status from sub, seq=1447
[TX] StatusPacket seq=1447 A=2.767 B=96.583
[RELAY] Got status from sub, seq=1447
[TX] StatusPacket seq=1447 A=3.213 B=90.641
[RELAY] Got status from sub, seq=1447
[RX] CmdPacket target=0xFF cmd=0x0 seq=1448
[TX] Immediate reply seq=1448
[FWD] Forward to sub: cmd=0x0 seq=1448
[RELAY] Got status from sub, seq=1448
[TX] StatusPacket seq=1448 A=3.275 B=82.171
[RELAY] Got status from sub, seq=1448
[TX] StatusPacket seq=1448 A=2.940 B=71.701
[RELAY] Got status from sub, seq=1448
[RX] CmdPacket target=0xFF cmd=0x0 seq=1449
[TX] Immediate reply seq=1449
[FWD] Forward to sub: cmd=0x0 seq=1449
[RELAY] Got status from sub, seq=1449
[TX] StatusPacket seq=1449 A=2.289 B=59.883
[RELAY] Got status from sub, seq=1449
[TX] StatusPacket seq=1449 A=1.482 B=47.449
[RELAY] Got status from sub, seq=1449
[RX] CmdPacket target=0xFF cmd=0x0 seq=1450
[TX] Immediate reply seq=1450
[FWD] Forward to sub: cmd=0x0 seq=1450
[RELAY] Got status from sub, seq=1450
[TX] StatusPacket seq=1450 A=0.716 B=35.174
[RELAY] Got status from sub, seq=1450
[TX] StatusPacket seq=1450 A=0.178 B=23.821
[RELAY] Got status from sub, seq=1450
[RX] CmdPacket target=0xFF cmd=0x0 seq=1451
[TX] Immediate reply seq=1451
[FWD] Forward to sub: cmd=0x0 seq=1451
[RELAY] Got status from sub, seq=1451
[TX] StatusPacket seq=1451 A=0.001 B=14.096
[RELAY] Got status from sub, seq=1451
[TX] StatusPacket seq=1451 A=0.227 B=6.603
[RELAY] Got status from sub, seq=1451
[RX] CmdPacket target=0xFF cmd=0x0 seq=1452
[TX] Immediate reply seq=1452
[FWD] Forward to sub: cmd=0x0 seq=1452
[RELAY] Got status from sub, seq=1452
[TX] StatusPacket seq=1452 A=0.802 B=1.808
[RELAY] Got status from sub, seq=1452
[TX] StatusPacket seq=1452 A=1.585 B=0.010
[RELAY] Got status from sub, seq=1452
[RX] CmdPacket target=0xFF cmd=0x0 seq=1453
[TX] Immediate reply seq=1453
[FWD] Forward to sub: cmd=0x0 seq=1453
[RELAY] Got status from sub, seq=1453
[TX] StatusPacket seq=1453 A=2.383 B=1.319
[RELAY] Got status from sub, seq=1453
[TX] StatusPacket seq=1453 A=3.002 B=5.656
[RELAY] Got status from sub, seq=1453
[RX] CmdPacket target=0xFF cmd=0x0 seq=1454
[TX] Immediate reply seq=1454
[FWD] Forward to sub: cmd=0x0 seq=1454
[RELAY] Got status from sub, seq=1454
[TX] StatusPacket seq=1454 A=3.290 B=12.749
[RELAY] Got status from sub, seq=1454
[TX] StatusPacket seq=1454 A=3.176 B=22.159
[RELAY] Got status from sub, seq=1454
[RX] CmdPacket target=0xFF cmd=0x0 seq=1455
[TX] Immediate reply seq=1455
[FWD] Forward to sub: cmd=0x0 seq=1455
[RELAY] Got status from sub, seq=1455
[TX] StatusPacket seq=1455 A=2.689 B=33.300
[RELAY] Got status from sub, seq=1455
[TX] StatusPacket seq=1455 A=1.947 B=45.479
[RELAY] Got status from sub, seq=1455
[RX] CmdPacket target=0xFF cmd=0x0 seq=1456
[TX] Immediate reply seq=1456
[FWD] Forward to sub: cmd=0x0 seq=1456
[RELAY] Got status from sub, seq=1456
[TX] StatusPacket seq=1456 A=1.133 B=57.939
[RELAY] Got status from sub, seq=1456
[TX] StatusPacket seq=1456 A=0.445 B=69.905
[RELAY] Got status from sub, seq=1456
[RX] CmdPacket target=0xFF cmd=0x0 seq=1457
[TX] Immediate reply seq=1457
[FWD] Forward to sub: cmd=0x0 seq=1457
[RELAY] Got status from sub, seq=1457
[TX] StatusPacket seq=1457 A=0.052 B=80.634
[RELAY] Got status from sub, seq=1457
[TX] StatusPacket seq=1457 A=0.051 B=89.458
[RELAY] Got status from sub, seq=1457
[RX] CmdPacket target=0xFF cmd=0x0 seq=1458
[TX] Immediate reply seq=1458
[FWD] Forward to sub: cmd=0x0 seq=1458
[RELAY] Got status from sub, seq=1458
[TX] StatusPacket seq=1458 A=0.441 B=95.829
[RELAY] Got status from sub, seq=1458
[TX] StatusPacket seq=1458 A=1.127 B=99.351
[RELAY] Got status from sub, seq=1458
[RX] CmdPacket target=0xFF cmd=0x0 seq=1459
[TX] Immediate reply seq=1459
[TX] StatusPacket seq=1459 A=1.941 B=99.804
[FWD] Forward to sub: cmd=0x0 seq=1459
[RELAY] Got status from sub, seq=1459
[RELAY] Got status from sub, seq=1459
[TX] StatusPacket seq=1459 A=2.684 B=97.160
[RELAY] Got status from sub, seq=1459
[TX] StatusPacket seq=1459 A=3.175 B=91.557
[RX] CmdPacket target=0xFF cmd=0x0 seq=1460
[TX] Immediate reply seq=1460
[FWD] Forward to sub: cmd=0x0 seq=1460
[RELAY] Got status from sub, seq=1460
[TX] StatusPacket seq=1460 A=3.291 B=83.423
[RELAY] Got status from sub, seq=1460
[TX] StatusPacket seq=1460 A=3.006 B=73.184
[RELAY] Got status from sub, seq=1460
[RX] CmdPacket target=0xFF cmd=0x0 seq=1461
[TX] Immediate reply seq=1461
[FWD] Forward to sub: cmd=0x0 seq=1461
[RELAY] Got status from sub, seq=1461
[TX] StatusPacket seq=1461 A=2.389 B=61.503
[RELAY] Got status from sub, seq=1461
[TX] StatusPacket seq=1461 A=1.591 B=49.107
[RELAY] Got status from sub, seq=1461
[RX] CmdPacket target=0xFF cmd=0x0 seq=1462
[TX] Immediate reply seq=1462
[FWD] Forward to sub: cmd=0x0 seq=1462
[RELAY] Got status from sub, seq=1462
[TX] StatusPacket seq=1462 A=0.808 B=36.767
[RELAY] Got status from sub, seq=1462
[TX] StatusPacket seq=1462 A=0.231 B=25.249
[RELAY] Got status from sub, seq=1462
[RX] CmdPacket target=0xFF cmd=0x0 seq=1463
[TX] Immediate reply seq=1463
[FWD] Forward to sub: cmd=0x0 seq=1463
[RELAY] Got status from sub, seq=1463
[TX] StatusPacket seq=1463 A=0.001 B=15.270
[RELAY] Got status from sub, seq=1463
[TX] StatusPacket seq=1463 A=0.175 B=7.451
[RELAY] Got status from sub, seq=1463
[RX] CmdPacket target=0xFF cmd=0x0 seq=1464
[TX] Immediate reply seq=1464
[FWD] Forward to sub: cmd=0x0 seq=1464
[RELAY] Got status from sub, seq=1464
[TX] StatusPacket seq=1464 A=0.710 B=2.277
[RELAY] Got status from sub, seq=1464
[TX] StatusPacket seq=1464 A=1.476 B=0.070
[RELAY] Got status from sub, seq=1464
[RX] CmdPacket target=0xFF cmd=0x0 seq=1465
[TX] Immediate reply seq=1465
[FWD] Forward to sub: cmd=0x0 seq=1465
[RELAY] Got status from sub, seq=1465
[TX] StatusPacket seq=1465 A=2.284 B=0.968
[RELAY] Got status from sub, seq=1465
[TX] StatusPacket seq=1465 A=2.936 B=4.914
[RELAY] Got status from sub, seq=1465
[RX] CmdPacket target=0xFF cmd=0x0 seq=1466
[TX] Immediate reply seq=1466
[FWD] Forward to sub: cmd=0x0 seq=1466
[RELAY] Got status from sub, seq=1466
[TX] StatusPacket seq=1466 A=3.274 B=11.663
[RELAY] Got status from sub, seq=1466
[TX] StatusPacket seq=1466 A=3.215 B=20.796
[RELAY] Got status from sub, seq=1466
[RX] CmdPacket target=0xFF cmd=0x0 seq=1467
[TX] Immediate reply seq=1467
[FWD] Forward to sub: cmd=0x0 seq=1467
[RELAY] Got status from sub, seq=1467
[TX] StatusPacket seq=1467 A=2.772 B=31.745
[RELAY] Got status from sub, seq=1467
[TX] StatusPacket seq=1467 A=2.054 B=43.829
[RELAY] Got status from sub, seq=1467
[RX] CmdPacket target=0xFF cmd=0x0 seq=1468
[TX] Immediate reply seq=1468
[FWD] Forward to sub: cmd=0x0 seq=1468
[RELAY] Got status from sub, seq=1468
[TX] StatusPacket seq=1468 A=1.238 B=56.296
[RELAY] Got status from sub, seq=1468
[TX] StatusPacket seq=1468 A=0.522 B=68.372
[RELAY] Got status from sub, seq=1468
[RX] CmdPacket target=0xFF cmd=0x0 seq=1469
[TX] Immediate reply seq=1469
[FWD] Forward to sub: cmd=0x0 seq=1469
[RELAY] Got status from sub, seq=1469
[TX] StatusPacket seq=1469 A=0.083 B=79.306
[RELAY] Got status from sub, seq=1469
[TX] StatusPacket seq=1469 A=0.027 B=88.418
[RELAY] Got status from sub, seq=1469
[RX] CmdPacket target=0xFF cmd=0x0 seq=1470
[TX] Immediate reply seq=1470
[FWD] Forward to sub: cmd=0x0 seq=1470
[RELAY] Got status from sub, seq=1470
[TX] StatusPacket seq=1470 A=0.369 B=95.141
[RELAY] Got status from sub, seq=1470
[TX] StatusPacket seq=1470 A=1.024 B=99.057
[RELAY] Got status from sub, seq=1470
[RX] CmdPacket target=0xFF cmd=0x0 seq=1471
[TX] Immediate reply seq=1471
[FWD] Forward to sub: cmd=0x0 seq=1471
[RELAY] Got status from sub, seq=1471
[TX] StatusPacket seq=1471 A=1.833 B=99.923
[RELAY] Got status from sub, seq=1471
[TX] StatusPacket seq=1471 A=2.596 B=97.685
[RELAY] Got status from sub, seq=1471
[RX] CmdPacket target=0xFF cmd=0x0 seq=1472
[TX] Immediate reply seq=1472
[FWD] Forward to sub: cmd=0x0 seq=1472
[RELAY] Got status from sub, seq=1472
[TX] StatusPacket seq=1472 A=3.129 B=92.483
[RELAY] Got status from sub, seq=1472
[TX] StatusPacket seq=1472 A=3.299 B=84.639
[RELAY] Got status from sub, seq=1472
[RX] CmdPacket target=0xFF cmd=0x0 seq=1473
[TX] Immediate reply seq=1473
[FWD] Forward to sub: cmd=0x0 seq=1473
[RELAY] Got status from sub, seq=1473
[TX] StatusPacket seq=1473 A=3.065 B=74.641
[RELAY] Got status from sub, seq=1473
[TX] StatusPacket seq=1473 A=2.485 B=63.111
[RELAY] Got status from sub, seq=1473
[RX] CmdPacket target=0xFF cmd=0x0 seq=1474
[TX] Immediate reply seq=1474
[FWD] Forward to sub: cmd=0x0 seq=1474
[RELAY] Got status from sub, seq=1474
[TX] StatusPacket seq=1474 A=1.701 B=50.767
[RELAY] Got status from sub, seq=1474
[TX] StatusPacket seq=1474 A=0.904 B=38.374
[RELAY] Got status from sub, seq=1474
[RX] CmdPacket target=0xFF cmd=0x0 seq=1475
[TX] Immediate reply seq=1475
[FWD] Forward to sub: cmd=0x0 seq=1475
[RELAY] Got status from sub, seq=1475
[TX] StatusPacket seq=1475 A=0.290 B=26.704
[RELAY] Got status from sub, seq=1475
[TX] StatusPacket seq=1475 A=0.008 B=16.483
[RELAY] Got status from sub, seq=1475
[RX] CmdPacket target=0xFF cmd=0x0 seq=1476
[TX] Immediate reply seq=1476
[FWD] Forward to sub: cmd=0x0 seq=1476
[RELAY] Got status from sub, seq=1476
[TX] StatusPacket seq=1476 A=0.129 B=8.346
[RELAY] Got status from sub, seq=1476
[TX] StatusPacket seq=1476 A=0.622 B=2.798
[RELAY] Got status from sub, seq=1476
[RX] CmdPacket target=0xFF cmd=0x0 seq=1477
[TX] Immediate reply seq=1477
[FWD] Forward to sub: cmd=0x0 seq=1477
[RELAY] Got status from sub, seq=1477
[TX] StatusPacket seq=1477 A=1.367 B=0.185
[RELAY] Got status from sub, seq=1477
[TX] StatusPacket seq=1477 A=2.181 B=0.670
[RELAY] Got status from sub, seq=1477
[RX] CmdPacket target=0xFF cmd=0x0 seq=1478
[TX] Immediate reply seq=1478
[FWD] Forward to sub: cmd=0x0 seq=1478
[RELAY] Got status from sub, seq=1478
[TX] StatusPacket seq=1478 A=2.865 B=4.221
[RELAY] Got status from sub, seq=1478
[TX] StatusPacket seq=1478 A=3.252 B=10.619
[RELAY] Got status from sub, seq=1478
[RX] CmdPacket target=0xFF cmd=0x0 seq=1479
[TX] Immediate reply seq=1479
[FWD] Forward to sub: cmd=0x0 seq=1479
[RELAY] Got status from sub, seq=1479
[TX] StatusPacket seq=1479 A=3.246 B=19.466
[RELAY] Got status from sub, seq=1479
[TX] StatusPacket seq=1479 A=2.849 B=30.211
[RELAY] Got status from sub, seq=1479
[RX] CmdPacket target=0xFF cmd=0x0 seq=1480
[TX] Immediate reply seq=1480
[FWD] Forward to sub: cmd=0x0 seq=1480
[RELAY] Got status from sub, seq=1480
[TX] StatusPacket seq=1480 A=2.159 B=42.186
[RELAY] Got status from sub, seq=1480
[TX] StatusPacket seq=1480 A=1.345 B=54.647
[RELAY] Got status from sub, seq=1480
[RX] CmdPacket target=0xFF cmd=0x0 seq=1481
[TX] Immediate reply seq=1481
[FWD] Forward to sub: cmd=0x0 seq=1481
[RELAY] Got status from sub, seq=1481
[TX] StatusPacket seq=1481 A=0.605 B=66.819
[RELAY] Got status from sub, seq=1481
[TX] StatusPacket seq=1481 A=0.121 B=77.946
[RELAY] Got status from sub, seq=1481
[RX] CmdPacket target=0xFF cmd=0x0 seq=1482
[TX] Immediate reply seq=1482
[FWD] Forward to sub: cmd=0x0 seq=1482
[RELAY] Got status from sub, seq=1482
[TX] StatusPacket seq=1482 A=0.011 B=87.335
[RELAY] Got status from sub, seq=1482
[TX] StatusPacket seq=1482 A=0.303 B=94.402
[RELAY] Got status from sub, seq=1482
[RX] CmdPacket target=0xFF cmd=0x0 seq=1483
[TX] Immediate reply seq=1483
[FWD] Forward to sub: cmd=0x0 seq=1483
[RELAY] Got status from sub, seq=1483
[TX] StatusPacket seq=1483 A=0.924 B=98.709
[RELAY] Got status from sub, seq=1483
[TX] StatusPacket seq=1483 A=1.723 B=99.988
[RELAY] Got status from sub, seq=1483
[RX] CmdPacket target=0xFF cmd=0x0 seq=1484
[TX] Immediate reply seq=1484
[FWD] Forward to sub: cmd=0x0 seq=1484
[RELAY] Got status from sub, seq=1484
[TX] StatusPacket seq=1484 A=2.505 B=98.158
[RELAY] Got status from sub, seq=1484
[TX] StatusPacket seq=1484 A=3.077 B=93.334
[RELAY] Got status from sub, seq=1484
[RX] CmdPacket target=0xFF cmd=0x0 seq=1485
[TX] Immediate reply seq=1485
[FWD] Forward to sub: cmd=0x0 seq=1485
[RELAY] Got status from sub, seq=1485
[TX] StatusPacket seq=1485 A=3.299 B=85.816
[RELAY] Got status from sub, seq=1485
[TX] StatusPacket seq=1485 A=3.118 B=76.071
[RELAY] Got status from sub, seq=1485
[RX] CmdPacket target=0xFF cmd=0x0 seq=1486
[TX] Immediate reply seq=1486
[FWD] Forward to sub: cmd=0x0 seq=1486
[RELAY] Got status from sub, seq=1486
[TX] StatusPacket seq=1486 A=2.578 B=64.705
[RELAY] Got status from sub, seq=1486
[TX] StatusPacket seq=1486 A=1.810 B=52.425
[RELAY] Got status from sub, seq=1486
[RX] CmdPacket target=0xFF cmd=0x0 seq=1487
[TX] Immediate reply seq=1487
[FWD] Forward to sub: cmd=0x0 seq=1487
[RELAY] Got status from sub, seq=1487
[TX] StatusPacket seq=1487 A=1.003 B=39.994
[RELAY] Got status from sub, seq=1487
[TX] StatusPacket seq=1487 A=0.354 B=28.185
[RELAY] Got status from sub, seq=1487
[RX] CmdPacket target=0xFF cmd=0x0 seq=1488
[TX] Immediate reply seq=1488
[FWD] Forward to sub: cmd=0x0 seq=1488
[RELAY] Got status from sub, seq=1488
[TX] StatusPacket seq=1488 A=0.023 B=17.714
[RELAY] Got status from sub, seq=1488
[TX] StatusPacket seq=1488 A=0.090 B=9.286
[RELAY] Got status from sub, seq=1488
[TX] StatusPacket seq=1488 A=0.539 B=3.371
[RX] CmdPacket target=0xFF cmd=0x0 seq=1489
[TX] Immediate reply seq=1489
[FWD] Forward to sub: cmd=0x0 seq=1489
[RELAY] Got status from sub, seq=1489
[TX] StatusPacket seq=1489 A=1.260 B=0.355
[TX] StatusPacket seq=1489 A=2.076 B=0.426
[RX] CmdPacket target=0xFF cmd=0x0 seq=1490
[TX] Immediate reply seq=1490
[FWD] Forward to sub: cmd=0x0 seq=1490
[RELAY] Got status from sub, seq=1490
[TX] StatusPacket seq=1490 A=2.788 B=3.580
[RELAY] Got status from sub, seq=1490
[TX] StatusPacket seq=1490 A=3.222 B=9.619
[RELAY] Got status from sub, seq=1490
[RX] CmdPacket target=0xFF cmd=0x0 seq=1491
[TX] Immediate reply seq=1491
[FWD] Forward to sub: cmd=0x0 seq=1491
[RELAY] Got status from sub, seq=1491
[TX] StatusPacket seq=1491 A=3.270 B=18.169
[RELAY] Got status from sub, seq=1491
[TX] StatusPacket seq=1491 A=2.922 B=28.698
[RELAY] Got status from sub, seq=1491
[RX] CmdPacket target=0xFF cmd=0x0 seq=1492
[TX] Immediate reply seq=1492
[FWD] Forward to sub: cmd=0x0 seq=1492
[RELAY] Got status from sub, seq=1492
[TX] StatusPacket seq=1492 A=2.262 B=40.552
[RELAY] Got status from sub, seq=1492
[TX] StatusPacket seq=1492 A=1.453 B=52.993
[RELAY] Got status from sub, seq=1492
[RX] CmdPacket target=0xFF cmd=0x0 seq=1493
[TX] Immediate reply seq=1493
[FWD] Forward to sub: cmd=0x0 seq=1493
[RELAY] Got status from sub, seq=1493
[TX] StatusPacket seq=1493 A=0.692 B=65.248
[RELAY] Got status from sub, seq=1493
[TX] StatusPacket seq=1493 A=0.165 B=76.555
[RELAY] Got status from sub, seq=1493
[RX] CmdPacket target=0xFF cmd=0x0 seq=1494
[TX] Immediate reply seq=1494
[FWD] Forward to sub: cmd=0x0 seq=1494
[RELAY] Got status from sub, seq=1494
[TX] StatusPacket seq=1494 A=0.002 B=86.211
[RELAY] Got status from sub, seq=1494
[TX] StatusPacket seq=1494 A=0.242 B=93.615
[RELAY] Got status from sub, seq=1494
[RX] CmdPacket target=0xFF cmd=0x0 seq=1495
[TX] Immediate reply seq=1495
[FWD] Forward to sub: cmd=0x0 seq=1495
[RELAY] Got status from sub, seq=1495
[TX] StatusPacket seq=1495 A=0.828 B=98.308
[RELAY] Got status from sub, seq=1495
[TX] StatusPacket seq=1495 A=1.614 B=99.997
[RELAY] Got status from sub, seq=1495
[RX] CmdPacket target=0xFF cmd=0x0 seq=1496
[TX] Immediate reply seq=1496
[FWD] Forward to sub: cmd=0x0 seq=1496
[RELAY] Got status from sub, seq=1496
[TX] StatusPacket seq=1496 A=2.409 B=98.578
[RELAY] Got status from sub, seq=1496
[TX] StatusPacket seq=1496 A=3.019 B=94.138
[RELAY] Got status from sub, seq=1496
[RX] CmdPacket target=0xFF cmd=0x0 seq=1497
[TX] Immediate reply seq=1497
[FWD] Forward to sub: cmd=0x0 seq=1497
[RELAY] Got status from sub, seq=1497
[TX] StatusPacket seq=1497 A=3.293 B=86.954
[RELAY] Got status from sub, seq=1497
[TX] StatusPacket seq=1497 A=3.165 B=77.472
[RELAY] Got status from sub, seq=1497
[RX] CmdPacket target=0xFF cmd=0x0 seq=1498
[TX] Immediate reply seq=1498
[FWD] Forward to sub: cmd=0x0 seq=1498
[RELAY] Got status from sub, seq=1498
[TX] StatusPacket seq=1498 A=2.666 B=66.283
[RELAY] Got status from sub, seq=1498
[TX] StatusPacket seq=1498 A=1.918 B=54.081
[RELAY] Got status from sub, seq=1498
[RX] CmdPacket target=0xFF cmd=0x0 seq=1499
[TX] Immediate reply seq=1499
[FWD] Forward to sub: cmd=0x0 seq=1499
[RELAY] Got status from sub, seq=1499
[TX] StatusPacket seq=1499 A=1.105 B=41.625
[RELAY] Got status from sub, seq=1499
[TX] StatusPacket seq=1499 A=0.425 B=29.690
[RELAY] Got status from sub, seq=1499
[RX] CmdPacket target=0xFF cmd=0x0 seq=1500
[TX] Immediate reply seq=1500
[FWD] Forward to sub: cmd=0x0 seq=1500
[RELAY] Got status from sub, seq=1500
[TX] StatusPacket seq=1500 A=0.045 B=19.017
[RELAY] Got status from sub, seq=1500
[TX] StatusPacket seq=1500 A=0.058 B=10.272
[RELAY] Got status from sub, seq=1500
[RX] CmdPacket target=0xFF cmd=0x0 seq=1501
[TX] Immediate reply seq=1501
[FWD] Forward to sub: cmd=0x0 seq=1501
[RELAY] Got status from sub, seq=1501
[TX] StatusPacket seq=1501 A=0.461 B=3.996
[RELAY] Got status from sub, seq=1501
[TX] StatusPacket seq=1501 A=1.155 B=0.580
[RELAY] Got status from sub, seq=1501
[RX] CmdPacket target=0xFF cmd=0x0 seq=1502
[TX] Immediate reply seq=1502
[FWD] Forward to sub: cmd=0x0 seq=1502
[RELAY] Got status from sub, seq=1502
[TX] StatusPacket seq=1502 A=1.970 B=0.237
[RELAY] Got status from sub, seq=1502
[TX] StatusPacket seq=1502 A=2.707 B=2.989
[RELAY] Got status from sub, seq=1502
[RX] CmdPacket target=0xFF cmd=0x0 seq=1503
[TX] Immediate reply seq=1503
[FWD] Forward to sub: cmd=0x0 seq=1503
[RELAY] Got status from sub, seq=1503
[TX] StatusPacket seq=1503 A=3.185 B=8.663
[RELAY] Got status from sub, seq=1503
[TX] StatusPacket seq=1503 A=3.287 B=16.907
[RELAY] Got status from sub, seq=1503
[RX] CmdPacket target=0xFF cmd=0x0 seq=1504
[TX] Immediate reply seq=1504
[FWD] Forward to sub: cmd=0x0 seq=1504
[RELAY] Got status from sub, seq=1504
[TX] StatusPacket seq=1504 A=2.989 B=27.209
[RELAY] Got status from sub, seq=1504
[TX] StatusPacket seq=1504 A=2.363 B=38.928
[RELAY] Got status from sub, seq=1504
[RX] CmdPacket target=0xFF cmd=0x0 seq=1505
[TX] Immediate reply seq=1505
[FWD] Forward to sub: cmd=0x0 seq=1505
[RELAY] Got status from sub, seq=1505
[TX] StatusPacket seq=1505 A=1.562 B=51.335
[RELAY] Got status from sub, seq=1505
[TX] StatusPacket seq=1505 A=0.783 B=63.659
[RELAY] Got status from sub, seq=1505
[RX] CmdPacket target=0xFF cmd=0x0 seq=1506
[TX] Immediate reply seq=1506
[FWD] Forward to sub: cmd=0x0 seq=1506
[RELAY] Got status from sub, seq=1506
[TX] StatusPacket seq=1506 A=0.216 B=75.134
[RELAY] Got status from sub, seq=1506
[TX] StatusPacket seq=1506 A=0.000 B=85.047
[RELAY] Got status from sub, seq=1506
[RX] CmdPacket target=0xFF cmd=0x0 seq=1507
[TX] Immediate reply seq=1507
[FWD] Forward to sub: cmd=0x0 seq=1507
[RELAY] Got status from sub, seq=1507
[TX] StatusPacket seq=1507 A=0.188 B=92.780
[RELAY] Got status from sub, seq=1507
[TX] StatusPacket seq=1507 A=0.734 B=97.853
[RELAY] Got status from sub, seq=1507
[RX] CmdPacket target=0xFF cmd=0x0 seq=1508
[TX] Immediate reply seq=1508
[FWD] Forward to sub: cmd=0x0 seq=1508
[RELAY] Got status from sub, seq=1508
[TX] StatusPacket seq=1508 A=1.505 B=99.951
[RELAY] Got status from sub, seq=1508
[TX] StatusPacket seq=1508 A=2.310 B=98.944
[RELAY] Got status from sub, seq=1508
[RX] CmdPacket target=0xFF cmd=0x0 seq=1509
[TX] Immediate reply seq=1509
[FWD] Forward to sub: cmd=0x0 seq=1509
[RELAY] Got status from sub, seq=1509
[TX] StatusPacket seq=1509 A=2.955 B=94.893
[RELAY] Got status from sub, seq=1509
[TX] StatusPacket seq=1509 A=3.279 B=88.051
[RELAY] Got status from sub, seq=1509
[RX] CmdPacket target=0xFF cmd=0x0 seq=1510
[TX] Immediate reply seq=1510
[FWD] Forward to sub: cmd=0x0 seq=1510
[RELAY] Got status from sub, seq=1510
[TX] StatusPacket seq=1510 A=3.205 B=78.843
[RELAY] Got status from sub, seq=1510
[TX] StatusPacket seq=1510 A=2.750 B=67.842
[RELAY] Got status from sub, seq=1510
[RX] CmdPacket target=0xFF cmd=0x0 seq=1511
[TX] Immediate reply seq=1511
[FWD] Forward to sub: cmd=0x0 seq=1511
[RELAY] Got status from sub, seq=1511
[TX] StatusPacket seq=1511 A=2.026 B=55.732
[RELAY] Got status from sub, seq=1511
[TX] StatusPacket seq=1511 A=1.210 B=43.265
[RELAY] Got status from sub, seq=1511
[RX] CmdPacket target=0xFF cmd=0x0 seq=1512
[TX] Immediate reply seq=1512
[FWD] Forward to sub: cmd=0x0 seq=1512
[RELAY] Got status from sub, seq=1512
[TX] StatusPacket seq=1512 A=0.501 B=31.217
[RELAY] Got status from sub, seq=1512
[TX] StatusPacket seq=1512 A=0.074 B=20.337
[RELAY] Got status from sub, seq=1512
[RX] CmdPacket target=0xFF cmd=0x0 seq=1513
[TX] Immediate reply seq=1513
[FWD] Forward to sub: cmd=0x0 seq=1513
[RELAY] Got status from sub, seq=1513
[TX] StatusPacket seq=1513 A=0.033 B=11.301
[RELAY] Got status from sub, seq=1513
[TX] StatusPacket seq=1513 A=0.387 B=4.671
[RELAY] Got status from sub, seq=1513
[RX] CmdPacket target=0xFF cmd=0x0 seq=1514
[TX] Immediate reply seq=1514
[FWD] Forward to sub: cmd=0x0 seq=1514
[RELAY] Got status from sub, seq=1514
[TX] StatusPacket seq=1514 A=1.051 B=0.859
[RELAY] Got status from sub, seq=1514
[TX] StatusPacket seq=1514 A=1.862 B=0.103
[RELAY] Got status from sub, seq=1514
[RX] CmdPacket target=0xFF cmd=0x0 seq=1515
[TX] Immediate reply seq=1515
[FWD] Forward to sub: cmd=0x0 seq=1515
[RELAY] Got status from sub, seq=1515
[TX] StatusPacket seq=1515 A=2.620 B=2.450
[RELAY] Got status from sub, seq=1515
[TX] StatusPacket seq=1515 A=3.141 B=7.752
[RELAY] Got status from sub, seq=1515
[RX] CmdPacket target=0xFF cmd=0x0 seq=1516
[TX] Immediate reply seq=1516
[FWD] Forward to sub: cmd=0x0 seq=1516
[RELAY] Got status from sub, seq=1516
[TX] StatusPacket seq=1516 A=3.297 B=15.682
[RELAY] Got status from sub, seq=1516
[TX] StatusPacket seq=1516 A=3.050 B=25.745
[RELAY] Got status from sub, seq=1516
[RX] CmdPacket target=0xFF cmd=0x0 seq=1517
[TX] Immediate reply seq=1517
[FWD] Forward to sub: cmd=0x0 seq=1517
[RELAY] Got status from sub, seq=1517
[TX] StatusPacket seq=1517 A=2.457 B=37.363
[RELAY] Got status from sub, seq=1517
[TX] StatusPacket seq=1517 A=1.671 B=49.676
[RELAY] Got status from sub, seq=1517
[TX] StatusPacket seq=1517 A=0.878 B=62.056
[RELAY] Got status from sub, seq=1517
[TX] StatusPacket seq=1517 A=0.271 B=73.729
[TX] StatusPacket seq=1517 A=0.006 B=83.844
[RELAY] Got status from sub, seq=1517
[RX] CmdPacket target=0xFF cmd=0x0 seq=1519
[TX] Immediate reply seq=1519
[FWD] Forward to sub: cmd=0x0 seq=1519
[RELAY] Got status from sub, seq=1519
[TX] StatusPacket seq=1519 A=0.141 B=91.898
[RELAY] Got status from sub, seq=1519
[TX] StatusPacket seq=1519 A=0.645 B=97.346
[RELAY] Got status from sub, seq=1519
[RX] CmdPacket target=0xFF cmd=0x0 seq=1520
[TX] Immediate reply seq=1520
[FWD] Forward to sub: cmd=0x0 seq=1520
[RELAY] Got status from sub, seq=1520
[TX] StatusPacket seq=1520 A=1.396 B=99.851
[RELAY] Got status from sub, seq=1520
[TX] StatusPacket seq=1520 A=2.209 B=99.256
[RELAY] Got status from sub, seq=1520
[RX] CmdPacket target=0xFF cmd=0x0 seq=1521
[TX] Immediate reply seq=1521
[FWD] Forward to sub: cmd=0x0 seq=1521
[RELAY] Got status from sub, seq=1521
[TX] StatusPacket seq=1521 A=2.885 B=95.599
[RELAY] Got status from sub, seq=1521
[TX] StatusPacket seq=1521 A=3.258 B=89.106
[RELAY] Got status from sub, seq=1521
[RX] CmdPacket target=0xFF cmd=0x0 seq=1522
[TX] Immediate reply seq=1522
[FWD] Forward to sub: cmd=0x0 seq=1522
[RELAY] Got status from sub, seq=1522
[TX] StatusPacket seq=1522 A=3.238 B=80.183
[RELAY] Got status from sub, seq=1522
[TX] StatusPacket seq=1522 A=2.829 B=69.382
[RELAY] Got status from sub, seq=1522
[RX] CmdPacket target=0xFF cmd=0x0 seq=1523
[TX] Immediate reply seq=1523
[FWD] Forward to sub: cmd=0x0 seq=1523
[RELAY] Got status from sub, seq=1523
[TX] StatusPacket seq=1523 A=2.132 B=57.377
[RELAY] Got status from sub, seq=1523
[TX] StatusPacket seq=1523 A=1.316 B=44.912
[RELAY] Got status from sub, seq=1523
[RX] CmdPacket target=0xFF cmd=0x0 seq=1524
[TX] Immediate reply seq=1524
[FWD] Forward to sub: cmd=0x0 seq=1524
[RELAY] Got status from sub, seq=1524
[TX] StatusPacket seq=1524 A=0.582 B=32.765
[RELAY] Got status from sub, seq=1524
[TX] StatusPacket seq=1524 A=0.110 B=21.688
[RELAY] Got status from sub, seq=1524
[RX] CmdPacket target=0xFF cmd=0x0 seq=1525
[TX] Immediate reply seq=1525
[FWD] Forward to sub: cmd=0x0 seq=1525
[RELAY] Got status from sub, seq=1525
[TX] StatusPacket seq=1525 A=0.015 B=12.372
[RELAY] Got status from sub, seq=1525
[TX] StatusPacket seq=1525 A=0.320 B=5.396
[RELAY] Got status from sub, seq=1525
[RX] CmdPacket target=0xFF cmd=0x0 seq=1526
[TX] Immediate reply seq=1526
[FWD] Forward to sub: cmd=0x0 seq=1526
[RELAY] Got status from sub, seq=1526
[TX] StatusPacket seq=1526 A=0.951 B=1.193
[RELAY] Got status from sub, seq=1526
[TX] StatusPacket seq=1526 A=1.753 B=0.024
[RELAY] Got status from sub, seq=1526
[RX] CmdPacket target=0xFF cmd=0x0 seq=1527
[TX] Immediate reply seq=1527
[FWD] Forward to sub: cmd=0x0 seq=1527
[RELAY] Got status from sub, seq=1527
[TX] StatusPacket seq=1527 A=2.530 B=1.963
[RELAY] Got status from sub, seq=1527
[TX] StatusPacket seq=1527 A=3.091 B=6.888
[RELAY] Got status from sub, seq=1527
[RX] CmdPacket target=0xFF cmd=0x0 seq=1528
[TX] Immediate reply seq=1528
[FWD] Forward to sub: cmd=0x0 seq=1528
[RELAY] Got status from sub, seq=1528
[TX] StatusPacket seq=1528 A=3.300 B=14.494
[RELAY] Got status from sub, seq=1528
[TX] StatusPacket seq=1528 A=3.105 B=24.308
[RELAY] Got status from sub, seq=1528
[RX] CmdPacket target=0xFF cmd=0x0 seq=1529
[TX] Immediate reply seq=1529
[FWD] Forward to sub: cmd=0x0 seq=1529
[RELAY] Got status from sub, seq=1529
[TX] StatusPacket seq=1529 A=2.553 B=35.718
[RELAY] Got status from sub, seq=1529
[TX] StatusPacket seq=1529 A=1.781 B=48.017
[RELAY] Got status from sub, seq=1529
[RX] CmdPacket target=0xFF cmd=0x0 seq=1530
[TX] Immediate reply seq=1530
[FWD] Forward to sub: cmd=0x0 seq=1530
[RELAY] Got status from sub, seq=1530
[TX] StatusPacket seq=1530 A=0.976 B=60.439
[RELAY] Got status from sub, seq=1530
[TX] StatusPacket seq=1530 A=0.337 B=72.212
[RELAY] Got status from sub, seq=1530
[RX] CmdPacket target=0xFF cmd=0x0 seq=1531
[TX] Immediate reply seq=1531
[FWD] Forward to sub: cmd=0x0 seq=1531
[RELAY] Got status from sub, seq=1531
[TX] StatusPacket seq=1531 A=0.019 B=82.604
[RELAY] Got status from sub, seq=1531
[TX] StatusPacket seq=1531 A=0.100 B=90.969
[RELAY] Got status from sub, seq=1531
[RX] CmdPacket target=0xFF cmd=0x0 seq=1532
[TX] Immediate reply seq=1532
[FWD] Forward to sub: cmd=0x0 seq=1532
[RELAY] Got status from sub, seq=1532
[TX] StatusPacket seq=1532 A=0.561 B=96.787
[RELAY] Got status from sub, seq=1532
[TX] StatusPacket seq=1532 A=1.288 B=99.695
[RELAY] Got status from sub, seq=1532
[RX] CmdPacket target=0xFF cmd=0x0 seq=1533
[TX] Immediate reply seq=1533
[FWD] Forward to sub: cmd=0x0 seq=1533
[RELAY] Got status from sub, seq=1533
[TX] StatusPacket seq=1533 A=2.105 B=99.514
[RELAY] Got status from sub, seq=1533
[TX] StatusPacket seq=1533 A=2.809 B=96.254
[RELAY] Got status from sub, seq=1533
[RX] CmdPacket target=0xFF cmd=0x0 seq=1534
[TX] Immediate reply seq=1534
[FWD] Forward to sub: cmd=0x0 seq=1534
[RELAY] Got status from sub, seq=1534
[TX] StatusPacket seq=1534 A=3.230 B=90.119
[RELAY] Got status from sub, seq=1534
[TX] StatusPacket seq=1534 A=3.264 B=81.489
[RELAY] Got status from sub, seq=1534
[RX] CmdPacket target=0xFF cmd=0x0 seq=1535
[TX] Immediate reply seq=1535
[FWD] Forward to sub: cmd=0x0 seq=1535
[RELAY] Got status from sub, seq=1535
[TX] StatusPacket seq=1535 A=2.903 B=70.901
[RELAY] Got status from sub, seq=1535
[TX] StatusPacket seq=1535 A=2.235 B=59.013
[RELAY] Got status from sub, seq=1535
[RX] CmdPacket target=0xFF cmd=0x0 seq=1536
[TX] Immediate reply seq=1536
[FWD] Forward to sub: cmd=0x0 seq=1536
[RELAY] Got status from sub, seq=1536
[TX] StatusPacket seq=1536 A=1.424 B=46.566
[RELAY] Got status from sub, seq=1536
[TX] StatusPacket seq=1536 A=0.668 B=34.331
[RELAY] Got status from sub, seq=1536
[RX] CmdPacket target=0xFF cmd=0x0 seq=1537
[TX] Immediate reply seq=1537
[FWD] Forward to sub: cmd=0x0 seq=1537
[RELAY] Got status from sub, seq=1537
[TX] StatusPacket seq=1537 A=0.152 B=23.071
[RELAY] Got status from sub, seq=1537
[TX] StatusPacket seq=1537 A=0.004 B=13.486
[RELAY] Got status from sub, seq=1537
[RX] CmdPacket target=0xFF cmd=0x0 seq=1538
[TX] Immediate reply seq=1538
[FWD] Forward to sub: cmd=0x0 seq=1538
[RELAY] Got status from sub, seq=1538
[TX] StatusPacket seq=1538 A=0.258 B=6.170
[RELAY] Got status from sub, seq=1538
[TX] StatusPacket seq=1538 A=0.853 B=1.580
[RELAY] Got status from sub, seq=1538
[RX] CmdPacket target=0xFF cmd=0x0 seq=1539
[TX] Immediate reply seq=1539
[FWD] Forward to sub: cmd=0x0 seq=1539
[RELAY] Got status from sub, seq=1539
[TX] StatusPacket seq=1539 A=1.643 B=0.000
[RELAY] Got status from sub, seq=1539
[TX] StatusPacket seq=1539 A=2.435 B=1.529
[RELAY] Got status from sub, seq=1539
[RX] CmdPacket target=0xFF cmd=0x0 seq=1540
[TX] Immediate reply seq=1540
[FWD] Forward to sub: cmd=0x0 seq=1540
[RELAY] Got status from sub, seq=1540
[TX] StatusPacket seq=1540 A=3.035 B=6.072
[RELAY] Got status from sub, seq=1540
[TX] StatusPacket seq=1540 A=3.295 B=13.346
[RELAY] Got status from sub, seq=1540
[RX] CmdPacket target=0xFF cmd=0x0 seq=1541
[TX] Immediate reply seq=1541
[FWD] Forward to sub: cmd=0x0 seq=1541
[RELAY] Got status from sub, seq=1541
[TX] StatusPacket seq=1541 A=3.153 B=22.899
[RELAY] Got status from sub, seq=1541
[TX] StatusPacket seq=1541 A=2.643 B=34.136
[RELAY] Got status from sub, seq=1541
[RX] CmdPacket target=0xFF cmd=0x0 seq=1542
[TX] Immediate reply seq=1542
[FWD] Forward to sub: cmd=0x0 seq=1542
[RELAY] Got status from sub, seq=1542
[TX] StatusPacket seq=1542 A=1.890 B=46.361
[RELAY] Got status from sub, seq=1542
[TX] StatusPacket seq=1542 A=1.078 B=58.811
[RELAY] Got status from sub, seq=1542
[RX] CmdPacket target=0xFF cmd=0x0 seq=1543
[TX] Immediate reply seq=1543
[FWD] Forward to sub: cmd=0x0 seq=1543
[RELAY] Got status from sub, seq=1543
[TX] StatusPacket seq=1543 A=0.406 B=70.714
[RELAY] Got status from sub, seq=1543
[TX] StatusPacket seq=1543 A=0.039 B=81.329
[RELAY] Got status from sub, seq=1543
[RX] CmdPacket target=0xFF cmd=0x0 seq=1544
[TX] Immediate reply seq=1544
[FWD] Forward to sub: cmd=0x0 seq=1544
[RELAY] Got status from sub, seq=1544
[TX] StatusPacket seq=1544 A=0.066 B=89.996
[RELAY] Got status from sub, seq=1544
[TX] StatusPacket seq=1544 A=0.481 B=96.176
[RELAY] Got status from sub, seq=1544
[RX] CmdPacket target=0xFF cmd=0x0 seq=1545
[TX] Immediate reply seq=1545
[FWD] Forward to sub: cmd=0x0 seq=1545
[RELAY] Got status from sub, seq=1545
[TX] StatusPacket seq=1545 A=1.182 B=99.485
[RELAY] Got status from sub, seq=1545
[TX] StatusPacket seq=1545 A=1.998 B=99.717
[RELAY] Got status from sub, seq=1545
[RX] CmdPacket target=0xFF cmd=0x0 seq=1546
[TX] Immediate reply seq=1546
[FWD] Forward to sub: cmd=0x0 seq=1546
[RELAY] Got status from sub, seq=1546
[TX] StatusPacket seq=1546 A=2.731 B=96.842
[RELAY] Got status from sub, seq=1546
[TX] StatusPacket seq=1546 A=3.195 B=91.087
[RELAY] Got status from sub, seq=1546
[TX] StatusPacket seq=1546 A=3.283 B=82.760
[TX] StatusPacket seq=1546 A=2.972 B=72.396
[TX] StatusPacket seq=1546 A=2.336 B=60.640
[RX] CmdPacket target=0xFF cmd=0x0 seq=1548
[TX] Immediate reply seq=1548
[FWD] Forward to sub: cmd=0x0 seq=1548
[RELAY] Got status from sub, seq=1548
[TX] StatusPacket seq=1548 A=1.533 B=48.223
[RELAY] Got status from sub, seq=1548
[TX] StatusPacket seq=1548 A=0.758 B=35.915
[RELAY] Got status from sub, seq=1548
[RX] CmdPacket target=0xFF cmd=0x0 seq=1549
[TX] Immediate reply seq=1549
[FWD] Forward to sub: cmd=0x0 seq=1549
[RELAY] Got status from sub, seq=1549
[TX] StatusPacket seq=1549 A=0.202 B=24.484
[RELAY] Got status from sub, seq=1549
[TX] StatusPacket seq=1549 A=0.000 B=14.639
[RELAY] Got status from sub, seq=1549
[RX] CmdPacket target=0xFF cmd=0x0 seq=1550
[TX] Immediate reply seq=1550
[FWD] Forward to sub: cmd=0x0 seq=1550
[RELAY] Got status from sub, seq=1550
[TX] StatusPacket seq=1550 A=0.202 B=6.993
[RELAY] Got status from sub, seq=1550
[TX] StatusPacket seq=1550 A=0.759 B=2.020
[RELAY] Got status from sub, seq=1550
[RX] CmdPacket target=0xFF cmd=0x0 seq=1551
[TX] Immediate reply seq=1551
[FWD] Forward to sub: cmd=0x0 seq=1551
[RELAY] Got status from sub, seq=1551
[TX] StatusPacket seq=1551 A=1.534 B=0.031
[RELAY] Got status from sub, seq=1551
[TX] StatusPacket seq=1551 A=2.337 B=1.149
[RELAY] Got status from sub, seq=1551
[RX] CmdPacket target=0xFF cmd=0x0 seq=1552
[TX] Immediate reply seq=1552
[FWD] Forward to sub: cmd=0x0 seq=1552
[RELAY] Got status from sub, seq=1552
[TX] StatusPacket seq=1552 A=2.972 B=5.304
[RELAY] Got status from sub, seq=1552
[TX] StatusPacket seq=1552 A=3.284 B=12.237
[RELAY] Got status from sub, seq=1552
[RX] CmdPacket target=0xFF cmd=0x0 seq=1553
[TX] Immediate reply seq=1553
[FWD] Forward to sub: cmd=0x0 seq=1553
[RELAY] Got status from sub, seq=1553
[TX] StatusPacket seq=1553 A=3.195 B=21.519
[RELAY] Got status from sub, seq=1553
[TX] StatusPacket seq=1553 A=2.728 B=32.572
[RELAY] Got status from sub, seq=1553
[RX] CmdPacket target=0xFF cmd=0x0 seq=1554
[TX] Immediate reply seq=1554
[FWD] Forward to sub: cmd=0x0 seq=1554
[RELAY] Got status from sub, seq=1554
[TX] StatusPacket seq=1554 A=1.997 B=44.708
[RELAY] Got status from sub, seq=1554
[TX] StatusPacket seq=1554 A=1.181 B=57.173
[RELAY] Got status from sub, seq=1554
[RX] CmdPacket target=0xFF cmd=0x0 seq=1555
[TX] Immediate reply seq=1555
[FWD] Forward to sub: cmd=0x0 seq=1555
[RELAY] Got status from sub, seq=1555
[TX] StatusPacket seq=1555 A=0.480 B=69.193
[RELAY] Got status from sub, seq=1555
[TX] StatusPacket seq=1555 A=0.066 B=80.019
[RELAY] Got status from sub, seq=1555
[RX] CmdPacket target=0xFF cmd=0x0 seq=1556
[TX] Immediate reply seq=1556
[FWD] Forward to sub: cmd=0x0 seq=1556
[RELAY] Got status from sub, seq=1556
[TX] StatusPacket seq=1556 A=0.039 B=88.978
[RELAY] Got status from sub, seq=1556
[TX] StatusPacket seq=1556 A=0.406 B=95.514
[RELAY] Got status from sub, seq=1556
[RX] CmdPacket target=0xFF cmd=0x0 seq=1557
[TX] Immediate reply seq=1557
[FWD] Forward to sub: cmd=0x0 seq=1557
[RELAY] Got status from sub, seq=1557
[TX] StatusPacket seq=1557 A=1.079 B=99.220
[RELAY] Got status from sub, seq=1557
[TX] StatusPacket seq=1557 A=1.891 B=99.866
[RELAY] Got status from sub, seq=1557
[RX] CmdPacket target=0xFF cmd=0x0 seq=1558
[TX] Immediate reply seq=1558
[FWD] Forward to sub: cmd=0x0 seq=1558
[RELAY] Got status from sub, seq=1558
[TX] StatusPacket seq=1558 A=2.644 B=97.412
[RELAY] Got status from sub, seq=1558
[TX] StatusPacket seq=1558 A=3.154 B=92.009
[RELAY] Got status from sub, seq=1558
[RX] CmdPacket target=0xFF cmd=0x0 seq=1559
[TX] Immediate reply seq=1559
[FWD] Forward to sub: cmd=0x0 seq=1559
[RELAY] Got status from sub, seq=1559
[TX] StatusPacket seq=1559 A=3.295 B=83.995
[RELAY] Got status from sub, seq=1559
[TX] StatusPacket seq=1559 A=3.034 B=73.867
=================================
 sub1 node - RS485 test (F446RE)
=================================
RS485 UART started at 115200 bps
TaskManager tasks registered.
Waiting for packets on RS485 bus...
---------------------------------
[RX] CmdPacket target=0xFF cmd=0x0 seq=6
[TX] Immediate reply seq=6
[FWD] Forward to sub: cmd=0x0 seq=6
[RELAY] Got status from sub, seq=6
[RELAY] Got status from sub, seq=6
[TX] StatusPacket seq=6 A=3.046 B=93.771
[RELAY] Got status from sub, seq=6
[TX] StatusPacket seq=6 A=3.297 B=86.431
[RX] CmdPacket target=0xFF cmd=0x0 seq=7
[TX] Immediate reply seq=7
[FWD] Forward to sub: cmd=0x0 seq=7
[RELAY] Got status from sub, seq=7
[RELAY] Got status from sub, seq=7
[TX] StatusPacket seq=7 A=3.144 B=76.826
[RELAY] Got status from sub, seq=7
[TX] StatusPacket seq=7 A=2.626 B=65.552
[RX] CmdPacket target=0xFF cmd=0x0 seq=8
[TX] Immediate reply seq=8
[FWD] Forward to sub: cmd=0x0 seq=8
[RELAY] Got status from sub, seq=8
[RELAY] Got status from sub, seq=8
[TX] StatusPacket seq=8 A=1.868 B=53.312
[RELAY] Got status from sub, seq=8
[TX] StatusPacket seq=8 A=1.057 B=40.866
[RX] CmdPacket target=0xFF cmd=0x0 seq=9
[TX] Immediate reply seq=9
[FWD] Forward to sub: cmd=0x0 seq=9
[RELAY] Got status from sub, seq=9
[RELAY] Got status from sub, seq=9
[TX] StatusPacket seq=9 A=0.392 B=28.988
[RELAY] Got status from sub, seq=9
[TX] StatusPacket seq=9 A=0.034 B=18.417
[RX] CmdPacket target=0xFF cmd=0x0 seq=10
[TX] Immediate reply seq=10
[FWD] Forward to sub: cmd=0x0 seq=10
[RELAY] Got status from sub, seq=10
[RELAY] Got status from sub, seq=10
[TX] StatusPacket seq=10 A=0.072 B=9.809
[RELAY] Got status from sub, seq=10
[TX] StatusPacket seq=10 A=0.496 B=3.699
[RX] CmdPacket target=0xFF cmd=0x0 seq=11
[TX] Immediate reply seq=11
[FWD] Forward to sub: cmd=0x0 seq=11
[RELAY] Got status from sub, seq=11
[RELAY] Got status from sub, seq=11
[TX] StatusPacket seq=11 A=1.203 B=0.469
[RELAY] Got status from sub, seq=11
[TX] StatusPacket seq=11 A=2.019 B=0.318
[RX] CmdPacket target=0xFF cmd=0x0 seq=12
[TX] Immediate reply seq=12
[FWD] Forward to sub: cmd=0x0 seq=12
[RELAY] Got status from sub, seq=12
[RELAY] Got status from sub, seq=12
[TX] StatusPacket seq=12 A=2.745 B=3.257
[RELAY] Got status from sub, seq=12
[TX] StatusPacket seq=12 A=3.203 B=9.101
[RX] CmdPacket target=0xFF cmd=0x0 seq=13
[TX] Immediate reply seq=13
[FWD] Forward to sub: cmd=0x0 seq=13
[RELAY] Got status from sub, seq=13
[RELAY] Got status from sub, seq=13
[TX] StatusPacket seq=13 A=3.280 B=17.488
[RELAY] Got status from sub, seq=13
[TX] StatusPacket seq=13 A=2.959 B=27.897
[RX] CmdPacket target=0xFF cmd=0x0 seq=14
[TX] Immediate reply seq=14
[FWD] Forward to sub: cmd=0x0 seq=14
[RELAY] Got status from sub, seq=14
[RELAY] Got status from sub, seq=14
[TX] StatusPacket seq=14 A=2.316 B=39.680
[RELAY] Got status from sub, seq=14
[TX] StatusPacket seq=14 A=1.511 B=52.105
[RX] CmdPacket target=0xFF cmd=0x0 seq=15
[TX] Immediate reply seq=15
[FWD] Forward to sub: cmd=0x0 seq=15
[RELAY] Got status from sub, seq=15
[RELAY] Got status from sub, seq=15
[TX] StatusPacket seq=15 A=0.740 B=64.399
[RELAY] Got status from sub, seq=15
[TX] StatusPacket seq=15 A=0.191 B=75.797
[RX] CmdPacket target=0xFF cmd=0x0 seq=16
[TX] Immediate reply seq=16
[FWD] Forward to sub: cmd=0x0 seq=16
[RELAY] Got status from sub, seq=16
[RELAY] Got status from sub, seq=16
[TX] StatusPacket seq=16 A=0.000 B=85.592
[RELAY] Got status from sub, seq=16
[TX] StatusPacket seq=16 A=0.213 B=93.174
[RX] CmdPacket target=0xFF cmd=0x0 seq=17
[TX] Immediate reply seq=17
[FWD] Forward to sub: cmd=0x0 seq=17
[RELAY] Got status from sub, seq=17
[RELAY] Got status from sub, seq=17
[TX] StatusPacket seq=17 A=0.777 B=98.071
[RELAY] Got status from sub, seq=17
[TX] StatusPacket seq=17 A=1.555 B=99.979
[RX] CmdPacket target=0xFF cmd=0x0 seq=18
[TX] Immediate reply seq=18
[FWD] Forward to sub: cmd=0x0 seq=18
[RELAY] Got status from sub, seq=18
[RELAY] Got status from sub, seq=18
[TX] StatusPacket seq=18 A=2.357 B=98.780
[RELAY] Got status from sub, seq=18
[TX] StatusPacket seq=18 A=2.985 B=94.549
[RX] CmdPacket target=0xFF cmd=0x0 seq=19
[TX] Immediate reply seq=19
[FWD] Forward to sub: cmd=0x0 seq=19
[RELAY] Got status from sub, seq=19
[RELAY] Got status from sub, seq=19
[TX] StatusPacket seq=19 A=3.286 B=87.547
[RELAY] Got status from sub, seq=19
[TX] StatusPacket seq=19 A=3.187 B=78.211
[RX] CmdPacket target=0xFF cmd=0x0 seq=20
[TX] Immediate reply seq=20
[FWD] Forward to sub: cmd=0x0 seq=20
[RELAY] Got status from sub, seq=20
[RELAY] Got status from sub, seq=20
[TX] StatusPacket seq=20 A=2.712 B=67.121
[RELAY] Got status from sub, seq=20
[TX] StatusPacket seq=20 A=1.976 B=54.966
[RX] CmdPacket target=0xFF cmd=0x0 seq=21
[TX] Immediate reply seq=21
[FWD] Forward to sub: cmd=0x0 seq=21
[RELAY] Got status from sub, seq=21
[RELAY] Got status from sub, seq=21
[TX] StatusPacket seq=21 A=1.161 B=42.502
[RELAY] Got status from sub, seq=21
[TX] StatusPacket seq=21 A=0.465 B=30.505
[RX] CmdPacket target=0xFF cmd=0x0 seq=22
[TX] Immediate reply seq=22
[FWD] Forward to sub: cmd=0x0 seq=22
[RELAY] Got status from sub, seq=22
[RELAY] Got status from sub, seq=22
[TX] StatusPacket seq=22 A=0.060 B=19.720
[RELAY] Got status from sub, seq=22
[TX] StatusPacket seq=22 A=0.044 B=10.818
[RX] CmdPacket target=0xFF cmd=0x0 seq=23
[TX] Immediate reply seq=23
[FWD] Forward to sub: cmd=0x0 seq=23
[RELAY] Got status from sub, seq=23
[RELAY] Got status from sub, seq=23
[TX] StatusPacket seq=23 A=0.421 B=4.351
[RELAY] Got status from sub, seq=23
[TX] StatusPacket seq=23 A=1.099 B=0.723
[RX] CmdPacket target=0xFF cmd=0x0 seq=24
[TX] Immediate reply seq=24
[FWD] Forward to sub: cmd=0x0 seq=24
[RELAY] Got status from sub, seq=24
[RELAY] Got status from sub, seq=24
[TX] StatusPacket seq=24 A=1.912 B=0.159
[RELAY] Got status from sub, seq=24
[TX] StatusPacket seq=24 A=2.661 B=2.693
[RX] CmdPacket target=0xFF cmd=0x0 seq=25
[TX] Immediate reply seq=25
[FWD] Forward to sub: cmd=0x0 seq=25
[RELAY] Got status from sub, seq=25
[RELAY] Got status from sub, seq=25
[TX] StatusPacket seq=25 A=3.162 B=8.169
[RELAY] Got status from sub, seq=25
[TX] StatusPacket seq=25 A=3.294 B=16.246
[RX] CmdPacket target=0xFF cmd=0x0 seq=26
[TX] Immediate reply seq=26
[FWD] Forward to sub: cmd=0x0 seq=26
[RELAY] Got status from sub, seq=26
[RELAY] Got status from sub, seq=26
[TX] StatusPacket seq=26 A=3.022 B=26.421
[RELAY] Got status from sub, seq=26
[TX] StatusPacket seq=26 A=2.415 B=38.063
[RX] CmdPacket target=0xFF cmd=0x0 seq=27
[TX] Immediate reply seq=27
[FWD] Forward to sub: cmd=0x0 seq=27
[RELAY] Got status from sub, seq=27
[RELAY] Got status from sub, seq=27
[TX] StatusPacket seq=27 A=1.621 B=50.446
[RELAY] Got status from sub, seq=27
[TX] StatusPacket seq=27 A=0.833 B=62.802
[RX] CmdPacket target=0xFF cmd=0x0 seq=28
[TX] Immediate reply seq=28
[FWD] Forward to sub: cmd=0x0 seq=28
[RELAY] Got status from sub, seq=28
[RELAY] Got status from sub, seq=28
[TX] StatusPacket seq=28 A=0.244 B=74.406
[TX] StatusPacket seq=28 A=0.002 B=84.407
[RELAY] Got status from sub, seq=28
[RX] CmdPacket target=0xFF cmd=0x0 seq=29
[TX] Immediate reply seq=29
[FWD] Forward to sub: cmd=0x0 seq=29
[RELAY] Got status from sub, seq=29
[TX] StatusPacket seq=29 A=0.162 B=92.313
[RELAY] Got status from sub, seq=29
[TX] StatusPacket seq=29 A=0.686 B=97.588
[RELAY] Got status from sub, seq=29
[RX] CmdPacket target=0xFF cmd=0x0 seq=30
[TX] Immediate reply seq=30
[TX] StatusPacket seq=30 A=1.446 B=99.904
[FWD] Forward to sub: cmd=0x0 seq=30
[RELAY] Got status from sub, seq=30
[RELAY] Got status from sub, seq=30
[TX] StatusPacket seq=30 A=2.256 B=99.118
[RELAY] Got status from sub, seq=30
[TX] StatusPacket seq=30 A=2.918 B=95.277
[RX] CmdPacket target=0xFF cmd=0x0 seq=31
[TX] Immediate reply seq=31
[FWD] Forward to sub: cmd=0x0 seq=31
[RELAY] Got status from sub, seq=31
[RELAY] Got status from sub, seq=31
[TX] StatusPacket seq=31 A=3.269 B=88.622
[RELAY] Got status from sub, seq=31
[TX] StatusPacket seq=31 A=3.224 B=79.565
[RX] CmdPacket target=0xFF cmd=0x0 seq=32
[TX] Immediate reply seq=32
[FWD] Forward to sub: cmd=0x0 seq=32
[RELAY] Got status from sub, seq=32
[RELAY] Got status from sub, seq=32
[TX] StatusPacket seq=32 A=2.793 B=68.670
[RELAY] Got status from sub, seq=32
[TX] StatusPacket seq=32 A=2.083 B=56.614
[RX] CmdPacket target=0xFF cmd=0x0 seq=33
[TX] Immediate reply seq=33
[FWD] Forward to sub: cmd=0x0 seq=33
[RELAY] Got status from sub, seq=33
[RELAY] Got status from sub, seq=33
[TX] StatusPacket seq=33 A=1.266 B=44.147
[RELAY] Got status from sub, seq=33
[TX] StatusPacket seq=33 A=0.544 B=32.044
[RX] CmdPacket target=0xFF cmd=0x0 seq=34
[TX] Immediate reply seq=34
[FWD] Forward to sub: cmd=0x0 seq=34
[RELAY] Got status from sub, seq=34
[RELAY] Got status from sub, seq=34
[TX] StatusPacket seq=34 A=0.092 B=21.057
[RELAY] Got status from sub, seq=34
[TX] StatusPacket seq=34 A=0.022 B=11.870
[RX] CmdPacket target=0xFF cmd=0x0 seq=35
[TX] Immediate reply seq=35
[FWD] Forward to sub: cmd=0x0 seq=35
[RELAY] Got status from sub, seq=35
[RELAY] Got status from sub, seq=35
[TX] StatusPacket seq=35 A=0.350 B=5.053
[RELAY] Got status from sub, seq=35
[TX] StatusPacket seq=35 A=0.997 B=1.031
[RX] CmdPacket target=0xFF cmd=0x0 seq=36
[TX] Immediate reply seq=36
[FWD] Forward to sub: cmd=0x0 seq=36
[RELAY] Got status from sub, seq=36
[RELAY] Got status from sub, seq=36
[TX] StatusPacket seq=36 A=1.803 B=0.054
[RELAY] Got status from sub, seq=36
[TX] StatusPacket seq=36 A=2.572 B=2.182
[RX] CmdPacket target=0xFF cmd=0x0 seq=37
[TX] Immediate reply seq=37
[FWD] Forward to sub: cmd=0x0 seq=37
[RELAY] Got status from sub, seq=37
[RELAY] Got status from sub, seq=37
[TX] StatusPacket seq=37 A=3.115 B=7.284
[RELAY] Got status from sub, seq=37
[TX] StatusPacket seq=37 A=3.300 B=15.041
[RX] CmdPacket target=0xFF cmd=0x0 seq=38
[TX] Immediate reply seq=38
[FWD] Forward to sub: cmd=0x0 seq=38
[RELAY] Got status from sub, seq=38
[RELAY] Got status from sub, seq=38
[TX] StatusPacket seq=38 A=3.080 B=24.971
[RELAY] Got status from sub, seq=38
[TX] StatusPacket seq=38 A=2.510 B=36.458
[RX] CmdPacket target=0xFF cmd=0x0 seq=39
[TX] Immediate reply seq=39
[FWD] Forward to sub: cmd=0x0 seq=39
[RELAY] Got status from sub, seq=39
[RELAY] Got status from sub, seq=39
[TX] StatusPacket seq=39 A=1.730 B=48.787
[RELAY] Got status from sub, seq=39
[TX] StatusPacket seq=39 A=0.930 B=61.191
[RX] CmdPacket target=0xFF cmd=0x0 seq=40
[TX] Immediate reply seq=40
[FWD] Forward to sub: cmd=0x0 seq=40
[RELAY] Got status from sub, seq=40
[RELAY] Got status from sub, seq=40
[TX] StatusPacket seq=40 A=0.306 B=72.900
[RELAY] Got status from sub, seq=40
[TX] StatusPacket seq=40 A=0.012 B=83.184
[RX] CmdPacket target=0xFF cmd=0x0 seq=41
[TX] Immediate reply seq=41
[FWD] Forward to sub: cmd=0x0 seq=41
[RELAY] Got status from sub, seq=41
[RELAY] Got status from sub, seq=41
[TX] StatusPacket seq=41 A=0.118 B=91.406
[RELAY] Got status from sub, seq=41
[TX] StatusPacket seq=41 A=0.600 B=97.053
[RX] CmdPacket target=0xFF cmd=0x0 seq=42
[TX] Immediate reply seq=42
[FWD] Forward to sub: cmd=0x0 seq=42
[RELAY] Got status from sub, seq=42
[RELAY] Got status from sub, seq=42
[TX] StatusPacket seq=42 A=1.338 B=99.774
[RELAY] Got status from sub, seq=42
[TX] StatusPacket seq=42 A=2.153 B=99.401
[RX] CmdPacket target=0xFF cmd=0x0 seq=43
[TX] Immediate reply seq=43
[FWD] Forward to sub: cmd=0x0 seq=43
[RELAY] Got status from sub, seq=43
[RELAY] Got status from sub, seq=43
[TX] StatusPacket seq=43 A=2.845 B=95.956
[RELAY] Got status from sub, seq=43
[TX] StatusPacket seq=43 A=3.244 B=89.654
[RX] CmdPacket target=0xFF cmd=0x0 seq=44
[TX] Immediate reply seq=44
[FWD] Forward to sub: cmd=0x0 seq=44
[RELAY] Got status from sub, seq=44
[RELAY] Got status from sub, seq=44
[TX] StatusPacket seq=44 A=3.253 B=80.887
[RELAY] Got status from sub, seq=44
[TX] StatusPacket seq=44 A=2.869 B=70.199
[RX] CmdPacket target=0xFF cmd=0x0 seq=45
[TX] Immediate reply seq=45
[FWD] Forward to sub: cmd=0x0 seq=45
[RELAY] Got status from sub, seq=45
[RELAY] Got status from sub, seq=45
[TX] StatusPacket seq=45 A=2.187 B=58.255
[RELAY] Got status from sub, seq=45
[TX] StatusPacket seq=45 A=1.374 B=45.798
[RX] CmdPacket target=0xFF cmd=0x0 seq=46
[TX] Immediate reply seq=46
[FWD] Forward to sub: cmd=0x0 seq=46
[RELAY] Got status from sub, seq=46
[RELAY] Got status from sub, seq=46
[TX] StatusPacket seq=46 A=0.628 B=33.602
[RELAY] Got status from sub, seq=46
[TX] StatusPacket seq=46 A=0.132 B=22.426
[RX] CmdPacket target=0xFF cmd=0x0 seq=47
[TX] Immediate reply seq=47
[FWD] Forward to sub: cmd=0x0 seq=47
[RELAY] Got status from sub, seq=47
[RELAY] Got status from sub, seq=47
[TX] StatusPacket seq=47 A=0.008 B=12.964
[RELAY] Got status from sub, seq=47
[TX] StatusPacket seq=47 A=0.286 B=5.805
[RX] CmdPacket target=0xFF cmd=0x0 seq=48
[TX] Immediate reply seq=48
[FWD] Forward to sub: cmd=0x0 seq=48
[RELAY] Got status from sub, seq=48
[RELAY] Got status from sub, seq=48
[TX] StatusPacket seq=48 A=0.898 B=1.394
[RELAY] Got status from sub, seq=48
[TX] StatusPacket seq=48 A=1.694 B=0.004
[RX] CmdPacket target=0xFF cmd=0x0 seq=49
[TX] Immediate reply seq=49
[FWD] Forward to sub: cmd=0x0 seq=49
[RELAY] Got status from sub, seq=49
[RELAY] Got status from sub, seq=49
[TX] StatusPacket seq=49 A=2.479 B=1.724
[RELAY] Got status from sub, seq=49
[TX] StatusPacket seq=49 A=3.062 B=6.445
[RX] CmdPacket target=0xFF cmd=0x0 seq=50
[TX] Immediate reply seq=50
[FWD] Forward to sub: cmd=0x0 seq=50
[RELAY] Got status from sub, seq=50
[RELAY] Got status from sub, seq=50
[TX] StatusPacket seq=50 A=3.298 B=13.874
[RELAY] Got status from sub, seq=50
[TX] StatusPacket seq=50 A=3.131 B=23.549
[RX] CmdPacket target=0xFF cmd=0x0 seq=51
[TX] Immediate reply seq=51
[FWD] Forward to sub: cmd=0x0 seq=51
[RELAY] Got status from sub, seq=51
[RELAY] Got status from sub, seq=51
[TX] StatusPacket seq=51 A=2.602 B=34.869
[RELAY] Got status from sub, seq=51
[TX] StatusPacket seq=51 A=1.839 B=47.129
[RX] CmdPacket target=0xFF cmd=0x0 seq=52
[TX] Immediate reply seq=52
[FWD] Forward to sub: cmd=0x0 seq=52
[RELAY] Got status from sub, seq=52
[RELAY] Got status from sub, seq=52
[TX] StatusPacket seq=52 A=1.030 B=59.568
[RELAY] Got status from sub, seq=52
[TX] StatusPacket seq=52 A=0.373 B=71.412
[RX] CmdPacket target=0xFF cmd=0x0 seq=53
[TX] Immediate reply seq=53
[FWD] Forward to sub: cmd=0x0 seq=53
[RELAY] Got status from sub, seq=53
[RELAY] Got status from sub, seq=53
[TX] StatusPacket seq=53 A=0.028 B=81.925
[RELAY] Got status from sub, seq=53
[TX] StatusPacket seq=53 A=0.081 B=90.453
[RX] CmdPacket target=0xFF cmd=0x0 seq=54
[TX] Immediate reply seq=54
[FWD] Forward to sub: cmd=0x0 seq=54
[RELAY] Got status from sub, seq=54
[RELAY] Got status from sub, seq=54
[TX] StatusPacket seq=54 A=0.517 B=96.466
[RELAY] Got status from sub, seq=54
[TX] StatusPacket seq=54 A=1.231 B=99.589
[RX] CmdPacket target=0xFF cmd=0x0 seq=55
[TX] Immediate reply seq=55
[FWD] Forward to sub: cmd=0x0 seq=55
[RELAY] Got status from sub, seq=55
[RELAY] Got status from sub, seq=55
[TX] StatusPacket seq=55 A=2.048 B=99.630
[RELAY] Got status from sub, seq=55
[TX] StatusPacket seq=55 A=2.767 B=96.585
[RX] CmdPacket target=0xFF cmd=0x0 seq=56
[TX] Immediate reply seq=56
[FWD] Forward to sub: cmd=0x0 seq=56
[RELAY] Got status from sub, seq=56
[RELAY] Got status from sub, seq=56
[TX] StatusPacket seq=56 A=3.212 B=90.643
[RELAY] Got status from sub, seq=56
[TX] StatusPacket seq=56 A=3.275 B=82.174
[RX] CmdPacket target=0xFF cmd=0x0 seq=57
[TX] Immediate reply seq=57
[FWD] Forward to sub: cmd=0x0 seq=57
[RELAY] Got status from sub, seq=57
[RELAY] Got status from sub, seq=57
[TX] StatusPacket seq=57 A=2.941 B=71.705
[RELAY] Got status from sub, seq=57
[TX] StatusPacket seq=57 A=2.290 B=59.886
[RX] CmdPacket target=0xFF cmd=0x0 seq=58
[TX] Immediate reply seq=58
[FWD] Forward to sub: cmd=0x0 seq=58
[RELAY] Got status from sub, seq=58
[RELAY] Got status from sub, seq=58
[TX] StatusPacket seq=58 A=1.482 B=47.453
[RELAY] Got status from sub, seq=58
[TX] StatusPacket seq=58 A=0.716 B=35.178
[RX] CmdPacket target=0xFF cmd=0x0 seq=59
[TX] Immediate reply seq=59
[FWD] Forward to sub: cmd=0x0 seq=59
[RELAY] Got status from sub, seq=59
[RELAY] Got status from sub, seq=59
[TX] StatusPacket seq=59 A=0.178 B=23.825
[RELAY] Got status from sub, seq=59
[TX] StatusPacket seq=59 A=0.001 B=14.099
[RX] CmdPacket target=0xFF cmd=0x0 seq=60
[TX] Immediate reply seq=60
[FWD] Forward to sub: cmd=0x0 seq=60
[RELAY] Got status from sub, seq=60
[RELAY] Got status from sub, seq=60
[TX] StatusPacket seq=60 A=0.227 B=6.605
[RELAY] Got status from sub, seq=60
[TX] StatusPacket seq=60 A=0.802 B=1.809
[RX] CmdPacket target=0xFF cmd=0x0 seq=61
[TX] Immediate reply seq=61
[FWD] Forward to sub: cmd=0x0 seq=61
[RELAY] Got status from sub, seq=61
[RELAY] Got status from sub, seq=61
[TX] StatusPacket seq=61 A=1.585 B=0.010
[RELAY] Got status from sub, seq=61
[TX] StatusPacket seq=61 A=2.383 B=1.319
[RX] CmdPacket target=0xFF cmd=0x0 seq=62
[TX] Immediate reply seq=62
[FWD] Forward to sub: cmd=0x0 seq=62
[RELAY] Got status from sub, seq=62
[RELAY] Got status from sub, seq=62
[TX] StatusPacket seq=62 A=3.002 B=5.654
[TX] StatusPacket seq=62 A=3.290 B=12.747
[TX] StatusPacket seq=62 A=3.176 B=22.156
[RELAY] Got status from sub, seq=62
[TX] StatusPacket seq=62 A=2.689 B=33.296
[RELAY] Got status from sub, seq=62
[RX] CmdPacket target=0xFF cmd=0x0 seq=64
[TX] Immediate reply seq=64
[FWD] Forward to sub: cmd=0x0 seq=64
[RELAY] Got status from sub, seq=64
[TX] StatusPacket seq=64 A=1.944 B=45.525
[RELAY] Got status from sub, seq=64
[TX] StatusPacket seq=64 A=1.133 B=57.935
[RELAY] Got status from sub, seq=64
[TX] StatusPacket seq=64 A=0.445 B=69.902
[RX] CmdPacket target=0xFF cmd=0x0 seq=65
[TX] Immediate reply seq=65
[FWD] Forward to sub: cmd=0x0 seq=65
[RELAY] Got status from sub, seq=65
[RELAY] Got status from sub, seq=65
[TX] StatusPacket seq=65 A=0.052 B=80.631
[RELAY] Got status from sub, seq=65
[TX] StatusPacket seq=65 A=0.050 B=89.456
[RX] CmdPacket target=0xFF cmd=0x0 seq=66
[TX] Immediate reply seq=66
[FWD] Forward to sub: cmd=0x0 seq=66
[RELAY] Got status from sub, seq=66
[RELAY] Got status from sub, seq=66
[TX] StatusPacket seq=66 A=0.440 B=95.828
[RELAY] Got status from sub, seq=66
[TX] StatusPacket seq=66 A=1.126 B=99.350
[RX] CmdPacket target=0xFF cmd=0x0 seq=67
[TX] Immediate reply seq=67
[FWD] Forward to sub: cmd=0x0 seq=67
[RELAY] Got status from sub, seq=67
[RELAY] Got status from sub, seq=67
[TX] StatusPacket seq=67 A=1.941 B=99.804
[RELAY] Got status from sub, seq=67
[TX] StatusPacket seq=67 A=2.684 B=97.161
[RX] CmdPacket target=0xFF cmd=0x0 seq=68
[TX] Immediate reply seq=68
[FWD] Forward to sub: cmd=0x0 seq=68
[RELAY] Got status from sub, seq=68
[RELAY] Got status from sub, seq=68
[TX] StatusPacket seq=68 A=3.174 B=91.587
[RELAY] Got status from sub, seq=68
[TX] StatusPacket seq=68 A=3.291 B=83.426
[RX] CmdPacket target=0xFF cmd=0x0 seq=69
[TX] Immediate reply seq=69
[FWD] Forward to sub: cmd=0x0 seq=69
[RELAY] Got status from sub, seq=69
[RELAY] Got status from sub, seq=69
[TX] StatusPacket seq=69 A=3.006 B=73.187
[RELAY] Got status from sub, seq=69
[TX] StatusPacket seq=69 A=2.389 B=61.507
[RX] CmdPacket target=0xFF cmd=0x0 seq=70
[TX] Immediate reply seq=70
[FWD] Forward to sub: cmd=0x0 seq=70
[RELAY] Got status from sub, seq=70
[RELAY] Got status from sub, seq=70
[TX] StatusPacket seq=70 A=1.591 B=49.111
[RELAY] Got status from sub, seq=70
[TX] StatusPacket seq=70 A=0.808 B=36.771
[RX] CmdPacket target=0xFF cmd=0x0 seq=71
[TX] Immediate reply seq=71
[FWD] Forward to sub: cmd=0x0 seq=71
[RELAY] Got status from sub, seq=71
[RELAY] Got status from sub, seq=71
[TX] StatusPacket seq=71 A=0.231 B=25.252
[RELAY] Got status from sub, seq=71
[TX] StatusPacket seq=71 A=0.001 B=15.273
[RX] CmdPacket target=0xFF cmd=0x0 seq=72
[TX] Immediate reply seq=72
[FWD] Forward to sub: cmd=0x0 seq=72
[RELAY] Got status from sub, seq=72
[RELAY] Got status from sub, seq=72
[TX] StatusPacket seq=72 A=0.175 B=7.453
[RELAY] Got status from sub, seq=72
[TX] StatusPacket seq=72 A=0.710 B=2.278
[RX] CmdPacket target=0xFF cmd=0x0 seq=73
[TX] Immediate reply seq=73
[FWD] Forward to sub: cmd=0x0 seq=73
[RELAY] Got status from sub, seq=73
[RELAY] Got status from sub, seq=73
[TX] StatusPacket seq=73 A=1.475 B=0.070
[RELAY] Got status from sub, seq=73
[TX] StatusPacket seq=73 A=2.283 B=0.967
[RX] CmdPacket target=0xFF cmd=0x0 seq=74
[TX] Immediate reply seq=74
[FWD] Forward to sub: cmd=0x0 seq=74
[RELAY] Got status from sub, seq=74
[RELAY] Got status from sub, seq=74
[TX] StatusPacket seq=74 A=2.936 B=4.912
[RELAY] Got status from sub, seq=74
[TX] StatusPacket seq=74 A=3.274 B=11.661
[RX] CmdPacket target=0xFF cmd=0x0 seq=75
[TX] Immediate reply seq=75
[FWD] Forward to sub: cmd=0x0 seq=75
[RELAY] Got status from sub, seq=75
[RELAY] Got status from sub, seq=75
[TX] StatusPacket seq=75 A=3.215 B=20.793
[RELAY] Got status from sub, seq=75
[TX] StatusPacket seq=75 A=2.772 B=31.742
[RX] CmdPacket target=0xFF cmd=0x0 seq=76
[TX] Immediate reply seq=76
[FWD] Forward to sub: cmd=0x0 seq=76
[RELAY] Got status from sub, seq=76
[RELAY] Got status from sub, seq=76
[TX] StatusPacket seq=76 A=2.054 B=43.825
[RELAY] Got status from sub, seq=76
[TX] StatusPacket seq=76 A=1.238 B=56.293
[RX] CmdPacket target=0xFF cmd=0x0 seq=77
[TX] Immediate reply seq=77
[FWD] Forward to sub: cmd=0x0 seq=77
[RELAY] Got status from sub, seq=77
[RELAY] Got status from sub, seq=77
[TX] StatusPacket seq=77 A=0.522 B=68.369
[RELAY] Got status from sub, seq=77
[TX] StatusPacket seq=77 A=0.083 B=79.303
[RX] CmdPacket target=0xFF cmd=0x0 seq=78
[TX] Immediate reply seq=78
[FWD] Forward to sub: cmd=0x0 seq=78
[RELAY] Got status from sub, seq=78
[RELAY] Got status from sub, seq=78
[TX] StatusPacket seq=78 A=0.027 B=88.415
[RELAY] Got status from sub, seq=78
[TX] StatusPacket seq=78 A=0.369 B=95.139
[RX] CmdPacket target=0xFF cmd=0x0 seq=79
[TX] Immediate reply seq=79
[FWD] Forward to sub: cmd=0x0 seq=79
[RELAY] Got status from sub, seq=79
[RELAY] Got status from sub, seq=79
[TX] StatusPacket seq=79 A=1.024 B=99.056
[RELAY] Got status from sub, seq=79
[TX] StatusPacket seq=79 A=1.832 B=99.923
[RX] CmdPacket target=0xFF cmd=0x0 seq=80
[TX] Immediate reply seq=80
[FWD] Forward to sub: cmd=0x0 seq=80
[RELAY] Got status from sub, seq=80
[RELAY] Got status from sub, seq=80
[TX] StatusPacket seq=80 A=2.596 B=97.686
[RELAY] Got status from sub, seq=80
[TX] StatusPacket seq=80 A=3.128 B=92.485
[RX] CmdPacket target=0xFF cmd=0x0 seq=81
[TX] Immediate reply seq=81
[FWD] Forward to sub: cmd=0x0 seq=81
[RELAY] Got status from sub, seq=81
[RELAY] Got status from sub, seq=81
[TX] StatusPacket seq=81 A=3.299 B=84.642
[RELAY] Got status from sub, seq=81
[TX] StatusPacket seq=81 A=3.065 B=74.644
[RX] CmdPacket target=0xFF cmd=0x0 seq=82
[TX] Immediate reply seq=82
[FWD] Forward to sub: cmd=0x0 seq=82
[RELAY] Got status from sub, seq=82
[RELAY] Got status from sub, seq=82
[TX] StatusPacket seq=82 A=2.485 B=63.115
[RELAY] Got status from sub, seq=82
[TX] StatusPacket seq=82 A=1.701 B=50.770
[RX] CmdPacket target=0xFF cmd=0x0 seq=83
[TX] Immediate reply seq=83
[FWD] Forward to sub: cmd=0x0 seq=83
[RELAY] Got status from sub, seq=83
[RELAY] Got status from sub, seq=83
[TX] StatusPacket seq=83 A=0.904 B=38.378
[RELAY] Got status from sub, seq=83
[TX] StatusPacket seq=83 A=0.290 B=26.708
[RX] CmdPacket target=0xFF cmd=0x0 seq=84
[TX] Immediate reply seq=84
[FWD] Forward to sub: cmd=0x0 seq=84
[RELAY] Got status from sub, seq=84
[RELAY] Got status from sub, seq=84
[TX] StatusPacket seq=84 A=0.009 B=16.486
[RELAY] Got status from sub, seq=84
[TX] StatusPacket seq=84 A=0.129 B=8.348
[RX] CmdPacket target=0xFF cmd=0x0 seq=85
[TX] Immediate reply seq=85
[FWD] Forward to sub: cmd=0x0 seq=85
[RELAY] Got status from sub, seq=85
[RELAY] Got status from sub, seq=85
[TX] StatusPacket seq=85 A=0.622 B=2.799
[RELAY] Got status from sub, seq=85
[TX] StatusPacket seq=85 A=1.367 B=0.186
[RX] CmdPacket target=0xFF cmd=0x0 seq=86
[TX] Immediate reply seq=86
[FWD] Forward to sub: cmd=0x0 seq=86
[RELAY] Got status from sub, seq=86
[RELAY] Got status from sub, seq=86
[TX] StatusPacket seq=86 A=2.181 B=0.669
[RELAY] Got status from sub, seq=86
[TX] StatusPacket seq=86 A=2.865 B=4.220
[RX] CmdPacket target=0xFF cmd=0x0 seq=87
[TX] Immediate reply seq=87
[FWD] Forward to sub: cmd=0x0 seq=87
[RELAY] Got status from sub, seq=87
[RELAY] Got status from sub, seq=87
[TX] StatusPacket seq=87 A=3.251 B=10.617
[RELAY] Got status from sub, seq=87
[TX] StatusPacket seq=87 A=3.246 B=19.463
[RX] CmdPacket target=0xFF cmd=0x0 seq=88
[TX] Immediate reply seq=88
[FWD] Forward to sub: cmd=0x0 seq=88
[RELAY] Got status from sub, seq=88
[RELAY] Got status from sub, seq=88
[TX] StatusPacket seq=88 A=2.850 B=30.207
[RELAY] Got status from sub, seq=88
[TX] StatusPacket seq=88 A=2.160 B=42.182
[RX] CmdPacket target=0xFF cmd=0x0 seq=89
[TX] Immediate reply seq=89
[FWD] Forward to sub: cmd=0x0 seq=89
[RELAY] Got status from sub, seq=89
[RELAY] Got status from sub, seq=89
[TX] StatusPacket seq=89 A=1.345 B=54.643
[RELAY] Got status from sub, seq=89
[TX] StatusPacket seq=89 A=0.605 B=66.816
[RX] CmdPacket target=0xFF cmd=0x0 seq=90
[TX] Immediate reply seq=90
[FWD] Forward to sub: cmd=0x0 seq=90
[RELAY] Got status from sub, seq=90
[RELAY] Got status from sub, seq=90
[TX] StatusPacket seq=90 A=0.121 B=77.943
[RELAY] Got status from sub, seq=90
[TX] StatusPacket seq=90 A=0.011 B=87.332
[RX] CmdPacket target=0xFF cmd=0x0 seq=91
[TX] Immediate reply seq=91
[FWD] Forward to sub: cmd=0x0 seq=91
[RELAY] Got status from sub, seq=91
[RELAY] Got status from sub, seq=91
[TX] StatusPacket seq=91 A=0.303 B=94.401
[RELAY] Got status from sub, seq=91
[TX] StatusPacket seq=91 A=0.924 B=98.708
[RX] CmdPacket target=0xFF cmd=0x0 seq=92
[TX] Immediate reply seq=92
[FWD] Forward to sub: cmd=0x0 seq=92
[RELAY] Got status from sub, seq=92
[RELAY] Got status from sub, seq=92
[TX] StatusPacket seq=92 A=1.723 B=99.988
[RELAY] Got status from sub, seq=92
[TX] StatusPacket seq=92 A=2.505 B=98.159
[RX] CmdPacket target=0xFF cmd=0x0 seq=93
[TX] Immediate reply seq=93
[FWD] Forward to sub: cmd=0x0 seq=93
[RELAY] Got status from sub, seq=93
[RELAY] Got status from sub, seq=93
[TX] StatusPacket seq=93 A=3.077 B=93.336
[RELAY] Got status from sub, seq=93
[TX] StatusPacket seq=93 A=3.299 B=85.819
[RX] CmdPacket target=0xFF cmd=0x0 seq=94
[TX] Immediate reply seq=94
[FWD] Forward to sub: cmd=0x0 seq=94
[RELAY] Got status from sub, seq=94
[RELAY] Got status from sub, seq=94
[TX] StatusPacket seq=94 A=3.118 B=76.074
[RELAY] Got status from sub, seq=94
[TX] StatusPacket seq=94 A=2.578 B=64.709
[RX] CmdPacket target=0xFF cmd=0x0 seq=95
[TX] Immediate reply seq=95
[FWD] Forward to sub: cmd=0x0 seq=95
[RELAY] Got status from sub, seq=95
[RELAY] Got status from sub, seq=95
[TX] StatusPacket seq=95 A=1.810 B=52.429
[RELAY] Got status from sub, seq=95
[TX] StatusPacket seq=95 A=1.000 B=39.949
[RX] CmdPacket target=0xFF cmd=0x0 seq=96
[TX] Immediate reply seq=96
[FWD] Forward to sub: cmd=0x0 seq=96
[RELAY] Got status from sub, seq=96
[TX] StatusPacket seq=96 A=0.355 B=28.188
[RELAY] Got status from sub, seq=96
[TX] StatusPacket seq=96 A=0.023 B=17.735
[RELAY] Got status from sub, seq=96
[RX] CmdPacket target=0xFF cmd=0x0 seq=97
[TX] Immediate reply seq=97
[FWD] Forward to sub: cmd=0x0 seq=97
[RELAY] Got status from sub, seq=97
[TX] StatusPacket seq=97 A=0.090 B=9.288
[RELAY] Got status from sub, seq=97
[TX] StatusPacket seq=97 A=0.539 B=3.373
[RELAY] Got status from sub, seq=97
[TX] StatusPacket seq=97 A=1.260 B=0.356
[TX] StatusPacket seq=97 A=2.076 B=0.426
[RELAY] Got status from sub, seq=97
[TX] StatusPacket seq=97 A=2.788 B=3.578
[RX] CmdPacket target=0xFF cmd=0x0 seq=99
[TX] Immediate reply seq=99
[FWD] Forward to sub: cmd=0x0 seq=99
[RELAY] Got status from sub, seq=99
[RELAY] Got status from sub, seq=99
[TX] StatusPacket seq=99 A=3.222 B=9.617
[RELAY] Got status from sub, seq=99
[TX] StatusPacket seq=99 A=3.270 B=18.166
[RX] CmdPacket target=0xFF cmd=0x0 seq=100
[TX] Immediate reply seq=100
[FWD] Forward to sub: cmd=0x0 seq=100
[RELAY] Got status from sub, seq=100
[RELAY] Got status from sub, seq=100
[TX] StatusPacket seq=100 A=2.922 B=28.695
[RELAY] Got status from sub, seq=100
[TX] StatusPacket seq=100 A=2.263 B=40.548
[RX] CmdPacket target=0xFF cmd=0x0 seq=101
[TX] Immediate reply seq=101
[FWD] Forward to sub: cmd=0x0 seq=101
[RELAY] Got status from sub, seq=101
[RELAY] Got status from sub, seq=101
[TX] StatusPacket seq=101 A=1.453 B=52.989
[RELAY] Got status from sub, seq=101
[TX] StatusPacket seq=101 A=0.692 B=65.244
[RX] CmdPacket target=0xFF cmd=0x0 seq=102
[TX] Immediate reply seq=102
[FWD] Forward to sub: cmd=0x0 seq=102
[RELAY] Got status from sub, seq=102
[RELAY] Got status from sub, seq=102
[TX] StatusPacket seq=102 A=0.165 B=76.551
[RELAY] Got status from sub, seq=102
[TX] StatusPacket seq=102 A=0.002 B=86.208
[RX] CmdPacket target=0xFF cmd=0x0 seq=103
[TX] Immediate reply seq=103
[FWD] Forward to sub: cmd=0x0 seq=103
[RELAY] Got status from sub, seq=103
[RELAY] Got status from sub, seq=103
[TX] StatusPacket seq=103 A=0.242 B=93.613
[RELAY] Got status from sub, seq=103
[TX] StatusPacket seq=103 A=0.827 B=98.307
[RX] CmdPacket target=0xFF cmd=0x0 seq=104
[TX] Immediate reply seq=104
[FWD] Forward to sub: cmd=0x0 seq=104
[RELAY] Got status from sub, seq=104
[RELAY] Got status from sub, seq=104
[TX] StatusPacket seq=104 A=1.614 B=99.997
[RELAY] Got status from sub, seq=104
[TX] StatusPacket seq=104 A=2.409 B=98.579
[RX] CmdPacket target=0xFF cmd=0x0 seq=105
[TX] Immediate reply seq=105
[FWD] Forward to sub: cmd=0x0 seq=105
[RELAY] Got status from sub, seq=105
[RELAY] Got status from sub, seq=105
[TX] StatusPacket seq=105 A=3.019 B=94.140
[RELAY] Got status from sub, seq=105
[TX] StatusPacket seq=105 A=3.293 B=86.956
[RX] CmdPacket target=0xFF cmd=0x0 seq=106
[TX] Immediate reply seq=106
[FWD] Forward to sub: cmd=0x0 seq=106
[RELAY] Got status from sub, seq=106
[RELAY] Got status from sub, seq=106
[TX] StatusPacket seq=106 A=3.165 B=77.475
[RELAY] Got status from sub, seq=106
[TX] StatusPacket seq=106 A=2.666 B=66.286
[RX] CmdPacket target=0xFF cmd=0x0 seq=107
[TX] Immediate reply seq=107
[FWD] Forward to sub: cmd=0x0 seq=107
[RELAY] Got status from sub, seq=107
[RELAY] Got status from sub, seq=107
[TX] StatusPacket seq=107 A=1.919 B=54.084
[RELAY] Got status from sub, seq=107
[TX] StatusPacket seq=107 A=1.105 B=41.628
[RX] CmdPacket target=0xFF cmd=0x0 seq=108
[TX] Immediate reply seq=108
[FWD] Forward to sub: cmd=0x0 seq=108
[RELAY] Got status from sub, seq=108
[RELAY] Got status from sub, seq=108
[TX] StatusPacket seq=108 A=0.425 B=29.693
[RELAY] Got status from sub, seq=108
[TX] StatusPacket seq=108 A=0.045 B=19.020
[RX] CmdPacket target=0xFF cmd=0x0 seq=109
[TX] Immediate reply seq=109
[FWD] Forward to sub: cmd=0x0 seq=109
[RELAY] Got status from sub, seq=109
[RELAY] Got status from sub, seq=109
[TX] StatusPacket seq=109 A=0.058 B=10.274
[RELAY] Got status from sub, seq=109
[TX] StatusPacket seq=109 A=0.460 B=3.997
[RX] CmdPacket target=0xFF cmd=0x0 seq=110
[TX] Immediate reply seq=110
[FWD] Forward to sub: cmd=0x0 seq=110
[RELAY] Got status from sub, seq=110
[RELAY] Got status from sub, seq=110
[TX] StatusPacket seq=110 A=1.154 B=0.581
[RELAY] Got status from sub, seq=110
[TX] StatusPacket seq=110 A=1.969 B=0.237
[RX] CmdPacket target=0xFF cmd=0x0 seq=111
[TX] Immediate reply seq=111
[FWD] Forward to sub: cmd=0x0 seq=111
[RELAY] Got status from sub, seq=111
[RELAY] Got status from sub, seq=111
[TX] StatusPacket seq=111 A=2.706 B=2.987
[RELAY] Got status from sub, seq=111
[TX] StatusPacket seq=111 A=3.185 B=8.661
[RX] CmdPacket target=0xFF cmd=0x0 seq=112
[TX] Immediate reply seq=112
[FWD] Forward to sub: cmd=0x0 seq=112
[RELAY] Got status from sub, seq=112
[RELAY] Got status from sub, seq=112
[TX] StatusPacket seq=112 A=3.287 B=16.904
[RELAY] Got status from sub, seq=112
[TX] StatusPacket seq=112 A=2.989 B=27.206
[RX] CmdPacket target=0xFF cmd=0x0 seq=113
[TX] Immediate reply seq=113
[FWD] Forward to sub: cmd=0x0 seq=113
[RELAY] Got status from sub, seq=113
[RELAY] Got status from sub, seq=113
[TX] StatusPacket seq=113 A=2.363 B=38.924
[RELAY] Got status from sub, seq=113
[TX] StatusPacket seq=113 A=1.562 B=51.331
[RX] CmdPacket target=0xFF cmd=0x0 seq=114
[TX] Immediate reply seq=114
[FWD] Forward to sub: cmd=0x0 seq=114
[RELAY] Got status from sub, seq=114
[RELAY] Got status from sub, seq=114
[TX] StatusPacket seq=114 A=0.783 B=63.656
[RELAY] Got status from sub, seq=114
[TX] StatusPacket seq=114 A=0.216 B=75.131
[RX] CmdPacket target=0xFF cmd=0x0 seq=115
[TX] Immediate reply seq=115
[FWD] Forward to sub: cmd=0x0 seq=115
[RELAY] Got status from sub, seq=115
[RELAY] Got status from sub, seq=115
[TX] StatusPacket seq=115 A=0.000 B=85.044
[RELAY] Got status from sub, seq=115
[TX] StatusPacket seq=115 A=0.188 B=92.778
[RX] CmdPacket target=0xFF cmd=0x0 seq=116
[TX] Immediate reply seq=116
[FWD] Forward to sub: cmd=0x0 seq=116
[RELAY] Got status from sub, seq=116
[RELAY] Got status from sub, seq=116
[TX] StatusPacket seq=116 A=0.734 B=97.852
[RELAY] Got status from sub, seq=116
[TX] StatusPacket seq=116 A=1.504 B=99.951
[RX] CmdPacket target=0xFF cmd=0x0 seq=117
[TX] Immediate reply seq=117
[FWD] Forward to sub: cmd=0x0 seq=117
[RELAY] Got status from sub, seq=117
[RELAY] Got status from sub, seq=117
[TX] StatusPacket seq=117 A=2.310 B=98.945
[RELAY] Got status from sub, seq=117
[TX] StatusPacket seq=117 A=2.954 B=94.895
[RX] CmdPacket target=0xFF cmd=0x0 seq=118
[TX] Immediate reply seq=118
[FWD] Forward to sub: cmd=0x0 seq=118
[RELAY] Got status from sub, seq=118
[RELAY] Got status from sub, seq=118
[TX] StatusPacket seq=118 A=3.279 B=88.054
[RELAY] Got status from sub, seq=118
[TX] StatusPacket seq=118 A=3.205 B=78.846
[RX] CmdPacket target=0xFF cmd=0x0 seq=119
[TX] Immediate reply seq=119
[FWD] Forward to sub: cmd=0x0 seq=119
[RELAY] Got status from sub, seq=119
[RELAY] Got status from sub, seq=119
[TX] StatusPacket seq=119 A=2.750 B=67.846
[RELAY] Got status from sub, seq=119
[TX] StatusPacket seq=119 A=2.026 B=55.735
[RX] CmdPacket target=0xFF cmd=0x0 seq=120
[TX] Immediate reply seq=120
[FWD] Forward to sub: cmd=0x0 seq=120
[RELAY] Got status from sub, seq=120
[RELAY] Got status from sub, seq=120
[TX] StatusPacket seq=120 A=1.210 B=43.269
[RELAY] Got status from sub, seq=120
[TX] StatusPacket seq=120 A=0.501 B=31.220
[RX] CmdPacket target=0xFF cmd=0x0 seq=121
[TX] Immediate reply seq=121
[FWD] Forward to sub: cmd=0x0 seq=121
[RELAY] Got status from sub, seq=121
[RELAY] Got status from sub, seq=121
[TX] StatusPacket seq=121 A=0.074 B=20.340
[RELAY] Got status from sub, seq=121
[TX] StatusPacket seq=121 A=0.033 B=11.303
[RX] CmdPacket target=0xFF cmd=0x0 seq=122
[TX] Immediate reply seq=122
[FWD] Forward to sub: cmd=0x0 seq=122
[RELAY] Got status from sub, seq=122
[RELAY] Got status from sub, seq=122
[TX] StatusPacket seq=122 A=0.387 B=4.673
[RELAY] Got status from sub, seq=122
[TX] StatusPacket seq=122 A=1.051 B=0.860
[RX] CmdPacket target=0xFF cmd=0x0 seq=123
[TX] Immediate reply seq=123
[FWD] Forward to sub: cmd=0x0 seq=123
[RELAY] Got status from sub, seq=123
[RELAY] Got status from sub, seq=123
[TX] StatusPacket seq=123 A=1.861 B=0.103
[RELAY] Got status from sub, seq=123
[TX] StatusPacket seq=123 A=2.620 B=2.448
[RX] CmdPacket target=0xFF cmd=0x0 seq=124
[TX] Immediate reply seq=124
[FWD] Forward to sub: cmd=0x0 seq=124
[RELAY] Got status from sub, seq=124
[RELAY] Got status from sub, seq=124
[TX] StatusPacket seq=124 A=3.141 B=7.750
[RELAY] Got status from sub, seq=124
[TX] StatusPacket seq=124 A=3.297 B=15.679
[RX] CmdPacket target=0xFF cmd=0x0 seq=125
[TX] Immediate reply seq=125
[FWD] Forward to sub: cmd=0x0 seq=125
[RELAY] Got status from sub, seq=125
[RELAY] Got status from sub, seq=125
[TX] StatusPacket seq=125 A=3.050 B=25.742
[RELAY] Got status from sub, seq=125
[TX] StatusPacket seq=125 A=2.460 B=37.312
[RX] CmdPacket target=0xFF cmd=0x0 seq=126
[TX] Immediate reply seq=126
[FWD] Forward to sub: cmd=0x0 seq=126
[RELAY] Got status from sub, seq=126
[RELAY] Got status from sub, seq=126
[TX] StatusPacket seq=126 A=1.672 B=49.672
[RELAY] Got status from sub, seq=126
[TX] StatusPacket seq=126 A=0.878 B=62.052
[RX] CmdPacket target=0xFF cmd=0x0 seq=127
[TX] Immediate reply seq=127
[FWD] Forward to sub: cmd=0x0 seq=127
[RELAY] Got status from sub, seq=127
[RELAY] Got status from sub, seq=127
[TX] StatusPacket seq=127 A=0.273 B=73.683
[RELAY] Got status from sub, seq=127
[TX] StatusPacket seq=127 A=0.006 B=83.841
[RX] CmdPacket target=0xFF cmd=0x0 seq=128
[TX] Immediate reply seq=128
[FWD] Forward to sub: cmd=0x0 seq=128
[RELAY] Got status from sub, seq=128
[RELAY] Got status from sub, seq=128
[TX] StatusPacket seq=128 A=0.141 B=91.896
[TX] StatusPacket seq=128 A=0.645 B=97.345
[RX] CmdPacket target=0xFF cmd=0x0 seq=129
[TX] Immediate reply seq=129
[FWD] Forward to sub: cmd=0x0 seq=129
[RELAY] Got status from sub, seq=129
[TX] StatusPacket seq=129 A=1.396 B=99.850
[RELAY] Got status from sub, seq=129
[TX] StatusPacket seq=129 A=2.208 B=99.257
[RELAY] Got status from sub, seq=129
[RX] CmdPacket target=0xFF cmd=0x0 seq=130
[TX] Immediate reply seq=130
[FWD] Forward to sub: cmd=0x0 seq=130
[RELAY] Got status from sub, seq=130
[TX] StatusPacket seq=130 A=2.887 B=95.580
[RELAY] Got status from sub, seq=130
[TX] StatusPacket seq=130 A=3.258 B=89.109
[RELAY] Got status from sub, seq=130
[TX] StatusPacket seq=130 A=3.238 B=80.186
[RX] CmdPacket target=0xFF cmd=0x0 seq=131
[TX] Immediate reply seq=131
[FWD] Forward to sub: cmd=0x0 seq=131
[RELAY] Got status from sub, seq=131
[RELAY] Got status from sub, seq=131
[TX] StatusPacket seq=131 A=2.829 B=69.386
[RELAY] Got status from sub, seq=131
[TX] StatusPacket seq=131 A=2.132 B=57.380
[RX] CmdPacket target=0xFF cmd=0x0 seq=132
[TX] Immediate reply seq=132
[FWD] Forward to sub: cmd=0x0 seq=132
[RELAY] Got status from sub, seq=132
[RELAY] Got status from sub, seq=132
[TX] StatusPacket seq=132 A=1.316 B=44.916
[RELAY] Got status from sub, seq=132
[TX] StatusPacket seq=132 A=0.582 B=32.768
[RX] CmdPacket target=0xFF cmd=0x0 seq=133
[TX] Immediate reply seq=133
[FWD] Forward to sub: cmd=0x0 seq=133
[RELAY] Got status from sub, seq=133
[RELAY] Got status from sub, seq=133
[TX] StatusPacket seq=133 A=0.110 B=21.692
[RELAY] Got status from sub, seq=133
[TX] StatusPacket seq=133 A=0.015 B=12.375
[RX] CmdPacket target=0xFF cmd=0x0 seq=134
[TX] Immediate reply seq=134
[FWD] Forward to sub: cmd=0x0 seq=134
[RELAY] Got status from sub, seq=134
[RELAY] Got status from sub, seq=134
[TX] StatusPacket seq=134 A=0.320 B=5.398
[RELAY] Got status from sub, seq=134
[TX] StatusPacket seq=134 A=0.950 B=1.194
[RX] CmdPacket target=0xFF cmd=0x0 seq=135
[TX] Immediate reply seq=135
[FWD] Forward to sub: cmd=0x0 seq=135
[RELAY] Got status from sub, seq=135
[RELAY] Got status from sub, seq=135
[TX] StatusPacket seq=135 A=1.752 B=0.024
[RELAY] Got status from sub, seq=135
[TX] StatusPacket seq=135 A=2.529 B=1.962
[RX] CmdPacket target=0xFF cmd=0x0 seq=136
[TX] Immediate reply seq=136
[FWD] Forward to sub: cmd=0x0 seq=136
[RELAY] Got status from sub, seq=136
[RELAY] Got status from sub, seq=136
[TX] StatusPacket seq=136 A=3.091 B=6.886
[RELAY] Got status from sub, seq=136
[TX] StatusPacket seq=136 A=3.300 B=14.491
[RX] CmdPacket target=0xFF cmd=0x0 seq=137
[TX] Immediate reply seq=137
[FWD] Forward to sub: cmd=0x0 seq=137
[RELAY] Got status from sub, seq=137
[RELAY] Got status from sub, seq=137
[TX] StatusPacket seq=137 A=3.105 B=24.304
[RELAY] Got status from sub, seq=137
[TX] StatusPacket seq=137 A=2.554 B=35.715
[RX] CmdPacket target=0xFF cmd=0x0 seq=138
[TX] Immediate reply seq=138
[FWD] Forward to sub: cmd=0x0 seq=138
[RELAY] Got status from sub, seq=138
[RELAY] Got status from sub, seq=138
[TX] StatusPacket seq=138 A=1.781 B=48.013
[RELAY] Got status from sub, seq=138
[TX] StatusPacket seq=138 A=0.976 B=60.436
[RX] CmdPacket target=0xFF cmd=0x0 seq=139
[TX] Immediate reply seq=139
[FWD] Forward to sub: cmd=0x0 seq=139
[RELAY] Got status from sub, seq=139
[RELAY] Got status from sub, seq=139
[TX] StatusPacket seq=139 A=0.337 B=72.209
[RELAY] Got status from sub, seq=139
[TX] StatusPacket seq=139 A=0.019 B=82.602
[RX] CmdPacket target=0xFF cmd=0x0 seq=140
[TX] Immediate reply seq=140
[FWD] Forward to sub: cmd=0x0 seq=140
[RELAY] Got status from sub, seq=140
[RELAY] Got status from sub, seq=140
[TX] StatusPacket seq=140 A=0.100 B=90.967
[RELAY] Got status from sub, seq=140
[TX] StatusPacket seq=140 A=0.561 B=96.785
[RX] CmdPacket target=0xFF cmd=0x0 seq=141
[TX] Immediate reply seq=141
[FWD] Forward to sub: cmd=0x0 seq=141
[RELAY] Got status from sub, seq=141
[RELAY] Got status from sub, seq=141
[TX] StatusPacket seq=141 A=1.288 B=99.695
[RELAY] Got status from sub, seq=141
[TX] StatusPacket seq=141 A=2.104 B=99.515
[RX] CmdPacket target=0xFF cmd=0x0 seq=142
[TX] Immediate reply seq=142
[FWD] Forward to sub: cmd=0x0 seq=142
[RELAY] Got status from sub, seq=142
[RELAY] Got status from sub, seq=142
[TX] StatusPacket seq=142 A=2.809 B=96.256
[RELAY] Got status from sub, seq=142
[TX] StatusPacket seq=142 A=3.230 B=90.121
[RX] CmdPacket target=0xFF cmd=0x0 seq=143
[TX] Immediate reply seq=143
[FWD] Forward to sub: cmd=0x0 seq=143
[RELAY] Got status from sub, seq=143
[RELAY] Got status from sub, seq=143
[TX] StatusPacket seq=143 A=3.264 B=81.491
[RELAY] Got status from sub, seq=143
[TX] StatusPacket seq=143 A=2.903 B=70.904
[RX] CmdPacket target=0xFF cmd=0x0 seq=144
[TX] Immediate reply seq=144
[FWD] Forward to sub: cmd=0x0 seq=144
[RELAY] Got status from sub, seq=144
[RELAY] Got status from sub, seq=144
[TX] StatusPacket seq=144 A=2.235 B=59.017
[RELAY] Got status from sub, seq=144
[TX] StatusPacket seq=144 A=1.424 B=46.569
[RX] CmdPacket target=0xFF cmd=0x0 seq=145
[TX] Immediate reply seq=145
[FWD] Forward to sub: cmd=0x0 seq=145
[RELAY] Got status from sub, seq=145
[RELAY] Got status from sub, seq=145
[TX] StatusPacket seq=145 A=0.668 B=34.335
[RELAY] Got status from sub, seq=145
[TX] StatusPacket seq=145 A=0.153 B=23.075
[RX] CmdPacket target=0xFF cmd=0x0 seq=146
[TX] Immediate reply seq=146
[FWD] Forward to sub: cmd=0x0 seq=146
[RELAY] Got status from sub, seq=146
[RELAY] Got status from sub, seq=146
[TX] StatusPacket seq=146 A=0.004 B=13.488
[RELAY] Got status from sub, seq=146
[TX] StatusPacket seq=146 A=0.258 B=6.172
[RX] CmdPacket target=0xFF cmd=0x0 seq=147
[TX] Immediate reply seq=147
[FWD] Forward to sub: cmd=0x0 seq=147
[RELAY] Got status from sub, seq=147
[RELAY] Got status from sub, seq=147
[TX] StatusPacket seq=147 A=0.853 B=1.581
[RELAY] Got status from sub, seq=147
[TX] StatusPacket seq=147 A=1.643 B=0.000
[RX] CmdPacket target=0xFF cmd=0x0 seq=148
[TX] Immediate reply seq=148
[FWD] Forward to sub: cmd=0x0 seq=148
[RELAY] Got status from sub, seq=148
[RELAY] Got status from sub, seq=148
[TX] StatusPacket seq=148 A=2.435 B=1.528
[RELAY] Got status from sub, seq=148
[TX] StatusPacket seq=148 A=3.035 B=6.070
[RX] CmdPacket target=0xFF cmd=0x0 seq=149
[TX] Immediate reply seq=149
[FWD] Forward to sub: cmd=0x0 seq=149
[RELAY] Got status from sub, seq=149
[RELAY] Got status from sub, seq=149
[TX] StatusPacket seq=149 A=3.295 B=13.343
[RELAY] Got status from sub, seq=149
[TX] StatusPacket seq=149 A=3.153 B=22.895
[RX] CmdPacket target=0xFF cmd=0x0 seq=150
[TX] Immediate reply seq=150
[FWD] Forward to sub: cmd=0x0 seq=150
[RELAY] Got status from sub, seq=150
[RELAY] Got status from sub, seq=150
[TX] StatusPacket seq=150 A=2.643 B=34.133
[RELAY] Got status from sub, seq=150
[TX] StatusPacket seq=150 A=1.890 B=46.357
[RX] CmdPacket target=0xFF cmd=0x0 seq=151
[TX] Immediate reply seq=151
[FWD] Forward to sub: cmd=0x0 seq=151
[RELAY] Got status from sub, seq=151
[RELAY] Got status from sub, seq=151
[TX] StatusPacket seq=151 A=1.078 B=58.808
[RELAY] Got status from sub, seq=151
[TX] StatusPacket seq=151 A=0.406 B=70.710
[RX] CmdPacket target=0xFF cmd=0x0 seq=152
[TX] Immediate reply seq=152
[FWD] Forward to sub: cmd=0x0 seq=152
[RELAY] Got status from sub, seq=152
[RELAY] Got status from sub, seq=152
[TX] StatusPacket seq=152 A=0.039 B=81.326
[RELAY] Got status from sub, seq=152
[TX] StatusPacket seq=152 A=0.066 B=89.993
[RX] CmdPacket target=0xFF cmd=0x0 seq=153
[TX] Immediate reply seq=153
[FWD] Forward to sub: cmd=0x0 seq=153
[RELAY] Got status from sub, seq=153
[RELAY] Got status from sub, seq=153
[TX] StatusPacket seq=153 A=0.481 B=96.174
[RELAY] Got status from sub, seq=153
[TX] StatusPacket seq=153 A=1.182 B=99.484
[RX] CmdPacket target=0xFF cmd=0x0 seq=154
[TX] Immediate reply seq=154
[FWD] Forward to sub: cmd=0x0 seq=154
[RELAY] Got status from sub, seq=154
[RELAY] Got status from sub, seq=154
[TX] StatusPacket seq=154 A=1.998 B=99.718
[RELAY] Got status from sub, seq=154
[TX] StatusPacket seq=154 A=2.729 B=96.860
[RX] CmdPacket target=0xFF cmd=0x0 seq=155
[TX] Immediate reply seq=155
[FWD] Forward to sub: cmd=0x0 seq=155
[RELAY] Got status from sub, seq=155
[RELAY] Got status from sub, seq=155
[TX] StatusPacket seq=155 A=3.195 B=91.089
[RELAY] Got status from sub, seq=155
[TX] StatusPacket seq=155 A=3.283 B=82.763
[RX] CmdPacket target=0xFF cmd=0x0 seq=156
[TX] Immediate reply seq=156
[FWD] Forward to sub: cmd=0x0 seq=156
[RELAY] Got status from sub, seq=156
[RELAY] Got status from sub, seq=156
[TX] StatusPacket seq=156 A=2.972 B=72.400
[RELAY] Got status from sub, seq=156
[TX] StatusPacket seq=156 A=2.336 B=60.644
[RX] CmdPacket target=0xFF cmd=0x0 seq=157
[TX] Immediate reply seq=157
[FWD] Forward to sub: cmd=0x0 seq=157
[RELAY] Got status from sub, seq=157
[RELAY] Got status from sub, seq=157
[TX] StatusPacket seq=157 A=1.533 B=48.226
[RELAY] Got status from sub, seq=157
[TX] StatusPacket seq=157 A=0.758 B=35.919
[RX] CmdPacket target=0xFF cmd=0x0 seq=158
[TX] Immediate reply seq=158
[FWD] Forward to sub: cmd=0x0 seq=158
[RELAY] Got status from sub, seq=158
[RELAY] Got status from sub, seq=158
[TX] StatusPacket seq=158 A=0.202 B=24.487
[RELAY] Got status from sub, seq=158
[TX] StatusPacket seq=158 A=0.000 B=14.642
[RX] CmdPacket target=0xFF cmd=0x0 seq=159
[TX] Immediate reply seq=159
[FWD] Forward to sub: cmd=0x0 seq=159
[RELAY] Got status from sub, seq=159
[RELAY] Got status from sub, seq=159
[TX] StatusPacket seq=159 A=0.202 B=6.995
[RELAY] Got status from sub, seq=159
[TX] StatusPacket seq=159 A=0.759 B=2.021
[RX] CmdPacket target=0xFF cmd=0x0 seq=160
[TX] Immediate reply seq=160
[FWD] Forward to sub: cmd=0x0 seq=160
[RELAY] Got status from sub, seq=160
[RELAY] Got status from sub, seq=160
[TX] StatusPacket seq=160 A=1.534 B=0.031
[RELAY] Got status from sub, seq=160
[TX] StatusPacket seq=160 A=2.337 B=1.148
[RX] CmdPacket target=0xFF cmd=0x0 seq=161
[TX] Immediate reply seq=161
[FWD] Forward to sub: cmd=0x0 seq=161
[RELAY] Got status from sub, seq=161
[TX] StatusPacket seq=161 A=2.972 B=5.302
[TX] StatusPacket seq=161 A=3.284 B=12.235
[RX] CmdPacket target=0xFF cmd=0x0 seq=162
[TX] Immediate reply seq=162
[FWD] Forward to sub: cmd=0x0 seq=162
[RELAY] Got status from sub, seq=162
[TX] StatusPacket seq=162 A=3.195 B=21.516
[RELAY] Got status from sub, seq=162
[TX] StatusPacket seq=162 A=2.728 B=32.568
[RELAY] Got status from sub, seq=162
[RX] CmdPacket target=0xFF cmd=0x0 seq=163
[TX] Immediate reply seq=163
[TX] StatusPacket seq=163 A=1.994 B=44.754
[FWD] Forward to sub: cmd=0x0 seq=163
[RELAY] Got status from sub, seq=163
[RELAY] Got status from sub, seq=163
[TX] StatusPacket seq=163 A=1.182 B=57.170
[RELAY] Got status from sub, seq=163
[TX] StatusPacket seq=163 A=0.481 B=69.189
[RX] CmdPacket target=0xFF cmd=0x0 seq=164
[TX] Immediate reply seq=164
[FWD] Forward to sub: cmd=0x0 seq=164
[RELAY] Got status from sub, seq=164
[RELAY] Got status from sub, seq=164
[TX] StatusPacket seq=164 A=0.066 B=80.016
[RELAY] Got status from sub, seq=164
[TX] StatusPacket seq=164 A=0.039 B=88.976
[RX] CmdPacket target=0xFF cmd=0x0 seq=165
[TX] Immediate reply seq=165
[FWD] Forward to sub: cmd=0x0 seq=165
[RELAY] Got status from sub, seq=165
[RELAY] Got status from sub, seq=165
[TX] StatusPacket seq=165 A=0.406 B=95.513
[RELAY] Got status from sub, seq=165
[TX] StatusPacket seq=165 A=1.078 B=99.220
[RX] CmdPacket target=0xFF cmd=0x0 seq=166
[TX] Immediate reply seq=166
[FWD] Forward to sub: cmd=0x0 seq=166
[RELAY] Got status from sub, seq=166
[RELAY] Got status from sub, seq=166
[TX] StatusPacket seq=166 A=1.890 B=99.867
[RELAY] Got status from sub, seq=166
[TX] StatusPacket seq=166 A=2.644 B=97.413
[RX] CmdPacket target=0xFF cmd=0x0 seq=167
[TX] Immediate reply seq=167
[FWD] Forward to sub: cmd=0x0 seq=167
[RELAY] Got status from sub, seq=167
[RELAY] Got status from sub, seq=167
[TX] StatusPacket seq=167 A=3.153 B=92.011
[RELAY] Got status from sub, seq=167
[TX] StatusPacket seq=167 A=3.295 B=83.998
[RX] CmdPacket target=0xFF cmd=0x0 seq=168
[TX] Immediate reply seq=168
[FWD] Forward to sub: cmd=0x0 seq=168
[RELAY] Got status from sub, seq=168
[RELAY] Got status from sub, seq=168
[TX] StatusPacket seq=168 A=3.034 B=73.870
[RELAY] Got status from sub, seq=168
[TX] StatusPacket seq=168 A=2.434 B=62.259
[RX] CmdPacket target=0xFF cmd=0x0 seq=169
[TX] Immediate reply seq=169
[FWD] Forward to sub: cmd=0x0 seq=169
[RELAY] Got status from sub, seq=169
[RELAY] Got status from sub, seq=169
[TX] StatusPacket seq=169 A=1.642 B=49.885
[RELAY] Got status from sub, seq=169
[TX] StatusPacket seq=169 A=0.852 B=37.519
[RX] CmdPacket target=0xFF cmd=0x0 seq=170
[TX] Immediate reply seq=170
[FWD] Forward to sub: cmd=0x0 seq=170
[RELAY] Got status from sub, seq=170
[RELAY] Got status from sub, seq=170
[TX] StatusPacket seq=170 A=0.257 B=25.928
[RELAY] Got status from sub, seq=170
[TX] StatusPacket seq=170 A=0.004 B=15.834
[RX] CmdPacket target=0xFF cmd=0x0 seq=171
[TX] Immediate reply seq=171
[FWD] Forward to sub: cmd=0x0 seq=171
[RELAY] Got status from sub, seq=171
[RELAY] Got status from sub, seq=171
[TX] StatusPacket seq=171 A=0.153 B=7.865
[RELAY] Got status from sub, seq=171
[TX] StatusPacket seq=171 A=0.669 B=2.515
[RX] CmdPacket target=0xFF cmd=0x0 seq=172
[TX] Immediate reply seq=172
[FWD] Forward to sub: cmd=0x0 seq=172
[RELAY] Got status from sub, seq=172
[RELAY] Got status from sub, seq=172
[TX] StatusPacket seq=172 A=1.425 B=0.117
[RELAY] Got status from sub, seq=172
[TX] StatusPacket seq=172 A=2.236 B=0.821
[RX] CmdPacket target=0xFF cmd=0x0 seq=173
[TX] Immediate reply seq=173
[FWD] Forward to sub: cmd=0x0 seq=173
[RELAY] Got status from sub, seq=173
[RELAY] Got status from sub, seq=173
[TX] StatusPacket seq=173 A=2.904 B=4.583
[RELAY] Got status from sub, seq=173
[TX] StatusPacket seq=173 A=3.265 B=11.169
[RX] CmdPacket target=0xFF cmd=0x0 seq=174
[TX] Immediate reply seq=174
[FWD] Forward to sub: cmd=0x0 seq=174
[RELAY] Got status from sub, seq=174
[RELAY] Got status from sub, seq=174
[TX] StatusPacket seq=174 A=3.230 B=20.168
[RELAY] Got status from sub, seq=174
[TX] StatusPacket seq=174 A=2.809 B=31.023
[RX] CmdPacket target=0xFF cmd=0x0 seq=175
[TX] Immediate reply seq=175
[FWD] Forward to sub: cmd=0x0 seq=175
[RELAY] Got status from sub, seq=175
[RELAY] Got status from sub, seq=175
[TX] StatusPacket seq=175 A=2.104 B=43.058
[RELAY] Got status from sub, seq=175
[TX] StatusPacket seq=175 A=1.288 B=55.524
[RX] CmdPacket target=0xFF cmd=0x0 seq=176
[TX] Immediate reply seq=176
[FWD] Forward to sub: cmd=0x0 seq=176
[RELAY] Got status from sub, seq=176
[RELAY] Got status from sub, seq=176
[TX] StatusPacket seq=176 A=0.560 B=67.647
[RELAY] Got status from sub, seq=176
[TX] StatusPacket seq=176 A=0.100 B=78.672
[RX] CmdPacket target=0xFF cmd=0x0 seq=177
[TX] Immediate reply seq=177
[FWD] Forward to sub: cmd=0x0 seq=177
[RELAY] Got status from sub, seq=177
[RELAY] Got status from sub, seq=177
[TX] StatusPacket seq=177 A=0.019 B=87.915
[RELAY] Got status from sub, seq=177
[TX] StatusPacket seq=177 A=0.337 B=94.801
[RX] CmdPacket target=0xFF cmd=0x0 seq=178
[TX] Immediate reply seq=178
[FWD] Forward to sub: cmd=0x0 seq=178
[RELAY] Got status from sub, seq=178
[RELAY] Got status from sub, seq=178
[TX] StatusPacket seq=178 A=0.977 B=98.901
[RELAY] Got status from sub, seq=178
[TX] StatusPacket seq=178 A=1.782 B=99.960
[RX] CmdPacket target=0xFF cmd=0x0 seq=179
[TX] Immediate reply seq=179
[FWD] Forward to sub: cmd=0x0 seq=179
[RELAY] Got status from sub, seq=179
[RELAY] Got status from sub, seq=179
[TX] StatusPacket seq=179 A=2.554 B=97.914
[RELAY] Got status from sub, seq=179
[TX] StatusPacket seq=179 A=3.105 B=92.888
[RX] CmdPacket target=0xFF cmd=0x0 seq=180
[TX] Immediate reply seq=180
[FWD] Forward to sub: cmd=0x0 seq=180
[RELAY] Got status from sub, seq=180
[RELAY] Got status from sub, seq=180
[TX] StatusPacket seq=180 A=3.300 B=85.196
[RELAY] Got status from sub, seq=180
[TX] StatusPacket seq=180 A=3.091 B=75.315
[RX] CmdPacket target=0xFF cmd=0x0 seq=181
[TX] Immediate reply seq=181
[FWD] Forward to sub: cmd=0x0 seq=181
[RELAY] Got status from sub, seq=181
[RELAY] Got status from sub, seq=181
[TX] StatusPacket seq=181 A=2.529 B=63.861
[RELAY] Got status from sub, seq=181
[TX] StatusPacket seq=181 A=1.752 B=51.544
[RX] CmdPacket target=0xFF cmd=0x0 seq=182
[TX] Immediate reply seq=182
[FWD] Forward to sub: cmd=0x0 seq=182
[RELAY] Got status from sub, seq=182
[RELAY] Got status from sub, seq=182
[TX] StatusPacket seq=182 A=0.950 B=39.132
[RELAY] Got status from sub, seq=182
[TX] StatusPacket seq=182 A=0.319 B=27.395
[RX] CmdPacket target=0xFF cmd=0x0 seq=183
[TX] Immediate reply seq=183
[FWD] Forward to sub: cmd=0x0 seq=183
[RELAY] Got status from sub, seq=183
[RELAY] Got status from sub, seq=183
[TX] StatusPacket seq=183 A=0.014 B=17.064
[RELAY] Got status from sub, seq=183
[TX] StatusPacket seq=183 A=0.110 B=8.781
[RX] CmdPacket target=0xFF cmd=0x0 seq=184
[TX] Immediate reply seq=184
[FWD] Forward to sub: cmd=0x0 seq=184
[RELAY] Got status from sub, seq=184
[RELAY] Got status from sub, seq=184
[TX] StatusPacket seq=184 A=0.583 B=3.060
[RELAY] Got status from sub, seq=184
[TX] StatusPacket seq=184 A=1.317 B=0.258
[RX] CmdPacket target=0xFF cmd=0x0 seq=185
[TX] Immediate reply seq=185
[FWD] Forward to sub: cmd=0x0 seq=185
[RELAY] Got status from sub, seq=185
[RELAY] Got status from sub, seq=185
[TX] StatusPacket seq=185 A=2.132 B=0.549
[RELAY] Got status from sub, seq=185
[TX] StatusPacket seq=185 A=2.830 B=3.914
[RX] CmdPacket target=0xFF cmd=0x0 seq=186
[TX] Immediate reply seq=186
[FWD] Forward to sub: cmd=0x0 seq=186
[RELAY] Got status from sub, seq=186
[RELAY] Got status from sub, seq=186
[TX] StatusPacket seq=186 A=3.238 B=10.145
[RELAY] Got status from sub, seq=186
[TX] StatusPacket seq=186 A=3.258 B=18.854
[RX] CmdPacket target=0xFF cmd=0x0 seq=187
[TX] Immediate reply seq=187
[FWD] Forward to sub: cmd=0x0 seq=187
[RELAY] Got status from sub, seq=187
[RELAY] Got status from sub, seq=187
[TX] StatusPacket seq=187 A=2.884 B=29.499
[RELAY] Got status from sub, seq=187
[TX] StatusPacket seq=187 A=2.208 B=41.419
[RX] CmdPacket target=0xFF cmd=0x0 seq=188
[TX] Immediate reply seq=188
[FWD] Forward to sub: cmd=0x0 seq=188
[RELAY] Got status from sub, seq=188
[RELAY] Got status from sub, seq=188
[TX] StatusPacket seq=188 A=1.395 B=53.872
[RELAY] Got status from sub, seq=188
[TX] StatusPacket seq=188 A=0.645 B=66.085
[RX] CmdPacket target=0xFF cmd=0x0 seq=189
[TX] Immediate reply seq=189
[FWD] Forward to sub: cmd=0x0 seq=189
[RELAY] Got status from sub, seq=189
[RELAY] Got status from sub, seq=189
[TX] StatusPacket seq=189 A=0.141 B=77.297
[RELAY] Got status from sub, seq=189
[TX] StatusPacket seq=189 A=0.006 B=86.813
[RX] CmdPacket target=0xFF cmd=0x0 seq=190
[TX] Immediate reply seq=190
[FWD] Forward to sub: cmd=0x0 seq=190
[RELAY] Got status from sub, seq=190
[RELAY] Got status from sub, seq=190
[TX] StatusPacket seq=190 A=0.274 B=94.039
[RELAY] Got status from sub, seq=190
[TX] StatusPacket seq=190 A=0.878 B=98.528
[RX] CmdPacket target=0xFF cmd=0x0 seq=191
[TX] Immediate reply seq=191
[FWD] Forward to sub: cmd=0x0 seq=191
[RELAY] Got status from sub, seq=191
[RELAY] Got status from sub, seq=191
[TX] StatusPacket seq=191 A=1.672 B=99.999
[RELAY] Got status from sub, seq=191
[TX] StatusPacket seq=191 A=2.460 B=98.361
[RX] CmdPacket target=0xFF cmd=0x0 seq=192
[TX] Immediate reply seq=192
[FWD] Forward to sub: cmd=0x0 seq=192
[RELAY] Got status from sub, seq=192
[RELAY] Got status from sub, seq=192
[TX] StatusPacket seq=192 A=3.050 B=93.717
[RELAY] Got status from sub, seq=192
[TX] StatusPacket seq=192 A=3.297 B=86.355
[RX] CmdPacket target=0xFF cmd=0x0 seq=193
[TX] Immediate reply seq=193
[FWD] Forward to sub: cmd=0x0 seq=193
[RELAY] Got status from sub, seq=193
[RELAY] Got status from sub, seq=193
[TX] StatusPacket seq=193 A=3.140 B=76.689
[TX] StatusPacket seq=193 A=2.620 B=65.447
[RELAY] Got status from sub, seq=193
[RX] CmdPacket target=0xFF cmd=0x0 seq=194
[TX] Immediate reply seq=194
[FWD] Forward to sub: cmd=0x0 seq=194
[RELAY] Got status from sub, seq=194
[TX] StatusPacket seq=194 A=1.861 B=53.202
[RELAY] Got status from sub, seq=194
[TX] StatusPacket seq=194 A=1.050 B=40.757
[RELAY] Got status from sub, seq=194
[RX] CmdPacket target=0xFF cmd=0x0 seq=195
[TX] Immediate reply seq=195
[TX] StatusPacket seq=195 A=0.387 B=28.888
[FWD] Forward to sub: cmd=0x0 seq=195
[RELAY] Got status from sub, seq=195
[RELAY] Got status from sub, seq=195
[TX] StatusPacket seq=195 A=0.033 B=18.331
[RELAY] Got status from sub, seq=195
[TX] StatusPacket seq=195 A=0.074 B=9.743
[RX] CmdPacket target=0xFF cmd=0x0 seq=196
[TX] Immediate reply seq=196
[FWD] Forward to sub: cmd=0x0 seq=196
[RELAY] Got status from sub, seq=196
[RELAY] Got status from sub, seq=196
[TX] StatusPacket seq=196 A=0.502 B=3.658
[RELAY] Got status from sub, seq=196
[TX] StatusPacket seq=196 A=1.210 B=0.454
[RX] CmdPacket target=0xFF cmd=0x0 seq=197
[TX] Immediate reply seq=197
[FWD] Forward to sub: cmd=0x0 seq=197
[RELAY] Got status from sub, seq=197
[RELAY] Got status from sub, seq=197
[TX] StatusPacket seq=197 A=2.027 B=0.331
[RELAY] Got status from sub, seq=197
[TX] StatusPacket seq=197 A=2.751 B=3.296
[RX] CmdPacket target=0xFF cmd=0x0 seq=198
[TX] Immediate reply seq=198
[FWD] Forward to sub: cmd=0x0 seq=198
[RELAY] Got status from sub, seq=198
[RELAY] Got status from sub, seq=198
[TX] StatusPacket seq=198 A=3.205 B=9.165
[RELAY] Got status from sub, seq=198
[TX] StatusPacket seq=198 A=3.279 B=17.573
[RX] CmdPacket target=0xFF cmd=0x0 seq=199
[TX] Immediate reply seq=199
[FWD] Forward to sub: cmd=0x0 seq=199
[RELAY] Got status from sub, seq=199
[RELAY] Got status from sub, seq=199
[TX] StatusPacket seq=199 A=2.954 B=27.997
[RELAY] Got status from sub, seq=199
[TX] StatusPacket seq=199 A=2.310 B=39.789
[RX] CmdPacket target=0xFF cmd=0x0 seq=200
[TX] Immediate reply seq=200
[FWD] Forward to sub: cmd=0x0 seq=200
[RELAY] Got status from sub, seq=200
[RELAY] Got status from sub, seq=200
[TX] StatusPacket seq=200 A=1.504 B=52.216
[RELAY] Got status from sub, seq=200
[TX] StatusPacket seq=200 A=0.734 B=64.505
[RX] CmdPacket target=0xFF cmd=0x0 seq=201
[TX] Immediate reply seq=201
[FWD] Forward to sub: cmd=0x0 seq=201
[RELAY] Got status from sub, seq=201
[RELAY] Got status from sub, seq=201
[TX] StatusPacket seq=201 A=0.188 B=75.892
[RELAY] Got status from sub, seq=201
[TX] StatusPacket seq=201 A=0.000 B=85.670
[RX] CmdPacket target=0xFF cmd=0x0 seq=202
[TX] Immediate reply seq=202
[FWD] Forward to sub: cmd=0x0 seq=202
[RELAY] Got status from sub, seq=202
[RELAY] Got status from sub, seq=202
[TX] StatusPacket seq=202 A=0.216 B=93.229
[RELAY] Got status from sub, seq=202
[TX] StatusPacket seq=202 A=0.783 B=98.101
[RX] CmdPacket target=0xFF cmd=0x0 seq=203
[TX] Immediate reply seq=203
[FWD] Forward to sub: cmd=0x0 seq=203
[RELAY] Got status from sub, seq=203
[RELAY] Got status from sub, seq=203
[TX] StatusPacket seq=203 A=1.563 B=99.982
[RELAY] Got status from sub, seq=203
[TX] StatusPacket seq=203 A=2.363 B=98.756
[RX] CmdPacket target=0xFF cmd=0x0 seq=204
[TX] Immediate reply seq=204
[FWD] Forward to sub: cmd=0x0 seq=204
[RELAY] Got status from sub, seq=204
[RELAY] Got status from sub, seq=204
[TX] StatusPacket seq=204 A=2.989 B=94.498
[RELAY] Got status from sub, seq=204
[TX] StatusPacket seq=204 A=3.287 B=87.473
[RX] CmdPacket target=0xFF cmd=0x0 seq=205
[TX] Immediate reply seq=205
[FWD] Forward to sub: cmd=0x0 seq=205
[RELAY] Got status from sub, seq=205
[RELAY] Got status from sub, seq=205
[TX] StatusPacket seq=205 A=3.185 B=78.119
[RELAY] Got status from sub, seq=205
[TX] StatusPacket seq=205 A=2.706 B=67.016
[RX] CmdPacket target=0xFF cmd=0x0 seq=206
[TX] Immediate reply seq=206
[FWD] Forward to sub: cmd=0x0 seq=206
[RELAY] Got status from sub, seq=206
[RELAY] Got status from sub, seq=206
[TX] StatusPacket seq=206 A=1.969 B=54.855
[RELAY] Got status from sub, seq=206
[TX] StatusPacket seq=206 A=1.154 B=42.393
[RX] CmdPacket target=0xFF cmd=0x0 seq=207
[TX] Immediate reply seq=207
[FWD] Forward to sub: cmd=0x0 seq=207
[RELAY] Got status from sub, seq=207
[RELAY] Got status from sub, seq=207
[TX] StatusPacket seq=207 A=0.460 B=30.403
[RELAY] Got status from sub, seq=207
[TX] StatusPacket seq=207 A=0.058 B=19.632
[RX] CmdPacket target=0xFF cmd=0x0 seq=208
[TX] Immediate reply seq=208
[FWD] Forward to sub: cmd=0x0 seq=208
[RELAY] Got status from sub, seq=208
[RELAY] Got status from sub, seq=208
[TX] StatusPacket seq=208 A=0.045 B=10.749
[RELAY] Got status from sub, seq=208
[TX] StatusPacket seq=208 A=0.426 B=4.306
[RX] CmdPacket target=0xFF cmd=0x0 seq=209
[TX] Immediate reply seq=209
[FWD] Forward to sub: cmd=0x0 seq=209
[RELAY] Got status from sub, seq=209
[RELAY] Got status from sub, seq=209
[TX] StatusPacket seq=209 A=1.106 B=0.704
[RELAY] Got status from sub, seq=209
[TX] StatusPacket seq=209 A=1.919 B=0.168
[RX] CmdPacket target=0xFF cmd=0x0 seq=210
[TX] Immediate reply seq=210
[FWD] Forward to sub: cmd=0x0 seq=210
[RELAY] Got status from sub, seq=210
[RELAY] Got status from sub, seq=210
[TX] StatusPacket seq=210 A=2.667 B=2.729
[RELAY] Got status from sub, seq=210
[TX] StatusPacket seq=210 A=3.165 B=8.230
[RX] CmdPacket target=0xFF cmd=0x0 seq=211
[TX] Immediate reply seq=211
[FWD] Forward to sub: cmd=0x0 seq=211
[RELAY] Got status from sub, seq=211
[RELAY] Got status from sub, seq=211
[TX] StatusPacket seq=211 A=3.293 B=16.328
[RELAY] Got status from sub, seq=211
[TX] StatusPacket seq=211 A=3.018 B=26.519
[RX] CmdPacket target=0xFF cmd=0x0 seq=212
[TX] Immediate reply seq=212
[FWD] Forward to sub: cmd=0x0 seq=212
[RELAY] Got status from sub, seq=212
[RELAY] Got status from sub, seq=212
[TX] StatusPacket seq=212 A=2.409 B=38.171
[RELAY] Got status from sub, seq=212
[TX] StatusPacket seq=212 A=1.613 B=50.557
[RX] CmdPacket target=0xFF cmd=0x0 seq=213
[TX] Immediate reply seq=213
[FWD] Forward to sub: cmd=0x0 seq=213
[RELAY] Got status from sub, seq=213
[RELAY] Got status from sub, seq=213
[TX] StatusPacket seq=213 A=0.827 B=62.909
[RELAY] Got status from sub, seq=213
[TX] StatusPacket seq=213 A=0.242 B=74.459
[RX] CmdPacket target=0xFF cmd=0x0 seq=214
[TX] Immediate reply seq=214
[FWD] Forward to sub: cmd=0x0 seq=214
[RELAY] Got status from sub, seq=214
[RELAY] Got status from sub, seq=214
[TX] StatusPacket seq=214 A=0.002 B=84.488
[RELAY] Got status from sub, seq=214
[TX] StatusPacket seq=214 A=0.165 B=92.372
[RX] CmdPacket target=0xFF cmd=0x0 seq=215
[TX] Immediate reply seq=215
[FWD] Forward to sub: cmd=0x0 seq=215
[RELAY] Got status from sub, seq=215
[RELAY] Got status from sub, seq=215
[TX] StatusPacket seq=215 A=0.692 B=97.622
[RELAY] Got status from sub, seq=215
[TX] StatusPacket seq=215 A=1.454 B=99.911
[RX] CmdPacket target=0xFF cmd=0x0 seq=216
[TX] Immediate reply seq=216
[FWD] Forward to sub: cmd=0x0 seq=216
[RELAY] Got status from sub, seq=216
[RELAY] Got status from sub, seq=216
[TX] StatusPacket seq=216 A=2.263 B=99.097
[RELAY] Got status from sub, seq=216
[TX] StatusPacket seq=216 A=2.922 B=95.230
[RX] CmdPacket target=0xFF cmd=0x0 seq=217
[TX] Immediate reply seq=217
[FWD] Forward to sub: cmd=0x0 seq=217
[RELAY] Got status from sub, seq=217
[RELAY] Got status from sub, seq=217
[TX] StatusPacket seq=217 A=3.270 B=88.551
[RELAY] Got status from sub, seq=217
[TX] StatusPacket seq=217 A=3.221 B=79.475
[RX] CmdPacket target=0xFF cmd=0x0 seq=218
[TX] Immediate reply seq=218
[FWD] Forward to sub: cmd=0x0 seq=218
[RELAY] Got status from sub, seq=218
[RELAY] Got status from sub, seq=218
[TX] StatusPacket seq=218 A=2.788 B=68.567
[RELAY] Got status from sub, seq=218
[TX] StatusPacket seq=218 A=2.076 B=56.504
[RX] CmdPacket target=0xFF cmd=0x0 seq=219
[TX] Immediate reply seq=219
[FWD] Forward to sub: cmd=0x0 seq=219
[RELAY] Got status from sub, seq=219
[RELAY] Got status from sub, seq=219
[TX] StatusPacket seq=219 A=1.259 B=44.036
[RELAY] Got status from sub, seq=219
[TX] StatusPacket seq=219 A=0.539 B=31.940
[RX] CmdPacket target=0xFF cmd=0x0 seq=220
[TX] Immediate reply seq=220
[FWD] Forward to sub: cmd=0x0 seq=220
[RELAY] Got status from sub, seq=220
[RELAY] Got status from sub, seq=220
[TX] StatusPacket seq=220 A=0.090 B=20.966
[RELAY] Got status from sub, seq=220
[TX] StatusPacket seq=220 A=0.023 B=11.798
[RX] CmdPacket target=0xFF cmd=0x0 seq=221
[TX] Immediate reply seq=221
[FWD] Forward to sub: cmd=0x0 seq=221
[RELAY] Got status from sub, seq=221
[RELAY] Got status from sub, seq=221
[TX] StatusPacket seq=221 A=0.355 B=5.005
[RELAY] Got status from sub, seq=221
[TX] StatusPacket seq=221 A=1.004 B=1.009
[RX] CmdPacket target=0xFF cmd=0x0 seq=222
[TX] Immediate reply seq=222
[FWD] Forward to sub: cmd=0x0 seq=222
[RELAY] Got status from sub, seq=222
[RELAY] Got status from sub, seq=222
[TX] StatusPacket seq=222 A=1.811 B=0.059
[RELAY] Got status from sub, seq=222
[TX] StatusPacket seq=222 A=2.578 B=2.215
[RX] CmdPacket target=0xFF cmd=0x0 seq=223
[TX] Immediate reply seq=223
[FWD] Forward to sub: cmd=0x0 seq=223
[RELAY] Got status from sub, seq=223
[RELAY] Got status from sub, seq=223
[TX] StatusPacket seq=223 A=3.119 B=7.341
[RELAY] Got status from sub, seq=223
[TX] StatusPacket seq=223 A=3.299 B=15.120
[RX] CmdPacket target=0xFF cmd=0x0 seq=224
[TX] Immediate reply seq=224
[FWD] Forward to sub: cmd=0x0 seq=224
[RELAY] Got status from sub, seq=224
[RELAY] Got status from sub, seq=224
[TX] StatusPacket seq=224 A=3.076 B=25.068
[RELAY] Got status from sub, seq=224
[TX] StatusPacket seq=224 A=2.504 B=36.565
[RX] CmdPacket target=0xFF cmd=0x0 seq=225
[TX] Immediate reply seq=225
[FWD] Forward to sub: cmd=0x0 seq=225
[RELAY] Got status from sub, seq=225
[RELAY] Got status from sub, seq=225
[TX] StatusPacket seq=225 A=1.723 B=48.898
[RELAY] Got status from sub, seq=225
[TX] StatusPacket seq=225 A=0.921 B=61.348
[RX] CmdPacket target=0xFF cmd=0x0 seq=226
[TX] Immediate reply seq=226
[FWD] Forward to sub: cmd=0x0 seq=226
[RELAY] Got status from sub, seq=226
[TX] StatusPacket seq=226 A=0.302 B=72.999
[TX] StatusPacket seq=226 A=0.011 B=83.267
[RELAY] Got status from sub, seq=226
[RX] CmdPacket target=0xFF cmd=0x0 seq=227
[TX] Immediate reply seq=227
[FWD] Forward to sub: cmd=0x0 seq=227
[RELAY] Got status from sub, seq=227
[TX] StatusPacket seq=227 A=0.122 B=91.496
[RELAY] Got status from sub, seq=227
[TX] StatusPacket seq=227 A=0.605 B=97.090
[RELAY] Got status from sub, seq=227
[RX] CmdPacket target=0xFF cmd=0x0 seq=228
[TX] Immediate reply seq=228
[TX] StatusPacket seq=228 A=1.349 B=99.789
[FWD] Forward to sub: cmd=0x0 seq=228
[RELAY] Got status from sub, seq=228
[RELAY] Got status from sub, seq=228
[TX] StatusPacket seq=228 A=2.160 B=99.384
[RELAY] Got status from sub, seq=228
[TX] StatusPacket seq=228 A=2.850 B=95.912
[RX] CmdPacket target=0xFF cmd=0x0 seq=229
[TX] Immediate reply seq=229
[FWD] Forward to sub: cmd=0x0 seq=229
[RELAY] Got status from sub, seq=229
[RELAY] Got status from sub, seq=229
[TX] StatusPacket seq=229 A=3.246 B=89.586
[RELAY] Got status from sub, seq=229
[TX] StatusPacket seq=229 A=3.251 B=80.799
[RX] CmdPacket target=0xFF cmd=0x0 seq=230
[TX] Immediate reply seq=230
[FWD] Forward to sub: cmd=0x0 seq=230
[RELAY] Got status from sub, seq=230
[RELAY] Got status from sub, seq=230
[TX] StatusPacket seq=230 A=2.865 B=70.097
[RELAY] Got status from sub, seq=230
[TX] StatusPacket seq=230 A=2.180 B=58.145
[RX] CmdPacket target=0xFF cmd=0x0 seq=231
[TX] Immediate reply seq=231
[FWD] Forward to sub: cmd=0x0 seq=231
[RELAY] Got status from sub, seq=231
[RELAY] Got status from sub, seq=231
[TX] StatusPacket seq=231 A=1.366 B=45.687
[RELAY] Got status from sub, seq=231
[TX] StatusPacket seq=231 A=0.622 B=33.497
[RX] CmdPacket target=0xFF cmd=0x0 seq=232
[TX] Immediate reply seq=232
[FWD] Forward to sub: cmd=0x0 seq=232
[RELAY] Got status from sub, seq=232
[RELAY] Got status from sub, seq=232
[TX] StatusPacket seq=232 A=0.129 B=22.333
[RELAY] Got status from sub, seq=232
[TX] StatusPacket seq=232 A=0.009 B=12.889
[RX] CmdPacket target=0xFF cmd=0x0 seq=233
[TX] Immediate reply seq=233
[FWD] Forward to sub: cmd=0x0 seq=233
[RELAY] Got status from sub, seq=233
[RELAY] Got status from sub, seq=233
[TX] StatusPacket seq=233 A=0.290 B=5.753
[RELAY] Got status from sub, seq=233
[TX] StatusPacket seq=233 A=0.904 B=1.368
[RX] CmdPacket target=0xFF cmd=0x0 seq=234
[TX] Immediate reply seq=234
[FWD] Forward to sub: cmd=0x0 seq=234
[RELAY] Got status from sub, seq=234
[RELAY] Got status from sub, seq=234
[TX] StatusPacket seq=234 A=1.701 B=0.006
[RELAY] Got status from sub, seq=234
[TX] StatusPacket seq=234 A=2.486 B=1.753
[RX] CmdPacket target=0xFF cmd=0x0 seq=235
[TX] Immediate reply seq=235
[FWD] Forward to sub: cmd=0x0 seq=235
[RELAY] Got status from sub, seq=235
[RELAY] Got status from sub, seq=235
[TX] StatusPacket seq=235 A=3.066 B=6.499
[RELAY] Got status from sub, seq=235
[TX] StatusPacket seq=235 A=3.299 B=13.951
[RX] CmdPacket target=0xFF cmd=0x0 seq=236
[TX] Immediate reply seq=236
[FWD] Forward to sub: cmd=0x0 seq=236
[RELAY] Got status from sub, seq=236
[RELAY] Got status from sub, seq=236
[TX] StatusPacket seq=236 A=3.128 B=23.643
[RELAY] Got status from sub, seq=236
[TX] StatusPacket seq=236 A=2.596 B=34.975
[RX] CmdPacket target=0xFF cmd=0x0 seq=237
[TX] Immediate reply seq=237
[FWD] Forward to sub: cmd=0x0 seq=237
[RELAY] Got status from sub, seq=237
[RELAY] Got status from sub, seq=237
[TX] StatusPacket seq=237 A=1.832 B=47.240
[RELAY] Got status from sub, seq=237
[TX] StatusPacket seq=237 A=1.023 B=59.677
[RX] CmdPacket target=0xFF cmd=0x0 seq=238
[TX] Immediate reply seq=238
[FWD] Forward to sub: cmd=0x0 seq=238
[RELAY] Got status from sub, seq=238
[RELAY] Got status from sub, seq=238
[TX] StatusPacket seq=238 A=0.368 B=71.513
[RELAY] Got status from sub, seq=238
[TX] StatusPacket seq=238 A=0.027 B=82.011
[RX] CmdPacket target=0xFF cmd=0x0 seq=239
[TX] Immediate reply seq=239
[FWD] Forward to sub: cmd=0x0 seq=239
[RELAY] Got status from sub, seq=239
[RELAY] Got status from sub, seq=239
[TX] StatusPacket seq=239 A=0.083 B=90.518
[RELAY] Got status from sub, seq=239
[TX] StatusPacket seq=239 A=0.523 B=96.507
[RX] CmdPacket target=0xFF cmd=0x0 seq=240
[TX] Immediate reply seq=240
[FWD] Forward to sub: cmd=0x0 seq=240
[RELAY] Got status from sub, seq=240
[RELAY] Got status from sub, seq=240
[TX] StatusPacket seq=240 A=1.239 B=99.604
[RELAY] Got status from sub, seq=240
[TX] StatusPacket seq=240 A=2.055 B=99.616
[RX] CmdPacket target=0xFF cmd=0x0 seq=241
[TX] Immediate reply seq=241
[FWD] Forward to sub: cmd=0x0 seq=241
[RELAY] Got status from sub, seq=241
[RELAY] Got status from sub, seq=241
[TX] StatusPacket seq=241 A=2.772 B=96.544
[RELAY] Got status from sub, seq=241
[TX] StatusPacket seq=241 A=3.215 B=90.578
[RX] CmdPacket target=0xFF cmd=0x0 seq=242
[TX] Immediate reply seq=242
[FWD] Forward to sub: cmd=0x0 seq=242
[RELAY] Got status from sub, seq=242
[RELAY] Got status from sub, seq=242
[TX] StatusPacket seq=242 A=3.274 B=82.089
[RELAY] Got status from sub, seq=242
[TX] StatusPacket seq=242 A=2.936 B=71.605
[RX] CmdPacket target=0xFF cmd=0x0 seq=243
[TX] Immediate reply seq=243
[FWD] Forward to sub: cmd=0x0 seq=243
[RELAY] Got status from sub, seq=243
[RELAY] Got status from sub, seq=243
[TX] StatusPacket seq=243 A=2.283 B=59.777
[RELAY] Got status from sub, seq=243
[TX] StatusPacket seq=243 A=1.475 B=47.342
[RX] CmdPacket target=0xFF cmd=0x0 seq=244
[TX] Immediate reply seq=244
[FWD] Forward to sub: cmd=0x0 seq=244
[RELAY] Got status from sub, seq=244
[RELAY] Got status from sub, seq=244
[TX] StatusPacket seq=244 A=0.710 B=35.072
[RELAY] Got status from sub, seq=244
[TX] StatusPacket seq=244 A=0.175 B=23.730
[RX] CmdPacket target=0xFF cmd=0x0 seq=245
[TX] Immediate reply seq=245
[FWD] Forward to sub: cmd=0x0 seq=245
[RELAY] Got status from sub, seq=245
[RELAY] Got status from sub, seq=245
[TX] StatusPacket seq=245 A=0.001 B=14.021
[RELAY] Got status from sub, seq=245
[TX] StatusPacket seq=245 A=0.231 B=6.550
[RX] CmdPacket target=0xFF cmd=0x0 seq=246
[TX] Immediate reply seq=246
[FWD] Forward to sub: cmd=0x0 seq=246
[RELAY] Got status from sub, seq=246
[RELAY] Got status from sub, seq=246
[TX] StatusPacket seq=246 A=0.808 B=1.780
[RELAY] Got status from sub, seq=246
[TX] StatusPacket seq=246 A=1.592 B=0.008
[RX] CmdPacket target=0xFF cmd=0x0 seq=247
[TX] Immediate reply seq=247
[FWD] Forward to sub: cmd=0x0 seq=247
[RELAY] Got status from sub, seq=247
[RELAY] Got status from sub, seq=247
[TX] StatusPacket seq=247 A=2.390 B=1.344
[RELAY] Got status from sub, seq=247
[TX] StatusPacket seq=247 A=3.006 B=5.706
[RX] CmdPacket target=0xFF cmd=0x0 seq=248
[TX] Immediate reply seq=248
[FWD] Forward to sub: cmd=0x0 seq=248
[RELAY] Got status from sub, seq=248
[RELAY] Got status from sub, seq=248
[TX] StatusPacket seq=248 A=3.291 B=12.821
[RELAY] Got status from sub, seq=248
[TX] StatusPacket seq=248 A=3.174 B=22.248
[RX] CmdPacket target=0xFF cmd=0x0 seq=249
[TX] Immediate reply seq=249
[FWD] Forward to sub: cmd=0x0 seq=249
[RELAY] Got status from sub, seq=249
[RELAY] Got status from sub, seq=249
[TX] StatusPacket seq=249 A=2.683 B=33.401
[RELAY] Got status from sub, seq=249
[TX] StatusPacket seq=249 A=1.940 B=45.585
[RX] CmdPacket target=0xFF cmd=0x0 seq=250
[TX] Immediate reply seq=250
[FWD] Forward to sub: cmd=0x0 seq=250
[RELAY] Got status from sub, seq=250
[RELAY] Got status from sub, seq=250
[TX] StatusPacket seq=250 A=1.126 B=58.044
[RELAY] Got status from sub, seq=250
[TX] StatusPacket seq=250 A=0.440 B=70.003
[RX] CmdPacket target=0xFF cmd=0x0 seq=251
[TX] Immediate reply seq=251
[FWD] Forward to sub: cmd=0x0 seq=251
[RELAY] Got status from sub, seq=251
[RELAY] Got status from sub, seq=251
[TX] StatusPacket seq=251 A=0.050 B=80.719
[RELAY] Got status from sub, seq=251
[TX] StatusPacket seq=251 A=0.052 B=89.524
[RX] CmdPacket target=0xFF cmd=0x0 seq=252
[TX] Immediate reply seq=252
[FWD] Forward to sub: cmd=0x0 seq=252
[RELAY] Got status from sub, seq=252
[RELAY] Got status from sub, seq=252
[TX] StatusPacket seq=252 A=0.445 B=95.872
[RELAY] Got status from sub, seq=252
[TX] StatusPacket seq=252 A=1.133 B=99.368
[RX] CmdPacket target=0xFF cmd=0x0 seq=253
[TX] Immediate reply seq=253
[FWD] Forward to sub: cmd=0x0 seq=253
[RELAY] Got status from sub, seq=253
[RELAY] Got status from sub, seq=253
[TX] StatusPacket seq=253 A=1.948 B=99.794
[RELAY] Got status from sub, seq=253
[TX] StatusPacket seq=253 A=2.690 B=97.124
[RX] CmdPacket target=0xFF cmd=0x0 seq=254
[TX] Immediate reply seq=254
[FWD] Forward to sub: cmd=0x0 seq=254
[RELAY] Got status from sub, seq=254
[RELAY] Got status from sub, seq=254
[TX] StatusPacket seq=254 A=3.177 B=91.525
[RELAY] Got status from sub, seq=254
[TX] StatusPacket seq=254 A=3.290 B=83.344
[RX] CmdPacket target=0xFF cmd=0x0 seq=255
[TX] Immediate reply seq=255
[FWD] Forward to sub: cmd=0x0 seq=255
[RELAY] Got status from sub, seq=255
[RELAY] Got status from sub, seq=255
[TX] StatusPacket seq=255 A=3.002 B=73.089
[RELAY] Got status from sub, seq=255
[TX] StatusPacket seq=255 A=2.383 B=61.399
[RX] CmdPacket target=0xFF cmd=0x0 seq=256
[TX] Immediate reply seq=256
[FWD] Forward to sub: cmd=0x0 seq=256
[RELAY] Got status from sub, seq=256
[RELAY] Got status from sub, seq=256
[TX] StatusPacket seq=256 A=1.584 B=49.000
[RELAY] Got status from sub, seq=256
[TX] StatusPacket seq=256 A=0.802 B=36.663
[RX] CmdPacket target=0xFF cmd=0x0 seq=257
[TX] Immediate reply seq=257
[FWD] Forward to sub: cmd=0x0 seq=257
[RELAY] Got status from sub, seq=257
[RELAY] Got status from sub, seq=257
[TX] StatusPacket seq=257 A=0.227 B=25.156
[RELAY] Got status from sub, seq=257
[TX] StatusPacket seq=257 A=0.001 B=15.193
[RX] CmdPacket target=0xFF cmd=0x0 seq=258
[TX] Immediate reply seq=258
[FWD] Forward to sub: cmd=0x0 seq=258
[RELAY] Got status from sub, seq=258
[RELAY] Got status from sub, seq=258
[TX] StatusPacket seq=258 A=0.178 B=7.395
[RELAY] Got status from sub, seq=258
[TX] StatusPacket seq=258 A=0.716 B=2.245
[RX] CmdPacket target=0xFF cmd=0x0 seq=259
[TX] Immediate reply seq=259
[FWD] Forward to sub: cmd=0x0 seq=259
[RELAY] Got status from sub, seq=259
[RELAY] Got status from sub, seq=259
[TX] StatusPacket seq=259 A=1.486 B=0.062
[TX] StatusPacket seq=259 A=2.290 B=0.989
[RX] CmdPacket target=0xFF cmd=0x0 seq=260
[TX] Immediate reply seq=260
[FWD] Forward to sub: cmd=0x0 seq=260
[RELAY] Got status from sub, seq=260
[TX] StatusPacket seq=260 A=2.941 B=4.960
[RELAY] Got status from sub, seq=260
[TX] StatusPacket seq=260 A=3.276 B=11.732
[RELAY] Got status from sub, seq=260
[RX] CmdPacket target=0xFF cmd=0x0 seq=261
[TX] Immediate reply seq=261
[FWD] Forward to sub: cmd=0x0 seq=261
[TX] StatusPacket seq=261 A=3.212 B=20.883
[TX] StatusPacket seq=261 A=2.766 B=31.845
[RELAY] Got status from sub, seq=261
[TX] StatusPacket seq=261 A=2.047 B=43.935
[RX] CmdPacket target=0xFF cmd=0x0 seq=262
[TX] Immediate reply seq=262
[FWD] Forward to sub: cmd=0x0 seq=262
[RELAY] Got status from sub, seq=262
[RELAY] Got status from sub, seq=262
[TX] StatusPacket seq=262 A=1.231 B=56.403
[RELAY] Got status from sub, seq=262
[TX] StatusPacket seq=262 A=0.517 B=68.472
[RX] CmdPacket target=0xFF cmd=0x0 seq=263
[TX] Immediate reply seq=263
[FWD] Forward to sub: cmd=0x0 seq=263
[RELAY] Got status from sub, seq=263
[RELAY] Got status from sub, seq=263
[TX] StatusPacket seq=263 A=0.081 B=79.393
[RELAY] Got status from sub, seq=263
[TX] StatusPacket seq=263 A=0.028 B=88.486
[RX] CmdPacket target=0xFF cmd=0x0 seq=264
[TX] Immediate reply seq=264
[FWD] Forward to sub: cmd=0x0 seq=264
[RELAY] Got status from sub, seq=264
[RELAY] Got status from sub, seq=264
[TX] StatusPacket seq=264 A=0.373 B=95.187
[RELAY] Got status from sub, seq=264
[TX] StatusPacket seq=264 A=1.031 B=99.078
[RX] CmdPacket target=0xFF cmd=0x0 seq=265
[TX] Immediate reply seq=265
[FWD] Forward to sub: cmd=0x0 seq=265
[RELAY] Got status from sub, seq=265
[RELAY] Got status from sub, seq=265
[TX] StatusPacket seq=265 A=1.840 B=99.917
[RELAY] Got status from sub, seq=265
[TX] StatusPacket seq=265 A=2.602 B=97.653
[RX] CmdPacket target=0xFF cmd=0x0 seq=266
[TX] Immediate reply seq=266
[FWD] Forward to sub: cmd=0x0 seq=266
[RELAY] Got status from sub, seq=266
[RELAY] Got status from sub, seq=266
[TX] StatusPacket seq=266 A=3.132 B=92.426
[RELAY] Got status from sub, seq=266
[TX] StatusPacket seq=266 A=3.298 B=84.561
[RX] CmdPacket target=0xFF cmd=0x0 seq=267
[TX] Immediate reply seq=267
[FWD] Forward to sub: cmd=0x0 seq=267
[RELAY] Got status from sub, seq=267
[RELAY] Got status from sub, seq=267
[TX] StatusPacket seq=267 A=3.061 B=74.548
[RELAY] Got status from sub, seq=267
[TX] StatusPacket seq=267 A=2.479 B=63.008
[RX] CmdPacket target=0xFF cmd=0x0 seq=268
[TX] Immediate reply seq=268
[FWD] Forward to sub: cmd=0x0 seq=268
[RELAY] Got status from sub, seq=268
[RELAY] Got status from sub, seq=268
[TX] StatusPacket seq=268 A=1.694 B=50.659
[RELAY] Got status from sub, seq=268
[TX] StatusPacket seq=268 A=0.897 B=38.270
[RX] CmdPacket target=0xFF cmd=0x0 seq=269
[TX] Immediate reply seq=269
[FWD] Forward to sub: cmd=0x0 seq=269
[RELAY] Got status from sub, seq=269
[RELAY] Got status from sub, seq=269
[TX] StatusPacket seq=269 A=0.286 B=26.609
[RELAY] Got status from sub, seq=269
[TX] StatusPacket seq=269 A=0.008 B=16.403
[RX] CmdPacket target=0xFF cmd=0x0 seq=270
[TX] Immediate reply seq=270
[FWD] Forward to sub: cmd=0x0 seq=270
[RELAY] Got status from sub, seq=270
[RELAY] Got status from sub, seq=270
[TX] StatusPacket seq=270 A=0.132 B=8.286
[RELAY] Got status from sub, seq=270
[TX] StatusPacket seq=270 A=0.628 B=2.763
[RX] CmdPacket target=0xFF cmd=0x0 seq=271
[TX] Immediate reply seq=271
[FWD] Forward to sub: cmd=0x0 seq=271
[RELAY] Got status from sub, seq=271
[RELAY] Got status from sub, seq=271
[TX] StatusPacket seq=271 A=1.374 B=0.176
[RELAY] Got status from sub, seq=271
[TX] StatusPacket seq=271 A=2.188 B=0.687
[RX] CmdPacket target=0xFF cmd=0x0 seq=272
[TX] Immediate reply seq=272
[FWD] Forward to sub: cmd=0x0 seq=272
[RELAY] Got status from sub, seq=272
[RELAY] Got status from sub, seq=272
[TX] StatusPacket seq=272 A=2.870 B=4.265
[RELAY] Got status from sub, seq=272
[TX] StatusPacket seq=272 A=3.253 B=10.686
[RX] CmdPacket target=0xFF cmd=0x0 seq=273
[TX] Immediate reply seq=273
[FWD] Forward to sub: cmd=0x0 seq=273
[RELAY] Got status from sub, seq=273
[RELAY] Got status from sub, seq=273
[TX] StatusPacket seq=273 A=3.244 B=19.551
[RELAY] Got status from sub, seq=273
[TX] StatusPacket seq=273 A=2.845 B=30.309
[RX] CmdPacket target=0xFF cmd=0x0 seq=274
[TX] Immediate reply seq=274
[FWD] Forward to sub: cmd=0x0 seq=274
[RELAY] Got status from sub, seq=274
[RELAY] Got status from sub, seq=274
[TX] StatusPacket seq=274 A=2.153 B=42.292
[RELAY] Got status from sub, seq=274
[TX] StatusPacket seq=274 A=1.338 B=54.754
[RX] CmdPacket target=0xFF cmd=0x0 seq=275
[TX] Immediate reply seq=275
[FWD] Forward to sub: cmd=0x0 seq=275
[RELAY] Got status from sub, seq=275
[RELAY] Got status from sub, seq=275
[TX] StatusPacket seq=275 A=0.599 B=66.920
[RELAY] Got status from sub, seq=275
[TX] StatusPacket seq=275 A=0.118 B=78.035
[RX] CmdPacket target=0xFF cmd=0x0 seq=276
[TX] Immediate reply seq=276
[FWD] Forward to sub: cmd=0x0 seq=276
[RELAY] Got status from sub, seq=276
[RELAY] Got status from sub, seq=276
[TX] StatusPacket seq=276 A=0.012 B=87.406
[RELAY] Got status from sub, seq=276
[TX] StatusPacket seq=276 A=0.307 B=94.451
[RX] CmdPacket target=0xFF cmd=0x0 seq=277
[TX] Immediate reply seq=277
[FWD] Forward to sub: cmd=0x0 seq=277
[RELAY] Got status from sub, seq=277
[RELAY] Got status from sub, seq=277
[TX] StatusPacket seq=277 A=0.931 B=98.733
[RELAY] Got status from sub, seq=277
[TX] StatusPacket seq=277 A=1.731 B=99.985
[RX] CmdPacket target=0xFF cmd=0x0 seq=278
[TX] Immediate reply seq=278
[FWD] Forward to sub: cmd=0x0 seq=278
[RELAY] Got status from sub, seq=278
[RELAY] Got status from sub, seq=278
[TX] StatusPacket seq=278 A=2.511 B=98.129
[RELAY] Got status from sub, seq=278
[TX] StatusPacket seq=278 A=3.080 B=93.281
[RX] CmdPacket target=0xFF cmd=0x0 seq=279
[TX] Immediate reply seq=279
[FWD] Forward to sub: cmd=0x0 seq=279
[RELAY] Got status from sub, seq=279
[RELAY] Got status from sub, seq=279
[TX] StatusPacket seq=279 A=3.300 B=85.741
[RELAY] Got status from sub, seq=279
[TX] StatusPacket seq=279 A=3.115 B=75.980
[RX] CmdPacket target=0xFF cmd=0x0 seq=280
[TX] Immediate reply seq=280
[FWD] Forward to sub: cmd=0x0 seq=280
[RELAY] Got status from sub, seq=280
[RELAY] Got status from sub, seq=280
[TX] StatusPacket seq=280 A=2.572 B=64.603
[RELAY] Got status from sub, seq=280
[TX] StatusPacket seq=280 A=1.803 B=52.318
[RX] CmdPacket target=0xFF cmd=0x0 seq=281
[TX] Immediate reply seq=281
[FWD] Forward to sub: cmd=0x0 seq=281
[RELAY] Got status from sub, seq=281
[RELAY] Got status from sub, seq=281
[TX] StatusPacket seq=281 A=0.996 B=39.889
[RELAY] Got status from sub, seq=281
[TX] StatusPacket seq=281 A=0.350 B=28.089
[RX] CmdPacket target=0xFF cmd=0x0 seq=282
[TX] Immediate reply seq=282
[FWD] Forward to sub: cmd=0x0 seq=282
[RELAY] Got status from sub, seq=282
[RELAY] Got status from sub, seq=282
[TX] StatusPacket seq=282 A=0.022 B=17.651
[RELAY] Got status from sub, seq=282
[TX] StatusPacket seq=282 A=0.093 B=9.224
[RX] CmdPacket target=0xFF cmd=0x0 seq=283
[TX] Immediate reply seq=283
[FWD] Forward to sub: cmd=0x0 seq=283
[RELAY] Got status from sub, seq=283
[RELAY] Got status from sub, seq=283
[TX] StatusPacket seq=283 A=0.544 B=3.333
[RELAY] Got status from sub, seq=283
[TX] StatusPacket seq=283 A=1.267 B=0.343
[RX] CmdPacket target=0xFF cmd=0x0 seq=284
[TX] Immediate reply seq=284
[FWD] Forward to sub: cmd=0x0 seq=284
[RELAY] Got status from sub, seq=284
[RELAY] Got status from sub, seq=284
[TX] StatusPacket seq=284 A=2.083 B=0.440
[RELAY] Got status from sub, seq=284
[TX] StatusPacket seq=284 A=2.793 B=3.619
[RX] CmdPacket target=0xFF cmd=0x0 seq=285
[TX] Immediate reply seq=285
[FWD] Forward to sub: cmd=0x0 seq=285
[RELAY] Got status from sub, seq=285
[RELAY] Got status from sub, seq=285
[TX] StatusPacket seq=285 A=3.224 B=9.682
[RELAY] Got status from sub, seq=285
[TX] StatusPacket seq=285 A=3.269 B=18.252
[RX] CmdPacket target=0xFF cmd=0x0 seq=286
[TX] Immediate reply seq=286
[FWD] Forward to sub: cmd=0x0 seq=286
[RELAY] Got status from sub, seq=286
[RELAY] Got status from sub, seq=286
[TX] StatusPacket seq=286 A=2.917 B=28.795
[RELAY] Got status from sub, seq=286
[TX] StatusPacket seq=286 A=2.256 B=40.657
[RX] CmdPacket target=0xFF cmd=0x0 seq=287
[TX] Immediate reply seq=287
[FWD] Forward to sub: cmd=0x0 seq=287
[RELAY] Got status from sub, seq=287
[RELAY] Got status from sub, seq=287
[TX] StatusPacket seq=287 A=1.446 B=53.100
[RELAY] Got status from sub, seq=287
[TX] StatusPacket seq=287 A=0.686 B=65.350
[RX] CmdPacket target=0xFF cmd=0x0 seq=288
[TX] Immediate reply seq=288
[FWD] Forward to sub: cmd=0x0 seq=288
[RELAY] Got status from sub, seq=288
[RELAY] Got status from sub, seq=288
[TX] StatusPacket seq=288 A=0.162 B=76.645
[RELAY] Got status from sub, seq=288
[TX] StatusPacket seq=288 A=0.002 B=86.284
[RX] CmdPacket target=0xFF cmd=0x0 seq=289
[TX] Immediate reply seq=289
[FWD] Forward to sub: cmd=0x0 seq=289
[RELAY] Got status from sub, seq=289
[RELAY] Got status from sub, seq=289
[TX] StatusPacket seq=289 A=0.246 B=93.667
[RELAY] Got status from sub, seq=289
[TX] StatusPacket seq=289 A=0.834 B=98.335
[RX] CmdPacket target=0xFF cmd=0x0 seq=290
[TX] Immediate reply seq=290
[FWD] Forward to sub: cmd=0x0 seq=290
[RELAY] Got status from sub, seq=290
[RELAY] Got status from sub, seq=290
[TX] StatusPacket seq=290 A=1.621 B=99.998
[RELAY] Got status from sub, seq=290
[TX] StatusPacket seq=290 A=2.416 B=98.552
[RX] CmdPacket target=0xFF cmd=0x0 seq=291
[TX] Immediate reply seq=291
[FWD] Forward to sub: cmd=0x0 seq=291
[RELAY] Got status from sub, seq=291
[RELAY] Got status from sub, seq=291
[TX] StatusPacket seq=291 A=3.023 B=94.087
[RELAY] Got status from sub, seq=291
[TX] StatusPacket seq=291 A=3.294 B=86.882
[RX] CmdPacket target=0xFF cmd=0x0 seq=292
[TX] Immediate reply seq=292
[FWD] Forward to sub: cmd=0x0 seq=292
[RELAY] Got status from sub, seq=292
[TX] StatusPacket seq=292 A=3.162 B=77.383
[TX] StatusPacket seq=292 A=2.660 B=66.181
[RX] CmdPacket target=0xFF cmd=0x0 seq=293
[TX] Immediate reply seq=293
[FWD] Forward to sub: cmd=0x0 seq=293
[RELAY] Got status from sub, seq=293
[TX] StatusPacket seq=293 A=1.908 B=53.924
[RELAY] Got status from sub, seq=293
[TX] StatusPacket seq=293 A=1.098 B=41.519
[RELAY] Got status from sub, seq=293
[RX] CmdPacket target=0xFF cmd=0x0 seq=294
[TX] Immediate reply seq=294
[TX] StatusPacket seq=294 A=0.418 B=29.546
[FWD] Forward to sub: cmd=0x0 seq=294
[RELAY] Got status from sub, seq=294
[RELAY] Got status from sub, seq=294
[TX] StatusPacket seq=294 A=0.043 B=18.933
[RELAY] Got status from sub, seq=294
[TX] StatusPacket seq=294 A=0.060 B=10.207
[RX] CmdPacket target=0xFF cmd=0x0 seq=295
[TX] Immediate reply seq=295
[FWD] Forward to sub: cmd=0x0 seq=295
[RELAY] Got status from sub, seq=295
[RELAY] Got status from sub, seq=295
[TX] StatusPacket seq=295 A=0.466 B=3.954
[RELAY] Got status from sub, seq=295
[TX] StatusPacket seq=295 A=1.161 B=0.564
[RX] CmdPacket target=0xFF cmd=0x0 seq=296
[TX] Immediate reply seq=296
[FWD] Forward to sub: cmd=0x0 seq=296
[RELAY] Got status from sub, seq=296
[RELAY] Got status from sub, seq=296
[TX] StatusPacket seq=296 A=1.977 B=0.248
[RELAY] Got status from sub, seq=296
[TX] StatusPacket seq=296 A=2.712 B=3.025
[RX] CmdPacket target=0xFF cmd=0x0 seq=297
[TX] Immediate reply seq=297
[FWD] Forward to sub: cmd=0x0 seq=297
[RELAY] Got status from sub, seq=297
[RELAY] Got status from sub, seq=297
[TX] StatusPacket seq=297 A=3.187 B=8.723
[RELAY] Got status from sub, seq=297
[TX] StatusPacket seq=297 A=3.286 B=16.988
[RX] CmdPacket target=0xFF cmd=0x0 seq=298
[TX] Immediate reply seq=298
[FWD] Forward to sub: cmd=0x0 seq=298
[RELAY] Got status from sub, seq=298
[RELAY] Got status from sub, seq=298
[TX] StatusPacket seq=298 A=2.985 B=27.304
[RELAY] Got status from sub, seq=298
[TX] StatusPacket seq=298 A=2.356 B=39.032
[RX] CmdPacket target=0xFF cmd=0x0 seq=299
[TX] Immediate reply seq=299
[FWD] Forward to sub: cmd=0x0 seq=299
[RELAY] Got status from sub, seq=299
[RELAY] Got status from sub, seq=299
[TX] StatusPacket seq=299 A=1.555 B=51.442
[RELAY] Got status from sub, seq=299
[TX] StatusPacket seq=299 A=0.777 B=63.763
[RX] CmdPacket target=0xFF cmd=0x0 seq=300
[TX] Immediate reply seq=300
[FWD] Forward to sub: cmd=0x0 seq=300
[RELAY] Got status from sub, seq=300
[RELAY] Got status from sub, seq=300
[TX] StatusPacket seq=300 A=0.212 B=75.227
[RELAY] Got status from sub, seq=300
[TX] StatusPacket seq=300 A=0.000 B=85.123
[RX] CmdPacket target=0xFF cmd=0x0 seq=301
[TX] Immediate reply seq=301
[FWD] Forward to sub: cmd=0x0 seq=301
[RELAY] Got status from sub, seq=301
[RELAY] Got status from sub, seq=301
[TX] StatusPacket seq=301 A=0.192 B=92.835
[RELAY] Got status from sub, seq=301
[TX] StatusPacket seq=301 A=0.740 B=97.884
[RX] CmdPacket target=0xFF cmd=0x0 seq=302
[TX] Immediate reply seq=302
[FWD] Forward to sub: cmd=0x0 seq=302
[RELAY] Got status from sub, seq=302
[RELAY] Got status from sub, seq=302
[TX] StatusPacket seq=302 A=1.512 B=99.956
[RELAY] Got status from sub, seq=302
[TX] StatusPacket seq=302 A=2.317 B=98.922
[RX] CmdPacket target=0xFF cmd=0x0 seq=303
[TX] Immediate reply seq=303
[FWD] Forward to sub: cmd=0x0 seq=303
[RELAY] Got status from sub, seq=303
[RELAY] Got status from sub, seq=303
[TX] StatusPacket seq=303 A=2.959 B=94.846
[RELAY] Got status from sub, seq=303
[TX] StatusPacket seq=303 A=3.280 B=87.981
[RX] CmdPacket target=0xFF cmd=0x0 seq=304
[TX] Immediate reply seq=304
[FWD] Forward to sub: cmd=0x0 seq=304
[RELAY] Got status from sub, seq=304
[RELAY] Got status from sub, seq=304
[TX] StatusPacket seq=304 A=3.203 B=78.756
[RELAY] Got status from sub, seq=304
[TX] StatusPacket seq=304 A=2.745 B=67.742
[RX] CmdPacket target=0xFF cmd=0x0 seq=305
[TX] Immediate reply seq=305
[FWD] Forward to sub: cmd=0x0 seq=305
[RELAY] Got status from sub, seq=305
[RELAY] Got status from sub, seq=305
[TX] StatusPacket seq=305 A=2.019 B=55.625
[RELAY] Got status from sub, seq=305
[TX] StatusPacket seq=305 A=1.203 B=43.159
[RX] CmdPacket target=0xFF cmd=0x0 seq=306
[TX] Immediate reply seq=306
[FWD] Forward to sub: cmd=0x0 seq=306
[RELAY] Got status from sub, seq=306
[RELAY] Got status from sub, seq=306
[TX] StatusPacket seq=306 A=0.496 B=31.117
[RELAY] Got status from sub, seq=306
[TX] StatusPacket seq=306 A=0.072 B=20.250
[RX] CmdPacket target=0xFF cmd=0x0 seq=307
[TX] Immediate reply seq=307
[FWD] Forward to sub: cmd=0x0 seq=307
[RELAY] Got status from sub, seq=307
[RELAY] Got status from sub, seq=307
[TX] StatusPacket seq=307 A=0.034 B=11.233
[RELAY] Got status from sub, seq=307
[TX] StatusPacket seq=307 A=0.392 B=4.626
[RX] CmdPacket target=0xFF cmd=0x0 seq=308
[TX] Immediate reply seq=308
[FWD] Forward to sub: cmd=0x0 seq=308
[RELAY] Got status from sub, seq=308
[RELAY] Got status from sub, seq=308
[TX] StatusPacket seq=308 A=1.058 B=0.840
[RELAY] Got status from sub, seq=308
[TX] StatusPacket seq=308 A=1.869 B=0.110
[RX] CmdPacket target=0xFF cmd=0x0 seq=309
[TX] Immediate reply seq=309
[FWD] Forward to sub: cmd=0x0 seq=309
[RELAY] Got status from sub, seq=309
[RELAY] Got status from sub, seq=309
[TX] StatusPacket seq=309 A=2.626 B=2.483
[RELAY] Got status from sub, seq=309
[TX] StatusPacket seq=309 A=3.144 B=7.810
[RX] CmdPacket target=0xFF cmd=0x0 seq=310
[TX] Immediate reply seq=310
[FWD] Forward to sub: cmd=0x0 seq=310
[RELAY] Got status from sub, seq=310
[RELAY] Got status from sub, seq=310
[TX] StatusPacket seq=310 A=3.297 B=15.760
[RELAY] Got status from sub, seq=310
[TX] StatusPacket seq=310 A=3.046 B=25.839
[RX] CmdPacket target=0xFF cmd=0x0 seq=311
[TX] Immediate reply seq=311
[FWD] Forward to sub: cmd=0x0 seq=311
[RELAY] Got status from sub, seq=311
[RELAY] Got status from sub, seq=311
[TX] StatusPacket seq=311 A=2.454 B=37.420
[RELAY] Got status from sub, seq=311
[TX] StatusPacket seq=311 A=1.664 B=49.783
[RX] CmdPacket target=0xFF cmd=0x0 seq=312
[TX] Immediate reply seq=312
[FWD] Forward to sub: cmd=0x0 seq=312
[RELAY] Got status from sub, seq=312
[RELAY] Got status from sub, seq=312
[TX] StatusPacket seq=312 A=0.872 B=62.160
[RELAY] Got status from sub, seq=312
[TX] StatusPacket seq=312 A=0.269 B=73.781
[RX] CmdPacket target=0xFF cmd=0x0 seq=313
[TX] Immediate reply seq=313
[FWD] Forward to sub: cmd=0x0 seq=313
[RELAY] Got status from sub, seq=313
[RELAY] Got status from sub, seq=313
[TX] StatusPacket seq=313 A=0.005 B=83.923
[RELAY] Got status from sub, seq=313
[TX] StatusPacket seq=313 A=0.144 B=91.956
[RX] CmdPacket target=0xFF cmd=0x0 seq=314
[TX] Immediate reply seq=314
[FWD] Forward to sub: cmd=0x0 seq=314
[RELAY] Got status from sub, seq=314
[RELAY] Got status from sub, seq=314
[TX] StatusPacket seq=314 A=0.651 B=97.380
[RELAY] Got status from sub, seq=314
[TX] StatusPacket seq=314 A=1.403 B=99.859
[RX] CmdPacket target=0xFF cmd=0x0 seq=315
[TX] Immediate reply seq=315
[FWD] Forward to sub: cmd=0x0 seq=315
[RELAY] Got status from sub, seq=315
[RELAY] Got status from sub, seq=315
[TX] StatusPacket seq=315 A=2.215 B=99.237
[RELAY] Got status from sub, seq=315
[TX] StatusPacket seq=315 A=2.889 B=95.555
[RX] CmdPacket target=0xFF cmd=0x0 seq=316
[TX] Immediate reply seq=316
[FWD] Forward to sub: cmd=0x0 seq=316
[RELAY] Got status from sub, seq=316
[RELAY] Got status from sub, seq=316
[TX] StatusPacket seq=316 A=3.260 B=89.039
[RELAY] Got status from sub, seq=316
[TX] StatusPacket seq=316 A=3.236 B=80.097
[RX] CmdPacket target=0xFF cmd=0x0 seq=317
[TX] Immediate reply seq=317
[FWD] Forward to sub: cmd=0x0 seq=317
[RELAY] Got status from sub, seq=317
[RELAY] Got status from sub, seq=317
[TX] StatusPacket seq=317 A=2.824 B=69.283
[RELAY] Got status from sub, seq=317
[TX] StatusPacket seq=317 A=2.125 B=57.271
[RX] CmdPacket target=0xFF cmd=0x0 seq=318
[TX] Immediate reply seq=318
[FWD] Forward to sub: cmd=0x0 seq=318
[RELAY] Got status from sub, seq=318
[RELAY] Got status from sub, seq=318
[TX] StatusPacket seq=318 A=1.309 B=44.806
[RELAY] Got status from sub, seq=318
[TX] StatusPacket seq=318 A=0.577 B=32.664
[RX] CmdPacket target=0xFF cmd=0x0 seq=319
[TX] Immediate reply seq=319
[FWD] Forward to sub: cmd=0x0 seq=319
[RELAY] Got status from sub, seq=319
[RELAY] Got status from sub, seq=319
[TX] StatusPacket seq=319 A=0.107 B=21.600
[RELAY] Got status from sub, seq=319
[TX] StatusPacket seq=319 A=0.016 B=12.302
[RX] CmdPacket target=0xFF cmd=0x0 seq=320
[TX] Immediate reply seq=320
[FWD] Forward to sub: cmd=0x0 seq=320
[RELAY] Got status from sub, seq=320
[RELAY] Got status from sub, seq=320
[TX] StatusPacket seq=320 A=0.324 B=5.348
[RELAY] Got status from sub, seq=320
[TX] StatusPacket seq=320 A=0.957 B=1.170
[RX] CmdPacket target=0xFF cmd=0x0 seq=321
[TX] Immediate reply seq=321
[FWD] Forward to sub: cmd=0x0 seq=321
[RELAY] Got status from sub, seq=321
[RELAY] Got status from sub, seq=321
[TX] StatusPacket seq=321 A=1.760 B=0.028
[RELAY] Got status from sub, seq=321
[TX] StatusPacket seq=321 A=2.536 B=1.993
[RX] CmdPacket target=0xFF cmd=0x0 seq=322
[TX] Immediate reply seq=322
[FWD] Forward to sub: cmd=0x0 seq=322
[RELAY] Got status from sub, seq=322
[RELAY] Got status from sub, seq=322
[TX] StatusPacket seq=322 A=3.095 B=6.943
[RELAY] Got status from sub, seq=322
[TX] StatusPacket seq=322 A=3.300 B=14.570
[RX] CmdPacket target=0xFF cmd=0x0 seq=323
[TX] Immediate reply seq=323
[FWD] Forward to sub: cmd=0x0 seq=323
[RELAY] Got status from sub, seq=323
[RELAY] Got status from sub, seq=323
[TX] StatusPacket seq=323 A=3.101 B=24.400
[RELAY] Got status from sub, seq=323
[TX] StatusPacket seq=323 A=2.547 B=35.821
[RX] CmdPacket target=0xFF cmd=0x0 seq=324
[TX] Immediate reply seq=324
[FWD] Forward to sub: cmd=0x0 seq=324
[RELAY] Got status from sub, seq=324
[RELAY] Got status from sub, seq=324
[TX] StatusPacket seq=324 A=1.774 B=48.124
[TX] StatusPacket seq=324 A=0.970 B=60.544
[TX] StatusPacket seq=324 A=0.332 B=72.308
[RELAY] Got status from sub, seq=324
[TX] StatusPacket seq=324 A=0.018 B=82.686
[RELAY] Got status from sub, seq=324
[RX] CmdPacket target=0xFF cmd=0x0 seq=326
[TX] Immediate reply seq=326
[FWD] Forward to sub: cmd=0x0 seq=326
[RELAY] Got status from sub, seq=326
[TX] StatusPacket seq=326 A=0.104 B=91.059
[RELAY] Got status from sub, seq=326
[TX] StatusPacket seq=326 A=0.566 B=96.824
[RELAY] Got status from sub, seq=326
[TX] StatusPacket seq=326 A=1.295 B=99.707
[TX] StatusPacket seq=326 A=2.111 B=99.499
[RELAY] Got status from sub, seq=326
[TX] StatusPacket seq=326 A=2.814 B=96.213
[RX] CmdPacket target=0xFF cmd=0x0 seq=328
[TX] Immediate reply seq=328
[FWD] Forward to sub: cmd=0x0 seq=328
[RELAY] Got status from sub, seq=328
[RELAY] Got status from sub, seq=328
[TX] StatusPacket seq=328 A=3.232 B=90.054
[RELAY] Got status from sub, seq=328
[TX] StatusPacket seq=328 A=3.263 B=81.405
[RX] CmdPacket target=0xFF cmd=0x0 seq=329
[TX] Immediate reply seq=329
[FWD] Forward to sub: cmd=0x0 seq=329
[RELAY] Got status from sub, seq=329
[RELAY] Got status from sub, seq=329
[TX] StatusPacket seq=329 A=2.899 B=70.803
[RELAY] Got status from sub, seq=329
[TX] StatusPacket seq=329 A=2.229 B=58.908
[RX] CmdPacket target=0xFF cmd=0x0 seq=330
[TX] Immediate reply seq=330
[FWD] Forward to sub: cmd=0x0 seq=330
[RELAY] Got status from sub, seq=330
[RELAY] Got status from sub, seq=330
[TX] StatusPacket seq=330 A=1.417 B=46.459
[RELAY] Got status from sub, seq=330
[TX] StatusPacket seq=330 A=0.662 B=34.230
[RX] CmdPacket target=0xFF cmd=0x0 seq=331
[TX] Immediate reply seq=331
[FWD] Forward to sub: cmd=0x0 seq=331
[RELAY] Got status from sub, seq=331
[RELAY] Got status from sub, seq=331
[TX] StatusPacket seq=331 A=0.150 B=22.981
[RELAY] Got status from sub, seq=331
[TX] StatusPacket seq=331 A=0.004 B=13.412
[RX] CmdPacket target=0xFF cmd=0x0 seq=332
[TX] Immediate reply seq=332
[FWD] Forward to sub: cmd=0x0 seq=332
[RELAY] Got status from sub, seq=332
[RELAY] Got status from sub, seq=332
[TX] StatusPacket seq=332 A=0.262 B=6.119
[RELAY] Got status from sub, seq=332
[TX] StatusPacket seq=332 A=0.859 B=1.553
[RX] CmdPacket target=0xFF cmd=0x0 seq=333
[TX] Immediate reply seq=333
[FWD] Forward to sub: cmd=0x0 seq=333
[RELAY] Got status from sub, seq=333
[RELAY] Got status from sub, seq=333
[TX] StatusPacket seq=333 A=1.650 B=0.000
[RELAY] Got status from sub, seq=333
[TX] StatusPacket seq=333 A=2.441 B=1.556
[RX] CmdPacket target=0xFF cmd=0x0 seq=334
[TX] Immediate reply seq=334
[FWD] Forward to sub: cmd=0x0 seq=334
[RELAY] Got status from sub, seq=334
[RELAY] Got status from sub, seq=334
[TX] StatusPacket seq=334 A=3.039 B=6.123
[RELAY] Got status from sub, seq=334
[TX] StatusPacket seq=334 A=3.296 B=13.419
[RX] CmdPacket target=0xFF cmd=0x0 seq=335
[TX] Immediate reply seq=335
[FWD] Forward to sub: cmd=0x0 seq=335
[RELAY] Got status from sub, seq=335
[RELAY] Got status from sub, seq=335
[TX] StatusPacket seq=335 A=3.150 B=22.989
[RELAY] Got status from sub, seq=335
[TX] StatusPacket seq=335 A=2.637 B=34.238
[RX] CmdPacket target=0xFF cmd=0x0 seq=336
[TX] Immediate reply seq=336
[FWD] Forward to sub: cmd=0x0 seq=336
[RELAY] Got status from sub, seq=336
[RELAY] Got status from sub, seq=336
[TX] StatusPacket seq=336 A=1.883 B=46.468
[RELAY] Got status from sub, seq=336
[TX] StatusPacket seq=336 A=1.071 B=58.917
[RX] CmdPacket target=0xFF cmd=0x0 seq=337
[TX] Immediate reply seq=337
[FWD] Forward to sub: cmd=0x0 seq=337
[RELAY] Got status from sub, seq=337
[RELAY] Got status from sub, seq=337
[TX] StatusPacket seq=337 A=0.401 B=70.811
[RELAY] Got status from sub, seq=337
[TX] StatusPacket seq=337 A=0.037 B=81.412
[RX] CmdPacket target=0xFF cmd=0x0 seq=338
[TX] Immediate reply seq=338
[FWD] Forward to sub: cmd=0x0 seq=338
[RELAY] Got status from sub, seq=338
[RELAY] Got status from sub, seq=338
[TX] StatusPacket seq=338 A=0.068 B=90.060
[RELAY] Got status from sub, seq=338
[TX] StatusPacket seq=338 A=0.486 B=96.217
[RX] CmdPacket target=0xFF cmd=0x0 seq=339
[TX] Immediate reply seq=339
[FWD] Forward to sub: cmd=0x0 seq=339
[RELAY] Got status from sub, seq=339
[RELAY] Got status from sub, seq=339
[TX] StatusPacket seq=339 A=1.189 B=99.500
[RELAY] Got status from sub, seq=339
[TX] StatusPacket seq=339 A=2.005 B=99.706
[RX] CmdPacket target=0xFF cmd=0x0 seq=340
[TX] Immediate reply seq=340
[FWD] Forward to sub: cmd=0x0 seq=340
[RELAY] Got status from sub, seq=340
[RELAY] Got status from sub, seq=340
[TX] StatusPacket seq=340 A=2.734 B=96.821
[RELAY] Got status from sub, seq=340
[TX] StatusPacket seq=340 A=3.198 B=91.025
[RX] CmdPacket target=0xFF cmd=0x0 seq=341
[TX] Immediate reply seq=341
[FWD] Forward to sub: cmd=0x0 seq=341
[RELAY] Got status from sub, seq=341
[RELAY] Got status from sub, seq=341
[TX] StatusPacket seq=341 A=3.282 B=82.679
[RELAY] Got status from sub, seq=341
[TX] StatusPacket seq=341 A=2.967 B=72.300
[RX] CmdPacket target=0xFF cmd=0x0 seq=342
[TX] Immediate reply seq=342
[FWD] Forward to sub: cmd=0x0 seq=342
[RELAY] Got status from sub, seq=342
[RELAY] Got status from sub, seq=342
[TX] StatusPacket seq=342 A=2.330 B=60.535
[RELAY] Got status from sub, seq=342
[TX] StatusPacket seq=342 A=1.526 B=48.115
[RX] CmdPacket target=0xFF cmd=0x0 seq=343
[TX] Immediate reply seq=343
[FWD] Forward to sub: cmd=0x0 seq=343
[RELAY] Got status from sub, seq=343
[RELAY] Got status from sub, seq=343
[TX] StatusPacket seq=343 A=0.752 B=35.813
[RELAY] Got status from sub, seq=343
[TX] StatusPacket seq=343 A=0.198 B=24.392
[RX] CmdPacket target=0xFF cmd=0x0 seq=344
[TX] Immediate reply seq=344
[FWD] Forward to sub: cmd=0x0 seq=344
[RELAY] Got status from sub, seq=344
[RELAY] Got status from sub, seq=344
[TX] StatusPacket seq=344 A=0.000 B=14.563
[RELAY] Got status from sub, seq=344
[TX] StatusPacket seq=344 A=0.206 B=6.938
[RX] CmdPacket target=0xFF cmd=0x0 seq=345
[TX] Immediate reply seq=345
[FWD] Forward to sub: cmd=0x0 seq=345
[RELAY] Got status from sub, seq=345
[RELAY] Got status from sub, seq=345
[TX] StatusPacket seq=345 A=0.765 B=1.990
[RELAY] Got status from sub, seq=345
[TX] StatusPacket seq=345 A=1.541 B=0.027
[RX] CmdPacket target=0xFF cmd=0x0 seq=346
[TX] Immediate reply seq=346
[FWD] Forward to sub: cmd=0x0 seq=346
[RELAY] Got status from sub, seq=346
[RELAY] Got status from sub, seq=346
[TX] StatusPacket seq=346 A=2.344 B=1.172
[RELAY] Got status from sub, seq=346
[TX] StatusPacket seq=346 A=2.976 B=5.352
[RX] CmdPacket target=0xFF cmd=0x0 seq=347
[TX] Immediate reply seq=347
[FWD] Forward to sub: cmd=0x0 seq=347
[RELAY] Got status from sub, seq=347
[RELAY] Got status from sub, seq=347
[TX] StatusPacket seq=347 A=3.285 B=12.308
[RELAY] Got status from sub, seq=347
[TX] StatusPacket seq=347 A=3.192 B=21.608
[RX] CmdPacket target=0xFF cmd=0x0 seq=348
[TX] Immediate reply seq=348
[FWD] Forward to sub: cmd=0x0 seq=348
[RELAY] Got status from sub, seq=348
[RELAY] Got status from sub, seq=348
[TX] StatusPacket seq=348 A=2.723 B=32.672
[RELAY] Got status from sub, seq=348
[TX] StatusPacket seq=348 A=1.990 B=44.815
[RX] CmdPacket target=0xFF cmd=0x0 seq=349
[TX] Immediate reply seq=349
[FWD] Forward to sub: cmd=0x0 seq=349
[RELAY] Got status from sub, seq=349
[RELAY] Got status from sub, seq=349
[TX] StatusPacket seq=349 A=1.175 B=57.279
[RELAY] Got status from sub, seq=349
[TX] StatusPacket seq=349 A=0.475 B=69.292
[RX] CmdPacket target=0xFF cmd=0x0 seq=350
[TX] Immediate reply seq=350
[FWD] Forward to sub: cmd=0x0 seq=350
[RELAY] Got status from sub, seq=350
[RELAY] Got status from sub, seq=350
[TX] StatusPacket seq=350 A=0.064 B=80.104
[RELAY] Got status from sub, seq=350
[TX] StatusPacket seq=350 A=0.040 B=89.045
[RX] CmdPacket target=0xFF cmd=0x0 seq=351
[TX] Immediate reply seq=351
[FWD] Forward to sub: cmd=0x0 seq=351
[RELAY] Got status from sub, seq=351
[RELAY] Got status from sub, seq=351
[TX] StatusPacket seq=351 A=0.411 B=95.558
[RELAY] Got status from sub, seq=351
[TX] StatusPacket seq=351 A=1.085 B=99.239
[RX] CmdPacket target=0xFF cmd=0x0 seq=352
[TX] Immediate reply seq=352
[FWD] Forward to sub: cmd=0x0 seq=352
[RELAY] Got status from sub, seq=352
[RELAY] Got status from sub, seq=352
[TX] StatusPacket seq=352 A=1.898 B=99.858
[RELAY] Got status from sub, seq=352
[TX] StatusPacket seq=352 A=2.649 B=97.378
[RX] CmdPacket target=0xFF cmd=0x0 seq=353
[TX] Immediate reply seq=353
[FWD] Forward to sub: cmd=0x0 seq=353
[RELAY] Got status from sub, seq=353
[RELAY] Got status from sub, seq=353
[TX] StatusPacket seq=353 A=3.156 B=91.951
[RELAY] Got status from sub, seq=353
[TX] StatusPacket seq=353 A=3.295 B=83.916
[RX] CmdPacket target=0xFF cmd=0x0 seq=354
[TX] Immediate reply seq=354
[FWD] Forward to sub: cmd=0x0 seq=354
[RELAY] Got status from sub, seq=354
[RELAY] Got status from sub, seq=354
[TX] StatusPacket seq=354 A=3.030 B=73.773
[RELAY] Got status from sub, seq=354
[TX] StatusPacket seq=354 A=2.428 B=62.151
[RX] CmdPacket target=0xFF cmd=0x0 seq=355
[TX] Immediate reply seq=355
[FWD] Forward to sub: cmd=0x0 seq=355
[RELAY] Got status from sub, seq=355
[RELAY] Got status from sub, seq=355
[TX] StatusPacket seq=355 A=1.635 B=49.774
[RELAY] Got status from sub, seq=355
[TX] StatusPacket seq=355 A=0.846 B=37.411
[RX] CmdPacket target=0xFF cmd=0x0 seq=356
[TX] Immediate reply seq=356
[FWD] Forward to sub: cmd=0x0 seq=356
[RELAY] Got status from sub, seq=356
[RELAY] Got status from sub, seq=356
[TX] StatusPacket seq=356 A=0.254 B=25.831
[TX] StatusPacket seq=356 A=0.003 B=15.753
[TX] StatusPacket seq=356 A=0.156 B=7.805
[RELAY] Got status from sub, seq=356
[TX] StatusPacket seq=356 A=0.675 B=2.480
[RELAY] Got status from sub, seq=356
[RX] CmdPacket target=0xFF cmd=0x0 seq=358
[TX] Immediate reply seq=358
[FWD] Forward to sub: cmd=0x0 seq=358
[RELAY] Got status from sub, seq=358
[TX] StatusPacket seq=358 A=1.435 B=0.107
[RELAY] Got status from sub, seq=358
[TX] StatusPacket seq=358 A=2.243 B=0.841
[RELAY] Got status from sub, seq=358
[TX] StatusPacket seq=358 A=2.908 B=4.630
[RELAY] Got status from sub, seq=358
[TX] StatusPacket seq=358 A=3.266 B=11.239
[RELAY] Got status from sub, seq=358
[TX] StatusPacket seq=358 A=3.228 B=20.258
[RX] CmdPacket target=0xFF cmd=0x0 seq=360
[TX] Immediate reply seq=360
[FWD] Forward to sub: cmd=0x0 seq=360
[RELAY] Got status from sub, seq=360
[RELAY] Got status from sub, seq=360
[TX] StatusPacket seq=360 A=2.804 B=31.126
[RELAY] Got status from sub, seq=360
[TX] StatusPacket seq=360 A=2.097 B=43.168
[RX] CmdPacket target=0xFF cmd=0x0 seq=361
[TX] Immediate reply seq=361
[FWD] Forward to sub: cmd=0x0 seq=361
[RELAY] Got status from sub, seq=361
[RELAY] Got status from sub, seq=361
[TX] StatusPacket seq=361 A=1.281 B=55.634
[RELAY] Got status from sub, seq=361
[TX] StatusPacket seq=361 A=0.555 B=67.750
[RX] CmdPacket target=0xFF cmd=0x0 seq=362
[TX] Immediate reply seq=362
[FWD] Forward to sub: cmd=0x0 seq=362
[RELAY] Got status from sub, seq=362
[RELAY] Got status from sub, seq=362
[TX] StatusPacket seq=362 A=0.097 B=78.763
[RELAY] Got status from sub, seq=362
[TX] StatusPacket seq=362 A=0.020 B=87.987
[RX] CmdPacket target=0xFF cmd=0x0 seq=363
[TX] Immediate reply seq=363
[FWD] Forward to sub: cmd=0x0 seq=363
[RELAY] Got status from sub, seq=363
[RELAY] Got status from sub, seq=363
[TX] StatusPacket seq=363 A=0.342 B=94.850
[RELAY] Got status from sub, seq=363
[TX] StatusPacket seq=363 A=0.984 B=98.924
[RX] CmdPacket target=0xFF cmd=0x0 seq=364
[TX] Immediate reply seq=364
[FWD] Forward to sub: cmd=0x0 seq=364
[RELAY] Got status from sub, seq=364
[RELAY] Got status from sub, seq=364
[TX] StatusPacket seq=364 A=1.789 B=99.956
[RELAY] Got status from sub, seq=364
[TX] StatusPacket seq=364 A=2.560 B=97.882
[RX] CmdPacket target=0xFF cmd=0x0 seq=365
[TX] Immediate reply seq=365
[FWD] Forward to sub: cmd=0x0 seq=365
[RELAY] Got status from sub, seq=365
[RELAY] Got status from sub, seq=365
[TX] StatusPacket seq=365 A=3.109 B=92.831
[RELAY] Got status from sub, seq=365
[TX] StatusPacket seq=365 A=3.300 B=85.117
[RX] CmdPacket target=0xFF cmd=0x0 seq=366
[TX] Immediate reply seq=366
[FWD] Forward to sub: cmd=0x0 seq=366
[RELAY] Got status from sub, seq=366
[RELAY] Got status from sub, seq=366
[TX] StatusPacket seq=366 A=3.087 B=75.219
[RELAY] Got status from sub, seq=366
[TX] StatusPacket seq=366 A=2.523 B=63.754
[RX] CmdPacket target=0xFF cmd=0x0 seq=367
[TX] Immediate reply seq=367
[FWD] Forward to sub: cmd=0x0 seq=367
[RELAY] Got status from sub, seq=367
[RELAY] Got status from sub, seq=367
[TX] StatusPacket seq=367 A=1.745 B=51.433
[RELAY] Got status from sub, seq=367
[TX] StatusPacket seq=367 A=0.943 B=39.024
[RX] CmdPacket target=0xFF cmd=0x0 seq=368
[TX] Immediate reply seq=368
[FWD] Forward to sub: cmd=0x0 seq=368
[RELAY] Got status from sub, seq=368
[RELAY] Got status from sub, seq=368
[TX] StatusPacket seq=368 A=0.315 B=27.296
[RELAY] Got status from sub, seq=368
[TX] StatusPacket seq=368 A=0.014 B=16.981
[RX] CmdPacket target=0xFF cmd=0x0 seq=369
[TX] Immediate reply seq=369
[FWD] Forward to sub: cmd=0x0 seq=369
[RELAY] Got status from sub, seq=369
[RELAY] Got status from sub, seq=369
[TX] StatusPacket seq=369 A=0.113 B=8.718
[RELAY] Got status from sub, seq=369
[TX] StatusPacket seq=369 A=0.588 B=3.022
[RX] CmdPacket target=0xFF cmd=0x0 seq=370
[TX] Immediate reply seq=370
[FWD] Forward to sub: cmd=0x0 seq=370
[RELAY] Got status from sub, seq=370
[RELAY] Got status from sub, seq=370
[TX] StatusPacket seq=370 A=1.324 B=0.247
[RELAY] Got status from sub, seq=370
[TX] StatusPacket seq=370 A=2.139 B=0.565
[RX] CmdPacket target=0xFF cmd=0x0 seq=371
[TX] Immediate reply seq=371
[FWD] Forward to sub: cmd=0x0 seq=371
[RELAY] Got status from sub, seq=371
[RELAY] Got status from sub, seq=371
[TX] StatusPacket seq=371 A=2.835 B=3.957
[RELAY] Got status from sub, seq=371
[TX] StatusPacket seq=371 A=3.240 B=10.212
[RX] CmdPacket target=0xFF cmd=0x0 seq=372
[TX] Immediate reply seq=372
[FWD] Forward to sub: cmd=0x0 seq=372
[RELAY] Got status from sub, seq=372
[RELAY] Got status from sub, seq=372
[TX] StatusPacket seq=372 A=3.256 B=18.940
[RELAY] Got status from sub, seq=372
[TX] StatusPacket seq=372 A=2.879 B=29.600
[RX] CmdPacket target=0xFF cmd=0x0 seq=373
[TX] Immediate reply seq=373
[FWD] Forward to sub: cmd=0x0 seq=373
[RELAY] Got status from sub, seq=373
[RELAY] Got status from sub, seq=373
[TX] StatusPacket seq=373 A=2.201 B=41.528
[RELAY] Got status from sub, seq=373
[TX] StatusPacket seq=373 A=1.388 B=53.983
[RX] CmdPacket target=0xFF cmd=0x0 seq=374
[TX] Immediate reply seq=374
[FWD] Forward to sub: cmd=0x0 seq=374
[RELAY] Got status from sub, seq=374
[RELAY] Got status from sub, seq=374
[TX] StatusPacket seq=374 A=0.639 B=66.190
[RELAY] Got status from sub, seq=374
[TX] StatusPacket seq=374 A=0.138 B=77.390
[RX] CmdPacket target=0xFF cmd=0x0 seq=375
[TX] Immediate reply seq=375
[FWD] Forward to sub: cmd=0x0 seq=375
[RELAY] Got status from sub, seq=375
[RELAY] Got status from sub, seq=375
[TX] StatusPacket seq=375 A=0.006 B=86.888
[RELAY] Got status from sub, seq=375
[TX] StatusPacket seq=375 A=0.278 B=94.092
[RX] CmdPacket target=0xFF cmd=0x0 seq=376
[TX] Immediate reply seq=376
[FWD] Forward to sub: cmd=0x0 seq=376
[RELAY] Got status from sub, seq=376
[RELAY] Got status from sub, seq=376
[TX] StatusPacket seq=376 A=0.885 B=98.554
[RELAY] Got status from sub, seq=376
[TX] StatusPacket seq=376 A=1.680 B=99.998
[RX] CmdPacket target=0xFF cmd=0x0 seq=377
[TX] Immediate reply seq=377
[FWD] Forward to sub: cmd=0x0 seq=377
[RELAY] Got status from sub, seq=377
[RELAY] Got status from sub, seq=377
[TX] StatusPacket seq=377 A=2.467 B=98.333
[RELAY] Got status from sub, seq=377
[TX] StatusPacket seq=377 A=3.054 B=93.663
[RX] CmdPacket target=0xFF cmd=0x0 seq=378
[TX] Immediate reply seq=378
[FWD] Forward to sub: cmd=0x0 seq=378
[RELAY] Got status from sub, seq=378
[RELAY] Got status from sub, seq=378
[TX] StatusPacket seq=378 A=3.298 B=86.278
[RELAY] Got status from sub, seq=378
[TX] StatusPacket seq=378 A=3.138 B=76.638
[RX] CmdPacket target=0xFF cmd=0x0 seq=379
[TX] Immediate reply seq=379
[FWD] Forward to sub: cmd=0x0 seq=379
[RELAY] Got status from sub, seq=379
[RELAY] Got status from sub, seq=379
[TX] StatusPacket seq=379 A=2.614 B=65.341
[RELAY] Got status from sub, seq=379
[TX] StatusPacket seq=379 A=1.854 B=53.091
[RX] CmdPacket target=0xFF cmd=0x0 seq=380
[TX] Immediate reply seq=380
[FWD] Forward to sub: cmd=0x0 seq=380
[RELAY] Got status from sub, seq=380
[RELAY] Got status from sub, seq=380
[TX] StatusPacket seq=380 A=1.044 B=40.648
[RELAY] Got status from sub, seq=380
[TX] StatusPacket seq=380 A=0.382 B=28.787
[RX] CmdPacket target=0xFF cmd=0x0 seq=381
[TX] Immediate reply seq=381
[FWD] Forward to sub: cmd=0x0 seq=381
[RELAY] Got status from sub, seq=381
[RELAY] Got status from sub, seq=381
[TX] StatusPacket seq=381 A=0.031 B=18.245
[RELAY] Got status from sub, seq=381
[TX] StatusPacket seq=381 A=0.076 B=9.677
[RX] CmdPacket target=0xFF cmd=0x0 seq=382
[TX] Immediate reply seq=382
[FWD] Forward to sub: cmd=0x0 seq=382
[RELAY] Got status from sub, seq=382
[RELAY] Got status from sub, seq=382
[TX] StatusPacket seq=382 A=0.507 B=3.616
[RELAY] Got status from sub, seq=382
[TX] StatusPacket seq=382 A=1.217 B=0.439
[RX] CmdPacket target=0xFF cmd=0x0 seq=383
[TX] Immediate reply seq=383
[FWD] Forward to sub: cmd=0x0 seq=383
[RELAY] Got status from sub, seq=383
[RELAY] Got status from sub, seq=383
[TX] StatusPacket seq=383 A=2.034 B=0.344
[RELAY] Got status from sub, seq=383
[TX] StatusPacket seq=383 A=2.756 B=3.336
[RX] CmdPacket target=0xFF cmd=0x0 seq=384
[TX] Immediate reply seq=384
[FWD] Forward to sub: cmd=0x0 seq=384
[RELAY] Got status from sub, seq=384
[RELAY] Got status from sub, seq=384
[TX] StatusPacket seq=384 A=3.208 B=9.229
[RELAY] Got status from sub, seq=384
[TX] StatusPacket seq=384 A=3.278 B=17.657
[RX] CmdPacket target=0xFF cmd=0x0 seq=385
[TX] Immediate reply seq=385
[FWD] Forward to sub: cmd=0x0 seq=385
[RELAY] Got status from sub, seq=385
[RELAY] Got status from sub, seq=385
[TX] StatusPacket seq=385 A=2.950 B=28.097
[RELAY] Got status from sub, seq=385
[TX] StatusPacket seq=385 A=2.303 B=39.898
[RX] CmdPacket target=0xFF cmd=0x0 seq=386
[TX] Immediate reply seq=386
[FWD] Forward to sub: cmd=0x0 seq=386
[RELAY] Got status from sub, seq=386
[RELAY] Got status from sub, seq=386
[TX] StatusPacket seq=386 A=1.497 B=52.327
[RELAY] Got status from sub, seq=386
[TX] StatusPacket seq=386 A=0.728 B=64.611
[RX] CmdPacket target=0xFF cmd=0x0 seq=387
[TX] Immediate reply seq=387
[FWD] Forward to sub: cmd=0x0 seq=387
[RELAY] Got status from sub, seq=387
[RELAY] Got status from sub, seq=387
[TX] StatusPacket seq=387 A=0.185 B=75.987
[RELAY] Got status from sub, seq=387
[TX] StatusPacket seq=387 A=0.000 B=85.748
[RX] CmdPacket target=0xFF cmd=0x0 seq=388
[TX] Immediate reply seq=388
[FWD] Forward to sub: cmd=0x0 seq=388
[RELAY] Got status from sub, seq=388
[RELAY] Got status from sub, seq=388
[TX] StatusPacket seq=388 A=0.222 B=93.310
[TX] StatusPacket seq=388 A=0.790 B=98.132
[RX] CmdPacket target=0xFF cmd=0x0 seq=389
[TX] Immediate reply seq=389
[FWD] Forward to sub: cmd=0x0 seq=389
[RELAY] Got status from sub, seq=389
[TX] StatusPacket seq=389 A=1.570 B=99.985
[RELAY] Got status from sub, seq=389
[TX] StatusPacket seq=389 A=2.370 B=98.731
[RELAY] Got status from sub, seq=389
[RX] CmdPacket target=0xFF cmd=0x0 seq=390
[TX] Immediate reply seq=390
[FWD] Forward to sub: cmd=0x0 seq=390
[RELAY] Got status from sub, seq=390
[TX] StatusPacket seq=390 A=2.994 B=94.447
[RELAY] Got status from sub, seq=390
[TX] StatusPacket seq=390 A=3.288 B=87.400
[RELAY] Got status from sub, seq=390
[TX] StatusPacket seq=390 A=3.182 B=78.027
[RX] CmdPacket target=0xFF cmd=0x0 seq=391
[TX] Immediate reply seq=391
[FWD] Forward to sub: cmd=0x0 seq=391
[RELAY] Got status from sub, seq=391
[RELAY] Got status from sub, seq=391
[TX] StatusPacket seq=391 A=2.700 B=66.912
[RELAY] Got status from sub, seq=391
[TX] StatusPacket seq=391 A=1.962 B=54.745
[RX] CmdPacket target=0xFF cmd=0x0 seq=392
[TX] Immediate reply seq=392
[FWD] Forward to sub: cmd=0x0 seq=392
[RELAY] Got status from sub, seq=392
[RELAY] Got status from sub, seq=392
[TX] StatusPacket seq=392 A=1.147 B=42.283
[RELAY] Got status from sub, seq=392
[TX] StatusPacket seq=392 A=0.455 B=30.301
[RX] CmdPacket target=0xFF cmd=0x0 seq=393
[TX] Immediate reply seq=393
[FWD] Forward to sub: cmd=0x0 seq=393
[RELAY] Got status from sub, seq=393
[RELAY] Got status from sub, seq=393
[TX] StatusPacket seq=393 A=0.056 B=19.544
[RELAY] Got status from sub, seq=393
[TX] StatusPacket seq=393 A=0.047 B=10.680
[RX] CmdPacket target=0xFF cmd=0x0 seq=394
[TX] Immediate reply seq=394
[FWD] Forward to sub: cmd=0x0 seq=394
[RELAY] Got status from sub, seq=394
[RELAY] Got status from sub, seq=394
[TX] StatusPacket seq=394 A=0.431 B=4.261
[RELAY] Got status from sub, seq=394
[TX] StatusPacket seq=394 A=1.113 B=0.686
[RX] CmdPacket target=0xFF cmd=0x0 seq=395
[TX] Immediate reply seq=395
[FWD] Forward to sub: cmd=0x0 seq=395
[RELAY] Got status from sub, seq=395
[RELAY] Got status from sub, seq=395
[TX] StatusPacket seq=395 A=1.926 B=0.177
[RELAY] Got status from sub, seq=395
[TX] StatusPacket seq=395 A=2.672 B=2.766
[RX] CmdPacket target=0xFF cmd=0x0 seq=396
[TX] Immediate reply seq=396
[FWD] Forward to sub: cmd=0x0 seq=396
[RELAY] Got status from sub, seq=396
[RELAY] Got status from sub, seq=396
[TX] StatusPacket seq=396 A=3.168 B=8.291
[RELAY] Got status from sub, seq=396
[TX] StatusPacket seq=396 A=3.292 B=16.410
[RX] CmdPacket target=0xFF cmd=0x0 seq=397
[TX] Immediate reply seq=397
[FWD] Forward to sub: cmd=0x0 seq=397
[RELAY] Got status from sub, seq=397
[RELAY] Got status from sub, seq=397
[TX] StatusPacket seq=397 A=3.014 B=26.617
[RELAY] Got status from sub, seq=397
[TX] StatusPacket seq=397 A=2.402 B=38.279
[RX] CmdPacket target=0xFF cmd=0x0 seq=398
[TX] Immediate reply seq=398
[FWD] Forward to sub: cmd=0x0 seq=398
[RELAY] Got status from sub, seq=398
[RELAY] Got status from sub, seq=398
[TX] StatusPacket seq=398 A=1.606 B=50.668
[RELAY] Got status from sub, seq=398
[TX] StatusPacket seq=398 A=0.821 B=63.017
[RX] CmdPacket target=0xFF cmd=0x0 seq=399
[TX] Immediate reply seq=399
[FWD] Forward to sub: cmd=0x0 seq=399
[RELAY] Got status from sub, seq=399
[RELAY] Got status from sub, seq=399
[TX] StatusPacket seq=399 A=0.238 B=74.556
[RELAY] Got status from sub, seq=399
[TX] StatusPacket seq=399 A=0.002 B=84.568
[RX] CmdPacket target=0xFF cmd=0x0 seq=400
[TX] Immediate reply seq=400
[FWD] Forward to sub: cmd=0x0 seq=400
[RELAY] Got status from sub, seq=400
[RELAY] Got status from sub, seq=400
[TX] StatusPacket seq=400 A=0.169 B=92.431
[RELAY] Got status from sub, seq=400
[TX] StatusPacket seq=400 A=0.698 B=97.656
[RX] CmdPacket target=0xFF cmd=0x0 seq=401
[TX] Immediate reply seq=401
[FWD] Forward to sub: cmd=0x0 seq=401
[RELAY] Got status from sub, seq=401
[RELAY] Got status from sub, seq=401
[TX] StatusPacket seq=401 A=1.461 B=99.918
[RELAY] Got status from sub, seq=401
[TX] StatusPacket seq=401 A=2.270 B=99.076
[RX] CmdPacket target=0xFF cmd=0x0 seq=402
[TX] Immediate reply seq=402
[FWD] Forward to sub: cmd=0x0 seq=402
[RELAY] Got status from sub, seq=402
[RELAY] Got status from sub, seq=402
[TX] StatusPacket seq=402 A=2.927 B=95.183
[RELAY] Got status from sub, seq=402
[TX] StatusPacket seq=402 A=3.272 B=88.480
[RX] CmdPacket target=0xFF cmd=0x0 seq=403
[TX] Immediate reply seq=403
[FWD] Forward to sub: cmd=0x0 seq=403
[RELAY] Got status from sub, seq=403
[RELAY] Got status from sub, seq=403
[TX] StatusPacket seq=403 A=3.219 B=79.385
[RELAY] Got status from sub, seq=403
[TX] StatusPacket seq=403 A=2.782 B=68.464
[RX] CmdPacket target=0xFF cmd=0x0 seq=404
[TX] Immediate reply seq=404
[FWD] Forward to sub: cmd=0x0 seq=404
[RELAY] Got status from sub, seq=404
[RELAY] Got status from sub, seq=404
[TX] StatusPacket seq=404 A=2.069 B=56.394
[RELAY] Got status from sub, seq=404
[TX] StatusPacket seq=404 A=1.252 B=43.926
[RX] CmdPacket target=0xFF cmd=0x0 seq=405
[TX] Immediate reply seq=405
[FWD] Forward to sub: cmd=0x0 seq=405
[RELAY] Got status from sub, seq=405
[RELAY] Got status from sub, seq=405
[TX] StatusPacket seq=405 A=0.533 B=31.837
[RELAY] Got status from sub, seq=405
[TX] StatusPacket seq=405 A=0.088 B=20.876
[RX] CmdPacket target=0xFF cmd=0x0 seq=406
[TX] Immediate reply seq=406
[FWD] Forward to sub: cmd=0x0 seq=406
[RELAY] Got status from sub, seq=406
[RELAY] Got status from sub, seq=406
[TX] StatusPacket seq=406 A=0.025 B=11.726
[RELAY] Got status from sub, seq=406
[TX] StatusPacket seq=406 A=0.360 B=4.956
[RX] CmdPacket target=0xFF cmd=0x0 seq=407
[TX] Immediate reply seq=407
[FWD] Forward to sub: cmd=0x0 seq=407
[RELAY] Got status from sub, seq=407
[RELAY] Got status from sub, seq=407
[TX] StatusPacket seq=407 A=1.010 B=0.987
[RELAY] Got status from sub, seq=407
[TX] StatusPacket seq=407 A=1.818 B=0.065
[RX] CmdPacket target=0xFF cmd=0x0 seq=408
[TX] Immediate reply seq=408
[FWD] Forward to sub: cmd=0x0 seq=408
[RELAY] Got status from sub, seq=408
[RELAY] Got status from sub, seq=408
[TX] StatusPacket seq=408 A=2.584 B=2.248
[RELAY] Got status from sub, seq=408
[TX] StatusPacket seq=408 A=3.122 B=7.399
[RX] CmdPacket target=0xFF cmd=0x0 seq=409
[TX] Immediate reply seq=409
[FWD] Forward to sub: cmd=0x0 seq=409
[RELAY] Got status from sub, seq=409
[RELAY] Got status from sub, seq=409
[TX] StatusPacket seq=409 A=3.299 B=15.200
[RELAY] Got status from sub, seq=409
[TX] StatusPacket seq=409 A=3.073 B=25.164
[RX] CmdPacket target=0xFF cmd=0x0 seq=410
[TX] Immediate reply seq=410
[FWD] Forward to sub: cmd=0x0 seq=410
[RELAY] Got status from sub, seq=410
[RELAY] Got status from sub, seq=410
[TX] StatusPacket seq=410 A=2.498 B=36.672
[RELAY] Got status from sub, seq=410
[TX] StatusPacket seq=410 A=1.715 B=49.009
[RX] CmdPacket target=0xFF cmd=0x0 seq=411
[TX] Immediate reply seq=411
[FWD] Forward to sub: cmd=0x0 seq=411
[RELAY] Got status from sub, seq=411
[RELAY] Got status from sub, seq=411
[TX] StatusPacket seq=411 A=0.917 B=61.408
[RELAY] Got status from sub, seq=411
[TX] StatusPacket seq=411 A=0.298 B=73.097
[RX] CmdPacket target=0xFF cmd=0x0 seq=412
[TX] Immediate reply seq=412
[FWD] Forward to sub: cmd=0x0 seq=412
[RELAY] Got status from sub, seq=412
[RELAY] Got status from sub, seq=412
[TX] StatusPacket seq=412 A=0.010 B=83.350
[RELAY] Got status from sub, seq=412
[TX] StatusPacket seq=412 A=0.124 B=91.530
[RX] CmdPacket target=0xFF cmd=0x0 seq=413
[TX] Immediate reply seq=413
[FWD] Forward to sub: cmd=0x0 seq=413
[RELAY] Got status from sub, seq=413
[RELAY] Got status from sub, seq=413
[TX] StatusPacket seq=413 A=0.611 B=97.127
[RELAY] Got status from sub, seq=413
[TX] StatusPacket seq=413 A=1.353 B=99.795
[RX] CmdPacket target=0xFF cmd=0x0 seq=414
[TX] Immediate reply seq=414
[FWD] Forward to sub: cmd=0x0 seq=414
[RELAY] Got status from sub, seq=414
[RELAY] Got status from sub, seq=414
[TX] StatusPacket seq=414 A=2.167 B=99.366
[RELAY] Got status from sub, seq=414
[TX] StatusPacket seq=414 A=2.855 B=95.868
[RX] CmdPacket target=0xFF cmd=0x0 seq=415
[TX] Immediate reply seq=415
[FWD] Forward to sub: cmd=0x0 seq=415
[RELAY] Got status from sub, seq=415
[RELAY] Got status from sub, seq=415
[TX] StatusPacket seq=415 A=3.248 B=89.518
[RELAY] Got status from sub, seq=415
[TX] StatusPacket seq=415 A=3.250 B=80.712
[RX] CmdPacket target=0xFF cmd=0x0 seq=416
[TX] Immediate reply seq=416
[FWD] Forward to sub: cmd=0x0 seq=416
[RELAY] Got status from sub, seq=416
[RELAY] Got status from sub, seq=416
[TX] StatusPacket seq=416 A=2.860 B=69.995
[RELAY] Got status from sub, seq=416
[TX] StatusPacket seq=416 A=2.173 B=58.036
[RX] CmdPacket target=0xFF cmd=0x0 seq=417
[TX] Immediate reply seq=417
[FWD] Forward to sub: cmd=0x0 seq=417
[RELAY] Got status from sub, seq=417
[RELAY] Got status from sub, seq=417
[TX] StatusPacket seq=417 A=1.359 B=45.576
[RELAY] Got status from sub, seq=417
[TX] StatusPacket seq=417 A=0.616 B=33.392
[RX] CmdPacket target=0xFF cmd=0x0 seq=418
[TX] Immediate reply seq=418
[FWD] Forward to sub: cmd=0x0 seq=418
[RELAY] Got status from sub, seq=418
[RELAY] Got status from sub, seq=418
[TX] StatusPacket seq=418 A=0.126 B=22.241
[RELAY] Got status from sub, seq=418
[TX] StatusPacket seq=418 A=0.009 B=12.815
[RX] CmdPacket target=0xFF cmd=0x0 seq=419
[TX] Immediate reply seq=419
[FWD] Forward to sub: cmd=0x0 seq=419
[RELAY] Got status from sub, seq=419
[RELAY] Got status from sub, seq=419
[TX] StatusPacket seq=419 A=0.294 B=5.701
[RELAY] Got status from sub, seq=419
[TX] StatusPacket seq=419 A=0.911 B=1.342
[RX] CmdPacket target=0xFF cmd=0x0 seq=420
[TX] Immediate reply seq=420
[FWD] Forward to sub: cmd=0x0 seq=420
[RELAY] Got status from sub, seq=420
[TX] StatusPacket seq=420 A=1.709 B=0.008
[TX] StatusPacket seq=420 A=2.492 B=1.782
[RX] CmdPacket target=0xFF cmd=0x0 seq=421
[TX] Immediate reply seq=421
[FWD] Forward to sub: cmd=0x0 seq=421
[RELAY] Got status from sub, seq=421
[TX] StatusPacket seq=421 A=3.069 B=6.554
[RELAY] Got status from sub, seq=421
[TX] StatusPacket seq=421 A=3.299 B=14.028
[RELAY] Got status from sub, seq=421
[RX] CmdPacket target=0xFF cmd=0x0 seq=422
[TX] Immediate reply seq=422
[TX] StatusPacket seq=422 A=3.125 B=23.738
[FWD] Forward to sub: cmd=0x0 seq=422
[RELAY] Got status from sub, seq=422
[RELAY] Got status from sub, seq=422
[TX] StatusPacket seq=422 A=2.590 B=35.081
[RELAY] Got status from sub, seq=422
[TX] StatusPacket seq=422 A=1.825 B=47.351
[RX] CmdPacket target=0xFF cmd=0x0 seq=423
[TX] Immediate reply seq=423
[FWD] Forward to sub: cmd=0x0 seq=423
[RELAY] Got status from sub, seq=423
[RELAY] Got status from sub, seq=423
[TX] StatusPacket seq=423 A=1.017 B=59.786
[RELAY] Got status from sub, seq=423
[TX] StatusPacket seq=423 A=0.364 B=71.613
[RX] CmdPacket target=0xFF cmd=0x0 seq=424
[TX] Immediate reply seq=424
[FWD] Forward to sub: cmd=0x0 seq=424
[RELAY] Got status from sub, seq=424
[RELAY] Got status from sub, seq=424
[TX] StatusPacket seq=424 A=0.026 B=82.096
[RELAY] Got status from sub, seq=424
[TX] StatusPacket seq=424 A=0.085 B=90.583
[RX] CmdPacket target=0xFF cmd=0x0 seq=425
[TX] Immediate reply seq=425
[FWD] Forward to sub: cmd=0x0 seq=425
[RELAY] Got status from sub, seq=425
[RELAY] Got status from sub, seq=425
[TX] StatusPacket seq=425 A=0.528 B=96.547
[RELAY] Got status from sub, seq=425
[TX] StatusPacket seq=425 A=1.246 B=99.617
[RX] CmdPacket target=0xFF cmd=0x0 seq=426
[TX] Immediate reply seq=426
[FWD] Forward to sub: cmd=0x0 seq=426
[RELAY] Got status from sub, seq=426
[RELAY] Got status from sub, seq=426
[TX] StatusPacket seq=426 A=2.062 B=99.602
[RELAY] Got status from sub, seq=426
[TX] StatusPacket seq=426 A=2.778 B=96.503
[RX] CmdPacket target=0xFF cmd=0x0 seq=427
[TX] Immediate reply seq=427
[FWD] Forward to sub: cmd=0x0 seq=427
[RELAY] Got status from sub, seq=427
[RELAY] Got status from sub, seq=427
[TX] StatusPacket seq=427 A=3.217 B=90.513
[RELAY] Got status from sub, seq=427
[TX] StatusPacket seq=427 A=3.273 B=82.004
[RX] CmdPacket target=0xFF cmd=0x0 seq=428
[TX] Immediate reply seq=428
[FWD] Forward to sub: cmd=0x0 seq=428
[RELAY] Got status from sub, seq=428
[RELAY] Got status from sub, seq=428
[TX] StatusPacket seq=428 A=2.931 B=71.505
[RELAY] Got status from sub, seq=428
[TX] StatusPacket seq=428 A=2.276 B=59.668
[RX] CmdPacket target=0xFF cmd=0x0 seq=429
[TX] Immediate reply seq=429
[FWD] Forward to sub: cmd=0x0 seq=429
[RELAY] Got status from sub, seq=429
[RELAY] Got status from sub, seq=429
[TX] StatusPacket seq=429 A=1.468 B=47.231
[RELAY] Got status from sub, seq=429
[TX] StatusPacket seq=429 A=0.704 B=34.966
[RX] CmdPacket target=0xFF cmd=0x0 seq=430
[TX] Immediate reply seq=430
[FWD] Forward to sub: cmd=0x0 seq=430
[RELAY] Got status from sub, seq=430
[RELAY] Got status from sub, seq=430
[TX] StatusPacket seq=430 A=0.172 B=23.636
[RELAY] Got status from sub, seq=430
[TX] StatusPacket seq=430 A=0.001 B=13.944
[RX] CmdPacket target=0xFF cmd=0x0 seq=431
[TX] Immediate reply seq=431
[FWD] Forward to sub: cmd=0x0 seq=431
[RELAY] Got status from sub, seq=431
[RELAY] Got status from sub, seq=431
[TX] StatusPacket seq=431 A=0.235 B=6.495
[RELAY] Got status from sub, seq=431
[TX] StatusPacket seq=431 A=0.815 B=1.751
[RX] CmdPacket target=0xFF cmd=0x0 seq=432
[TX] Immediate reply seq=432
[FWD] Forward to sub: cmd=0x0 seq=432
[RELAY] Got status from sub, seq=432
[RELAY] Got status from sub, seq=432
[TX] StatusPacket seq=432 A=1.599 B=0.006
[RELAY] Got status from sub, seq=432
[TX] StatusPacket seq=432 A=2.396 B=1.370
[RX] CmdPacket target=0xFF cmd=0x0 seq=433
[TX] Immediate reply seq=433
[FWD] Forward to sub: cmd=0x0 seq=433
[RELAY] Got status from sub, seq=433
[RELAY] Got status from sub, seq=433
[TX] StatusPacket seq=433 A=3.010 B=5.757
[RELAY] Got status from sub, seq=433
[TX] StatusPacket seq=433 A=3.291 B=12.895
[RX] CmdPacket target=0xFF cmd=0x0 seq=434
[TX] Immediate reply seq=434
[FWD] Forward to sub: cmd=0x0 seq=434
[RELAY] Got status from sub, seq=434
[RELAY] Got status from sub, seq=434
[TX] StatusPacket seq=434 A=3.171 B=22.341
[RELAY] Got status from sub, seq=434
[TX] StatusPacket seq=434 A=2.678 B=33.505
[RX] CmdPacket target=0xFF cmd=0x0 seq=435
[TX] Immediate reply seq=435
[FWD] Forward to sub: cmd=0x0 seq=435
[RELAY] Got status from sub, seq=435
[RELAY] Got status from sub, seq=435
[TX] StatusPacket seq=435 A=1.933 B=45.696
[RELAY] Got status from sub, seq=435
[TX] StatusPacket seq=435 A=1.119 B=58.154
[RX] CmdPacket target=0xFF cmd=0x0 seq=436
[TX] Immediate reply seq=436
[FWD] Forward to sub: cmd=0x0 seq=436
[RELAY] Got status from sub, seq=436
[RELAY] Got status from sub, seq=436
[TX] StatusPacket seq=436 A=0.435 B=70.105
[RELAY] Got status from sub, seq=436
[TX] StatusPacket seq=436 A=0.049 B=80.806
[RX] CmdPacket target=0xFF cmd=0x0 seq=437
[TX] Immediate reply seq=437
[FWD] Forward to sub: cmd=0x0 seq=437
[RELAY] Got status from sub, seq=437
[RELAY] Got status from sub, seq=437
[TX] StatusPacket seq=437 A=0.054 B=89.592
[RELAY] Got status from sub, seq=437
[TX] StatusPacket seq=437 A=0.450 B=95.916
[RX] CmdPacket target=0xFF cmd=0x0 seq=438
[TX] Immediate reply seq=438
[FWD] Forward to sub: cmd=0x0 seq=438
[RELAY] Got status from sub, seq=438
[RELAY] Got status from sub, seq=438
[TX] StatusPacket seq=438 A=1.140 B=99.385
[RELAY] Got status from sub, seq=438
[TX] StatusPacket seq=438 A=1.955 B=99.784
[RX] CmdPacket target=0xFF cmd=0x0 seq=439
[TX] Immediate reply seq=439
[FWD] Forward to sub: cmd=0x0 seq=439
[RELAY] Got status from sub, seq=439
[RELAY] Got status from sub, seq=439
[TX] StatusPacket seq=439 A=2.695 B=97.087
[RELAY] Got status from sub, seq=439
[TX] StatusPacket seq=439 A=3.179 B=91.463
[RX] CmdPacket target=0xFF cmd=0x0 seq=440
[TX] Immediate reply seq=440
[FWD] Forward to sub: cmd=0x0 seq=440
[RELAY] Got status from sub, seq=440
[RELAY] Got status from sub, seq=440
[TX] StatusPacket seq=440 A=3.289 B=83.261
[RELAY] Got status from sub, seq=440
[TX] StatusPacket seq=440 A=2.997 B=72.990
[RX] CmdPacket target=0xFF cmd=0x0 seq=441
[TX] Immediate reply seq=441
[FWD] Forward to sub: cmd=0x0 seq=441
[RELAY] Got status from sub, seq=441
[RELAY] Got status from sub, seq=441
[TX] StatusPacket seq=441 A=2.376 B=61.291
[RELAY] Got status from sub, seq=441
[TX] StatusPacket seq=441 A=1.577 B=48.889
[RX] CmdPacket target=0xFF cmd=0x0 seq=442
[TX] Immediate reply seq=442
[FWD] Forward to sub: cmd=0x0 seq=442
[RELAY] Got status from sub, seq=442
[RELAY] Got status from sub, seq=442
[TX] StatusPacket seq=442 A=0.795 B=36.557
[RELAY] Got status from sub, seq=442
[TX] StatusPacket seq=442 A=0.223 B=25.060
[RX] CmdPacket target=0xFF cmd=0x0 seq=443
[TX] Immediate reply seq=443
[FWD] Forward to sub: cmd=0x0 seq=443
[RELAY] Got status from sub, seq=443
[RELAY] Got status from sub, seq=443
[TX] StatusPacket seq=443 A=0.001 B=15.114
[RELAY] Got status from sub, seq=443
[TX] StatusPacket seq=443 A=0.182 B=7.337
[RX] CmdPacket target=0xFF cmd=0x0 seq=444
[TX] Immediate reply seq=444
[FWD] Forward to sub: cmd=0x0 seq=444
[RELAY] Got status from sub, seq=444
[RELAY] Got status from sub, seq=444
[TX] StatusPacket seq=444 A=0.722 B=2.212
[RELAY] Got status from sub, seq=444
[TX] StatusPacket seq=444 A=1.490 B=0.059
[RX] CmdPacket target=0xFF cmd=0x0 seq=445
[TX] Immediate reply seq=445
[FWD] Forward to sub: cmd=0x0 seq=445
[RELAY] Got status from sub, seq=445
[RELAY] Got status from sub, seq=445
[TX] StatusPacket seq=445 A=2.297 B=1.011
[RELAY] Got status from sub, seq=445
[TX] StatusPacket seq=445 A=2.945 B=5.009
[RX] CmdPacket target=0xFF cmd=0x0 seq=446
[TX] Immediate reply seq=446
[FWD] Forward to sub: cmd=0x0 seq=446
[RELAY] Got status from sub, seq=446
[RELAY] Got status from sub, seq=446
[TX] StatusPacket seq=446 A=3.277 B=11.804
[RELAY] Got status from sub, seq=446
[TX] StatusPacket seq=446 A=3.210 B=20.974
[RX] CmdPacket target=0xFF cmd=0x0 seq=447
[TX] Immediate reply seq=447
[FWD] Forward to sub: cmd=0x0 seq=447
[RELAY] Got status from sub, seq=447
[RELAY] Got status from sub, seq=447
[TX] StatusPacket seq=447 A=2.761 B=31.948
[RELAY] Got status from sub, seq=447
[TX] StatusPacket seq=447 A=2.040 B=44.045
[RX] CmdPacket target=0xFF cmd=0x0 seq=448
[TX] Immediate reply seq=448
[FWD] Forward to sub: cmd=0x0 seq=448
[RELAY] Got status from sub, seq=448
[RELAY] Got status from sub, seq=448
[TX] StatusPacket seq=448 A=1.224 B=56.513
[RELAY] Got status from sub, seq=448
[TX] StatusPacket seq=448 A=0.512 B=68.575
[RX] CmdPacket target=0xFF cmd=0x0 seq=449
[TX] Immediate reply seq=449
[FWD] Forward to sub: cmd=0x0 seq=449
[RELAY] Got status from sub, seq=449
[RELAY] Got status from sub, seq=449
[TX] StatusPacket seq=449 A=0.078 B=79.483
[RELAY] Got status from sub, seq=449
[TX] StatusPacket seq=449 A=0.030 B=88.557
[RX] CmdPacket target=0xFF cmd=0x0 seq=450
[TX] Immediate reply seq=450
[FWD] Forward to sub: cmd=0x0 seq=450
[RELAY] Got status from sub, seq=450
[RELAY] Got status from sub, seq=450
[TX] StatusPacket seq=450 A=0.378 B=95.234
[RELAY] Got status from sub, seq=450
[TX] StatusPacket seq=450 A=1.037 B=99.099
[RX] CmdPacket target=0xFF cmd=0x0 seq=451
[TX] Immediate reply seq=451
[FWD] Forward to sub: cmd=0x0 seq=451
[RELAY] Got status from sub, seq=451
[RELAY] Got status from sub, seq=451
[TX] StatusPacket seq=451 A=1.847 B=99.911
[RELAY] Got status from sub, seq=451
[TX] StatusPacket seq=451 A=2.608 B=97.619
[RX] CmdPacket target=0xFF cmd=0x0 seq=452
[TX] Immediate reply seq=452
[FWD] Forward to sub: cmd=0x0 seq=452
[RELAY] Got status from sub, seq=452
[TX] StatusPacket seq=452 A=3.135 B=92.367
[TX] StatusPacket seq=452 A=3.298 B=84.481
[RX] CmdPacket target=0xFF cmd=0x0 seq=453
[TX] Immediate reply seq=453
[FWD] Forward to sub: cmd=0x0 seq=453
[RELAY] Got status from sub, seq=453
[TX] StatusPacket seq=453 A=3.056 B=74.408
[RELAY] Got status from sub, seq=453
[TX] StatusPacket seq=453 A=2.473 B=62.901
[RELAY] Got status from sub, seq=453
[RX] CmdPacket target=0xFF cmd=0x0 seq=454
[TX] Immediate reply seq=454
[TX] StatusPacket seq=454 A=1.683 B=50.499
[FWD] Forward to sub: cmd=0x0 seq=454
[RELAY] Got status from sub, seq=454
[RELAY] Got status from sub, seq=454
[TX] StatusPacket seq=454 A=0.891 B=38.162
[RELAY] Got status from sub, seq=454
[TX] StatusPacket seq=454 A=0.281 B=26.511
[RX] CmdPacket target=0xFF cmd=0x0 seq=455
[TX] Immediate reply seq=455
[FWD] Forward to sub: cmd=0x0 seq=455
[RELAY] Got status from sub, seq=455
[RELAY] Got status from sub, seq=455
[TX] StatusPacket seq=455 A=0.007 B=16.321
[RELAY] Got status from sub, seq=455
[TX] StatusPacket seq=455 A=0.135 B=8.225
[RX] CmdPacket target=0xFF cmd=0x0 seq=456
[TX] Immediate reply seq=456
[FWD] Forward to sub: cmd=0x0 seq=456
[RELAY] Got status from sub, seq=456
[RELAY] Got status from sub, seq=456
[TX] StatusPacket seq=456 A=0.634 B=2.727
[RELAY] Got status from sub, seq=456
[TX] StatusPacket seq=456 A=1.381 B=0.167
[RX] CmdPacket target=0xFF cmd=0x0 seq=457
[TX] Immediate reply seq=457
[FWD] Forward to sub: cmd=0x0 seq=457
[RELAY] Got status from sub, seq=457
[RELAY] Got status from sub, seq=457
[TX] StatusPacket seq=457 A=2.195 B=0.706
[RELAY] Got status from sub, seq=457
[TX] StatusPacket seq=457 A=2.875 B=4.310
[RX] CmdPacket target=0xFF cmd=0x0 seq=458
[TX] Immediate reply seq=458
[FWD] Forward to sub: cmd=0x0 seq=458
[RELAY] Got status from sub, seq=458
[RELAY] Got status from sub, seq=458
[TX] StatusPacket seq=458 A=3.255 B=10.754
[RELAY] Got status from sub, seq=458
[TX] StatusPacket seq=458 A=3.242 B=19.639
[RX] CmdPacket target=0xFF cmd=0x0 seq=459
[TX] Immediate reply seq=459
[FWD] Forward to sub: cmd=0x0 seq=459
[RELAY] Got status from sub, seq=459
[RELAY] Got status from sub, seq=459
[TX] StatusPacket seq=459 A=2.840 B=30.411
[RELAY] Got status from sub, seq=459
[TX] StatusPacket seq=459 A=2.146 B=42.402
[RX] CmdPacket target=0xFF cmd=0x0 seq=460
[TX] Immediate reply seq=460
[FWD] Forward to sub: cmd=0x0 seq=460
[RELAY] Got status from sub, seq=460
[RELAY] Got status from sub, seq=460
[TX] StatusPacket seq=460 A=1.330 B=54.864
[RELAY] Got status from sub, seq=460
[TX] StatusPacket seq=460 A=0.594 B=67.025
[RX] CmdPacket target=0xFF cmd=0x0 seq=461
[TX] Immediate reply seq=461
[FWD] Forward to sub: cmd=0x0 seq=461
[RELAY] Got status from sub, seq=461
[RELAY] Got status from sub, seq=461
[TX] StatusPacket seq=461 A=0.115 B=78.126
[RELAY] Got status from sub, seq=461
[TX] StatusPacket seq=461 A=0.013 B=87.479
[RX] CmdPacket target=0xFF cmd=0x0 seq=462
[TX] Immediate reply seq=462
[FWD] Forward to sub: cmd=0x0 seq=462
[RELAY] Got status from sub, seq=462
[RELAY] Got status from sub, seq=462
[TX] StatusPacket seq=462 A=0.311 B=94.502
[RELAY] Got status from sub, seq=462
[TX] StatusPacket seq=462 A=0.937 B=98.758
[RX] CmdPacket target=0xFF cmd=0x0 seq=463
[TX] Immediate reply seq=463
[FWD] Forward to sub: cmd=0x0 seq=463
[RELAY] Got status from sub, seq=463
[RELAY] Got status from sub, seq=463
[TX] StatusPacket seq=463 A=1.738 B=99.982
[RELAY] Got status from sub, seq=463
[TX] StatusPacket seq=463 A=2.517 B=98.099
[RX] CmdPacket target=0xFF cmd=0x0 seq=464
[TX] Immediate reply seq=464
[FWD] Forward to sub: cmd=0x0 seq=464
[RELAY] Got status from sub, seq=464
[RELAY] Got status from sub, seq=464
[TX] StatusPacket seq=464 A=3.084 B=93.225
[RELAY] Got status from sub, seq=464
[TX] StatusPacket seq=464 A=3.300 B=85.663
[RX] CmdPacket target=0xFF cmd=0x0 seq=465
[TX] Immediate reply seq=465
[FWD] Forward to sub: cmd=0x0 seq=465
[RELAY] Got status from sub, seq=465
[RELAY] Got status from sub, seq=465
[TX] StatusPacket seq=465 A=3.112 B=75.885
[RELAY] Got status from sub, seq=465
[TX] StatusPacket seq=465 A=2.566 B=64.496
[RX] CmdPacket target=0xFF cmd=0x0 seq=466
[TX] Immediate reply seq=466
[FWD] Forward to sub: cmd=0x0 seq=466
[RELAY] Got status from sub, seq=466
[RELAY] Got status from sub, seq=466
[TX] StatusPacket seq=466 A=1.796 B=52.207
[RELAY] Got status from sub, seq=466
[TX] StatusPacket seq=466 A=0.990 B=39.780
[RX] CmdPacket target=0xFF cmd=0x0 seq=467
[TX] Immediate reply seq=467
[FWD] Forward to sub: cmd=0x0 seq=467
[RELAY] Got status from sub, seq=467
[RELAY] Got status from sub, seq=467
[TX] StatusPacket seq=467 A=0.346 B=27.989
[RELAY] Got status from sub, seq=467
[TX] StatusPacket seq=467 A=0.021 B=17.566
[RX] CmdPacket target=0xFF cmd=0x0 seq=468
[TX] Immediate reply seq=468
[FWD] Forward to sub: cmd=0x0 seq=468
[RELAY] Got status from sub, seq=468
[RELAY] Got status from sub, seq=468
[TX] StatusPacket seq=468 A=0.095 B=9.160
[RELAY] Got status from sub, seq=468
[TX] StatusPacket seq=468 A=0.550 B=3.293
[RX] CmdPacket target=0xFF cmd=0x0 seq=469
[TX] Immediate reply seq=469
[FWD] Forward to sub: cmd=0x0 seq=469
[RELAY] Got status from sub, seq=469
[RELAY] Got status from sub, seq=469
[TX] StatusPacket seq=469 A=1.274 B=0.330
[RELAY] Got status from sub, seq=469
[TX] StatusPacket seq=469 A=2.090 B=0.455
[RX] CmdPacket target=0xFF cmd=0x0 seq=470
[TX] Immediate reply seq=470
[FWD] Forward to sub: cmd=0x0 seq=470
[RELAY] Got status from sub, seq=470
[RELAY] Got status from sub, seq=470
[TX] StatusPacket seq=470 A=2.799 B=3.661
[RELAY] Got status from sub, seq=470
[TX] StatusPacket seq=470 A=3.226 B=9.748
[RX] CmdPacket target=0xFF cmd=0x0 seq=471
[TX] Immediate reply seq=471
[FWD] Forward to sub: cmd=0x0 seq=471
[RELAY] Got status from sub, seq=471
[RELAY] Got status from sub, seq=471
[TX] StatusPacket seq=471 A=3.267 B=18.338
[RELAY] Got status from sub, seq=471
[TX] StatusPacket seq=471 A=2.913 B=28.896
[RX] CmdPacket target=0xFF cmd=0x0 seq=472
[TX] Immediate reply seq=472
[FWD] Forward to sub: cmd=0x0 seq=472
[RELAY] Got status from sub, seq=472
[RELAY] Got status from sub, seq=472
[TX] StatusPacket seq=472 A=2.249 B=40.766
[RELAY] Got status from sub, seq=472
[TX] StatusPacket seq=472 A=1.439 B=53.211
[RX] CmdPacket target=0xFF cmd=0x0 seq=473
[TX] Immediate reply seq=473
[FWD] Forward to sub: cmd=0x0 seq=473
[RELAY] Got status from sub, seq=473
[RELAY] Got status from sub, seq=473
[TX] StatusPacket seq=473 A=0.680 B=65.455
[RELAY] Got status from sub, seq=473
[TX] StatusPacket seq=473 A=0.159 B=76.739
[RX] CmdPacket target=0xFF cmd=0x0 seq=474
[TX] Immediate reply seq=474
[FWD] Forward to sub: cmd=0x0 seq=474
[RELAY] Got status from sub, seq=474
[RELAY] Got status from sub, seq=474
[TX] StatusPacket seq=474 A=0.003 B=86.361
[RELAY] Got status from sub, seq=474
[TX] StatusPacket seq=474 A=0.250 B=93.721
[RX] CmdPacket target=0xFF cmd=0x0 seq=475
[TX] Immediate reply seq=475
[FWD] Forward to sub: cmd=0x0 seq=475
[RELAY] Got status from sub, seq=475
[RELAY] Got status from sub, seq=475
[TX] StatusPacket seq=475 A=0.840 B=98.364
[RELAY] Got status from sub, seq=475
[TX] StatusPacket seq=475 A=1.628 B=99.999
[RX] CmdPacket target=0xFF cmd=0x0 seq=476
[TX] Immediate reply seq=476
[FWD] Forward to sub: cmd=0x0 seq=476
[RELAY] Got status from sub, seq=476
[RELAY] Got status from sub, seq=476
[TX] StatusPacket seq=476 A=2.422 B=98.525
[RELAY] Got status from sub, seq=476
[TX] StatusPacket seq=476 A=3.027 B=94.035
[RX] CmdPacket target=0xFF cmd=0x0 seq=477
[TX] Immediate reply seq=477
[FWD] Forward to sub: cmd=0x0 seq=477
[RELAY] Got status from sub, seq=477
[RELAY] Got status from sub, seq=477
[TX] StatusPacket seq=477 A=3.294 B=86.807
[RELAY] Got status from sub, seq=477
[TX] StatusPacket seq=477 A=3.159 B=77.290
[RX] CmdPacket target=0xFF cmd=0x0 seq=478
[TX] Immediate reply seq=478
[FWD] Forward to sub: cmd=0x0 seq=478
[RELAY] Got status from sub, seq=478
[RELAY] Got status from sub, seq=478
[TX] StatusPacket seq=478 A=2.655 B=66.076
[RELAY] Got status from sub, seq=478
[TX] StatusPacket seq=478 A=1.904 B=53.863
[RX] CmdPacket target=0xFF cmd=0x0 seq=479
[TX] Immediate reply seq=479
[FWD] Forward to sub: cmd=0x0 seq=479
[RELAY] Got status from sub, seq=479
[RELAY] Got status from sub, seq=479
[TX] StatusPacket seq=479 A=1.091 B=41.410
[RELAY] Got status from sub, seq=479
[TX] StatusPacket seq=479 A=0.415 B=29.490
[RX] CmdPacket target=0xFF cmd=0x0 seq=480
[TX] Immediate reply seq=480
[FWD] Forward to sub: cmd=0x0 seq=480
[RELAY] Got status from sub, seq=480
[RELAY] Got status from sub, seq=480
[TX] StatusPacket seq=480 A=0.042 B=18.846
[RELAY] Got status from sub, seq=480
[TX] StatusPacket seq=480 A=0.062 B=10.139
[RX] CmdPacket target=0xFF cmd=0x0 seq=481
[TX] Immediate reply seq=481
[FWD] Forward to sub: cmd=0x0 seq=481
[RELAY] Got status from sub, seq=481
[RELAY] Got status from sub, seq=481
[TX] StatusPacket seq=481 A=0.471 B=3.911
[RELAY] Got status from sub, seq=481
[TX] StatusPacket seq=481 A=1.168 B=0.548
[RX] CmdPacket target=0xFF cmd=0x0 seq=482
[TX] Immediate reply seq=482
[FWD] Forward to sub: cmd=0x0 seq=482
[RELAY] Got status from sub, seq=482
[RELAY] Got status from sub, seq=482
[TX] StatusPacket seq=482 A=1.984 B=0.259
[RELAY] Got status from sub, seq=482
[TX] StatusPacket seq=482 A=2.718 B=3.063
[RX] CmdPacket target=0xFF cmd=0x0 seq=483
[TX] Immediate reply seq=483
[FWD] Forward to sub: cmd=0x0 seq=483
[RELAY] Got status from sub, seq=483
[RELAY] Got status from sub, seq=483
[TX] StatusPacket seq=483 A=3.191 B=8.814
[TX] StatusPacket seq=483 A=3.285 B=17.071
[RELAY] Got status from sub, seq=483
[RX] CmdPacket target=0xFF cmd=0x0 seq=484
[TX] Immediate reply seq=484
[FWD] Forward to sub: cmd=0x0 seq=484
[RELAY] Got status from sub, seq=484
[TX] StatusPacket seq=484 A=2.980 B=27.403
[RELAY] Got status from sub, seq=484
[TX] StatusPacket seq=484 A=2.350 B=39.141
[RELAY] Got status from sub, seq=484
[RX] CmdPacket target=0xFF cmd=0x0 seq=485
[TX] Immediate reply seq=485
[FWD] Forward to sub: cmd=0x0 seq=485
[RELAY] Got status from sub, seq=485
[TX] StatusPacket seq=485 A=1.546 B=51.578
[RELAY] Got status from sub, seq=485
[TX] StatusPacket seq=485 A=0.771 B=63.869
[RELAY] Got status from sub, seq=485
[TX] StatusPacket seq=485 A=0.209 B=75.323
[RX] CmdPacket target=0xFF cmd=0x0 seq=486
[TX] Immediate reply seq=486
[FWD] Forward to sub: cmd=0x0 seq=486
[RELAY] Got status from sub, seq=486
[RELAY] Got status from sub, seq=486
[TX] StatusPacket seq=486 A=0.000 B=85.202
[RELAY] Got status from sub, seq=486
[TX] StatusPacket seq=486 A=0.195 B=92.892
[RX] CmdPacket target=0xFF cmd=0x0 seq=487
[TX] Immediate reply seq=487
[FWD] Forward to sub: cmd=0x0 seq=487
[RELAY] Got status from sub, seq=487
[RELAY] Got status from sub, seq=487
[TX] StatusPacket seq=487 A=0.747 B=97.916
[RELAY] Got status from sub, seq=487
[TX] StatusPacket seq=487 A=1.519 B=99.961
[RX] CmdPacket target=0xFF cmd=0x0 seq=488
[TX] Immediate reply seq=488
[FWD] Forward to sub: cmd=0x0 seq=488
[RELAY] Got status from sub, seq=488
[RELAY] Got status from sub, seq=488
[TX] StatusPacket seq=488 A=2.324 B=98.899
[RELAY] Got status from sub, seq=488
[TX] StatusPacket seq=488 A=2.963 B=94.797
[RX] CmdPacket target=0xFF cmd=0x0 seq=489
[TX] Immediate reply seq=489
[FWD] Forward to sub: cmd=0x0 seq=489
[RELAY] Got status from sub, seq=489
[RELAY] Got status from sub, seq=489
[TX] StatusPacket seq=489 A=3.281 B=87.909
[RELAY] Got status from sub, seq=489
[TX] StatusPacket seq=489 A=3.200 B=78.665
[RX] CmdPacket target=0xFF cmd=0x0 seq=490
[TX] Immediate reply seq=490
[FWD] Forward to sub: cmd=0x0 seq=490
[RELAY] Got status from sub, seq=490
[RELAY] Got status from sub, seq=490
[TX] StatusPacket seq=490 A=2.739 B=67.638
[RELAY] Got status from sub, seq=490
[TX] StatusPacket seq=490 A=2.012 B=55.515
[RX] CmdPacket target=0xFF cmd=0x0 seq=491
[TX] Immediate reply seq=491
[FWD] Forward to sub: cmd=0x0 seq=491
[RELAY] Got status from sub, seq=491
[RELAY] Got status from sub, seq=491
[TX] StatusPacket seq=491 A=1.196 B=43.049
[RELAY] Got status from sub, seq=491
[TX] StatusPacket seq=491 A=0.491 B=31.015
[RX] CmdPacket target=0xFF cmd=0x0 seq=492
[TX] Immediate reply seq=492
[FWD] Forward to sub: cmd=0x0 seq=492
[RELAY] Got status from sub, seq=492
[RELAY] Got status from sub, seq=492
[TX] StatusPacket seq=492 A=0.070 B=20.161
[RELAY] Got status from sub, seq=492
[TX] StatusPacket seq=492 A=0.036 B=11.163
[RX] CmdPacket target=0xFF cmd=0x0 seq=493
[TX] Immediate reply seq=493
[FWD] Forward to sub: cmd=0x0 seq=493
[RELAY] Got status from sub, seq=493
[RELAY] Got status from sub, seq=493
[TX] StatusPacket seq=493 A=0.397 B=4.579
[RELAY] Got status from sub, seq=493
[TX] StatusPacket seq=493 A=1.065 B=0.820
[RX] CmdPacket target=0xFF cmd=0x0 seq=494
[TX] Immediate reply seq=494
[FWD] Forward to sub: cmd=0x0 seq=494
[RELAY] Got status from sub, seq=494
[RELAY] Got status from sub, seq=494
[TX] StatusPacket seq=494 A=1.876 B=0.118
[RELAY] Got status from sub, seq=494
[TX] StatusPacket seq=494 A=2.632 B=2.518
[RX] CmdPacket target=0xFF cmd=0x0 seq=495
[TX] Immediate reply seq=495
[FWD] Forward to sub: cmd=0x0 seq=495
[RELAY] Got status from sub, seq=495
[RELAY] Got status from sub, seq=495
[TX] StatusPacket seq=495 A=3.147 B=7.869
[RELAY] Got status from sub, seq=495
[TX] StatusPacket seq=495 A=3.296 B=15.841
[RX] CmdPacket target=0xFF cmd=0x0 seq=496
[TX] Immediate reply seq=496
[FWD] Forward to sub: cmd=0x0 seq=496
[RELAY] Got status from sub, seq=496
[RELAY] Got status from sub, seq=496
[TX] StatusPacket seq=496 A=3.042 B=25.936
[RELAY] Got status from sub, seq=496
[TX] StatusPacket seq=496 A=2.447 B=37.527
[RX] CmdPacket target=0xFF cmd=0x0 seq=497
[TX] Immediate reply seq=497
[FWD] Forward to sub: cmd=0x0 seq=497
[RELAY] Got status from sub, seq=497
[RELAY] Got status from sub, seq=497
[TX] StatusPacket seq=497 A=1.657 B=49.894
[RELAY] Got status from sub, seq=497
[TX] StatusPacket seq=497 A=0.865 B=62.268
[RX] CmdPacket target=0xFF cmd=0x0 seq=498
[TX] Immediate reply seq=498
[FWD] Forward to sub: cmd=0x0 seq=498
[RELAY] Got status from sub, seq=498
[RELAY] Got status from sub, seq=498
[TX] StatusPacket seq=498 A=0.265 B=73.878
[RELAY] Got status from sub, seq=498
[TX] StatusPacket seq=498 A=0.005 B=84.005
[RX] CmdPacket target=0xFF cmd=0x0 seq=499
[TX] Immediate reply seq=499
[FWD] Forward to sub: cmd=0x0 seq=499
[RELAY] Got status from sub, seq=499
[RELAY] Got status from sub, seq=499
[TX] StatusPacket seq=499 A=0.147 B=92.016
[RELAY] Got status from sub, seq=499
[TX] StatusPacket seq=499 A=0.657 B=97.416
[RX] CmdPacket target=0xFF cmd=0x0 seq=500
[TX] Immediate reply seq=500
[FWD] Forward to sub: cmd=0x0 seq=500
[RELAY] Got status from sub, seq=500
[RELAY] Got status from sub, seq=500
[TX] StatusPacket seq=500 A=1.410 B=99.867
[RELAY] Got status from sub, seq=500
[TX] StatusPacket seq=500 A=2.222 B=99.218
[RX] CmdPacket target=0xFF cmd=0x0 seq=501
[TX] Immediate reply seq=501
[FWD] Forward to sub: cmd=0x0 seq=501
[RELAY] Got status from sub, seq=501
[RELAY] Got status from sub, seq=501
[TX] StatusPacket seq=501 A=2.894 B=95.509
[RELAY] Got status from sub, seq=501
[TX] StatusPacket seq=501 A=3.261 B=88.970
[RX] CmdPacket target=0xFF cmd=0x0 seq=502
[TX] Immediate reply seq=502
[FWD] Forward to sub: cmd=0x0 seq=502
[RELAY] Got status from sub, seq=502
[RELAY] Got status from sub, seq=502
[TX] StatusPacket seq=502 A=3.234 B=80.008
[RELAY] Got status from sub, seq=502
[TX] StatusPacket seq=502 A=2.819 B=69.181
[RX] CmdPacket target=0xFF cmd=0x0 seq=503
[TX] Immediate reply seq=503
[FWD] Forward to sub: cmd=0x0 seq=503
[RELAY] Got status from sub, seq=503
[RELAY] Got status from sub, seq=503
[TX] StatusPacket seq=503 A=2.118 B=57.161
[RELAY] Got status from sub, seq=503
[TX] StatusPacket seq=503 A=1.302 B=44.695
[RX] CmdPacket target=0xFF cmd=0x0 seq=504
[TX] Immediate reply seq=504
[FWD] Forward to sub: cmd=0x0 seq=504
[RELAY] Got status from sub, seq=504
[RELAY] Got status from sub, seq=504
[TX] StatusPacket seq=504 A=0.571 B=32.560
[RELAY] Got status from sub, seq=504
[TX] StatusPacket seq=504 A=0.105 B=21.509
[RX] CmdPacket target=0xFF cmd=0x0 seq=505
[TX] Immediate reply seq=505
[FWD] Forward to sub: cmd=0x0 seq=505
[RELAY] Got status from sub, seq=505
[RELAY] Got status from sub, seq=505
[TX] StatusPacket seq=505 A=0.017 B=12.229
[RELAY] Got status from sub, seq=505
[TX] StatusPacket seq=505 A=0.328 B=5.298
[RX] CmdPacket target=0xFF cmd=0x0 seq=506
[TX] Immediate reply seq=506
[FWD] Forward to sub: cmd=0x0 seq=506
[RELAY] Got status from sub, seq=506
[RELAY] Got status from sub, seq=506
[TX] StatusPacket seq=506 A=0.964 B=1.146
[RELAY] Got status from sub, seq=506
[TX] StatusPacket seq=506 A=1.767 B=0.031
[RX] CmdPacket target=0xFF cmd=0x0 seq=507
[TX] Immediate reply seq=507
[FWD] Forward to sub: cmd=0x0 seq=507
[RELAY] Got status from sub, seq=507
[RELAY] Got status from sub, seq=507
[TX] StatusPacket seq=507 A=2.542 B=2.024
[RELAY] Got status from sub, seq=507
[TX] StatusPacket seq=507 A=3.098 B=6.999
[RX] CmdPacket target=0xFF cmd=0x0 seq=508
[TX] Immediate reply seq=508
[FWD] Forward to sub: cmd=0x0 seq=508
[RELAY] Got status from sub, seq=508
[RELAY] Got status from sub, seq=508
[TX] StatusPacket seq=508 A=3.300 B=14.648
[RELAY] Got status from sub, seq=508
[TX] StatusPacket seq=508 A=3.098 B=24.495
[RX] CmdPacket target=0xFF cmd=0x0 seq=509
[TX] Immediate reply seq=509
[FWD] Forward to sub: cmd=0x0 seq=509
[RELAY] Got status from sub, seq=509
[RELAY] Got status from sub, seq=509
[TX] StatusPacket seq=509 A=2.541 B=35.928
[RELAY] Got status from sub, seq=509
[TX] StatusPacket seq=509 A=1.766 B=48.235
[RX] CmdPacket target=0xFF cmd=0x0 seq=510
[TX] Immediate reply seq=510
[FWD] Forward to sub: cmd=0x0 seq=510
[RELAY] Got status from sub, seq=510
[RELAY] Got status from sub, seq=510
[TX] StatusPacket seq=510 A=0.963 B=60.652
[RELAY] Got status from sub, seq=510
[TX] StatusPacket seq=510 A=0.328 B=72.407
[RX] CmdPacket target=0xFF cmd=0x0 seq=511
[TX] Immediate reply seq=511
[FWD] Forward to sub: cmd=0x0 seq=511
[RELAY] Got status from sub, seq=511
[RELAY] Got status from sub, seq=511
[TX] StatusPacket seq=511 A=0.016 B=82.769
[RELAY] Got status from sub, seq=511
[TX] StatusPacket seq=511 A=0.105 B=91.093
[RX] CmdPacket target=0xFF cmd=0x0 seq=512
[TX] Immediate reply seq=512
[FWD] Forward to sub: cmd=0x0 seq=512
[RELAY] Got status from sub, seq=512
[RELAY] Got status from sub, seq=512
[TX] StatusPacket seq=512 A=0.572 B=96.863
[RELAY] Got status from sub, seq=512
[TX] StatusPacket seq=512 A=1.302 B=99.719
[RX] CmdPacket target=0xFF cmd=0x0 seq=513
[TX] Immediate reply seq=513
[FWD] Forward to sub: cmd=0x0 seq=513
[RELAY] Got status from sub, seq=513
[RELAY] Got status from sub, seq=513
[TX] StatusPacket seq=513 A=2.118 B=99.483
[RELAY] Got status from sub, seq=513
[TX] StatusPacket seq=513 A=2.819 B=96.171
[RX] CmdPacket target=0xFF cmd=0x0 seq=514
[TX] Immediate reply seq=514
[FWD] Forward to sub: cmd=0x0 seq=514
[RELAY] Got status from sub, seq=514
[RELAY] Got status from sub, seq=514
[TX] StatusPacket seq=514 A=3.234 B=89.988
[RELAY] Got status from sub, seq=514
[TX] StatusPacket seq=514 A=3.261 B=81.280
[RX] CmdPacket target=0xFF cmd=0x0 seq=515
[TX] Immediate reply seq=515
[FWD] Forward to sub: cmd=0x0 seq=515
[RELAY] Got status from sub, seq=515
[TX] StatusPacket seq=515 A=2.894 B=70.703
[RELAY] Got status from sub, seq=515
[TX] StatusPacket seq=515 A=2.222 B=58.799
[RELAY] Got status from sub, seq=515
[RX] CmdPacket target=0xFF cmd=0x0 seq=516
[TX] Immediate reply seq=516
[FWD] Forward to sub: cmd=0x0 seq=516
[RELAY] Got status from sub, seq=516
[TX] StatusPacket seq=516 A=1.406 B=46.298
[RELAY] Got status from sub, seq=516
[TX] StatusPacket seq=516 A=0.656 B=34.125
[RELAY] Got status from sub, seq=516
[TX] StatusPacket seq=516 A=0.147 B=22.888
[RELAY] Got status from sub, seq=516
[TX] StatusPacket seq=516 A=0.005 B=13.337
[RELAY] Got status from sub, seq=516
[TX] StatusPacket seq=516 A=0.266 B=6.066
[RX] CmdPacket target=0xFF cmd=0x0 seq=518
[TX] Immediate reply seq=518
[FWD] Forward to sub: cmd=0x0 seq=518
[RELAY] Got status from sub, seq=518
[RELAY] Got status from sub, seq=518
[TX] StatusPacket seq=518 A=0.866 B=1.526
[RELAY] Got status from sub, seq=518
[TX] StatusPacket seq=518 A=1.658 B=0.000
[RX] CmdPacket target=0xFF cmd=0x0 seq=519
[TX] Immediate reply seq=519
[FWD] Forward to sub: cmd=0x0 seq=519
[RELAY] Got status from sub, seq=519
[RELAY] Got status from sub, seq=519
[TX] StatusPacket seq=519 A=2.448 B=1.583
[RELAY] Got status from sub, seq=519
[TX] StatusPacket seq=519 A=3.043 B=6.176
[RX] CmdPacket target=0xFF cmd=0x0 seq=520
[TX] Immediate reply seq=520
[FWD] Forward to sub: cmd=0x0 seq=520
[RELAY] Got status from sub, seq=520
[RELAY] Got status from sub, seq=520
[TX] StatusPacket seq=520 A=3.296 B=13.494
[RELAY] Got status from sub, seq=520
[TX] StatusPacket seq=520 A=3.147 B=23.082
[RX] CmdPacket target=0xFF cmd=0x0 seq=521
[TX] Immediate reply seq=521
[FWD] Forward to sub: cmd=0x0 seq=521
[RELAY] Got status from sub, seq=521
[RELAY] Got status from sub, seq=521
[TX] StatusPacket seq=521 A=2.631 B=34.343
[RELAY] Got status from sub, seq=521
[TX] StatusPacket seq=521 A=1.875 B=46.578
[RX] CmdPacket target=0xFF cmd=0x0 seq=522
[TX] Immediate reply seq=522
[FWD] Forward to sub: cmd=0x0 seq=522
[RELAY] Got status from sub, seq=522
[RELAY] Got status from sub, seq=522
[TX] StatusPacket seq=522 A=1.064 B=59.025
[RELAY] Got status from sub, seq=522
[TX] StatusPacket seq=522 A=0.396 B=70.912
[RX] CmdPacket target=0xFF cmd=0x0 seq=523
[TX] Immediate reply seq=523
[FWD] Forward to sub: cmd=0x0 seq=523
[RELAY] Got status from sub, seq=523
[RELAY] Got status from sub, seq=523
[TX] StatusPacket seq=523 A=0.035 B=81.498
[RELAY] Got status from sub, seq=523
[TX] StatusPacket seq=523 A=0.070 B=90.126
[RX] CmdPacket target=0xFF cmd=0x0 seq=524
[TX] Immediate reply seq=524
[FWD] Forward to sub: cmd=0x0 seq=524
[RELAY] Got status from sub, seq=524
[RELAY] Got status from sub, seq=524
[TX] StatusPacket seq=524 A=0.491 B=96.259
[RELAY] Got status from sub, seq=524
[TX] StatusPacket seq=524 A=1.196 B=99.516
[RX] CmdPacket target=0xFF cmd=0x0 seq=525
[TX] Immediate reply seq=525
[FWD] Forward to sub: cmd=0x0 seq=525
[RELAY] Got status from sub, seq=525
[RELAY] Got status from sub, seq=525
[TX] StatusPacket seq=525 A=2.012 B=99.694
[RELAY] Got status from sub, seq=525
[TX] StatusPacket seq=525 A=2.740 B=96.782
[RX] CmdPacket target=0xFF cmd=0x0 seq=526
[TX] Immediate reply seq=526
[FWD] Forward to sub: cmd=0x0 seq=526
[RELAY] Got status from sub, seq=526
[RELAY] Got status from sub, seq=526
[TX] StatusPacket seq=526 A=3.200 B=90.962
[RELAY] Got status from sub, seq=526
[TX] StatusPacket seq=526 A=3.281 B=82.595
[RX] CmdPacket target=0xFF cmd=0x0 seq=527
[TX] Immediate reply seq=527
[FWD] Forward to sub: cmd=0x0 seq=527
[RELAY] Got status from sub, seq=527
[RELAY] Got status from sub, seq=527
[TX] StatusPacket seq=527 A=2.963 B=72.202
[RELAY] Got status from sub, seq=527
[TX] StatusPacket seq=527 A=2.323 B=60.428
[RX] CmdPacket target=0xFF cmd=0x0 seq=528
[TX] Immediate reply seq=528
[FWD] Forward to sub: cmd=0x0 seq=528
[RELAY] Got status from sub, seq=528
[RELAY] Got status from sub, seq=528
[TX] StatusPacket seq=528 A=1.518 B=48.005
[RELAY] Got status from sub, seq=528
[TX] StatusPacket seq=528 A=0.746 B=35.707
[RX] CmdPacket target=0xFF cmd=0x0 seq=529
[TX] Immediate reply seq=529
[FWD] Forward to sub: cmd=0x0 seq=529
[RELAY] Got status from sub, seq=529
[RELAY] Got status from sub, seq=529
[TX] StatusPacket seq=529 A=0.195 B=24.297
[RELAY] Got status from sub, seq=529
[TX] StatusPacket seq=529 A=0.000 B=14.486
[RX] CmdPacket target=0xFF cmd=0x0 seq=530
[TX] Immediate reply seq=530
[FWD] Forward to sub: cmd=0x0 seq=530
[RELAY] Got status from sub, seq=530
[RELAY] Got status from sub, seq=530
[TX] StatusPacket seq=530 A=0.209 B=6.882
[RELAY] Got status from sub, seq=530
[TX] StatusPacket seq=530 A=0.771 B=1.960
[RX] CmdPacket target=0xFF cmd=0x0 seq=531
[TX] Immediate reply seq=531
[FWD] Forward to sub: cmd=0x0 seq=531
[RELAY] Got status from sub, seq=531
[RELAY] Got status from sub, seq=531
[TX] StatusPacket seq=531 A=1.548 B=0.024
[RELAY] Got status from sub, seq=531
[TX] StatusPacket seq=531 A=2.350 B=1.195
[RX] CmdPacket target=0xFF cmd=0x0 seq=532
[TX] Immediate reply seq=532
[FWD] Forward to sub: cmd=0x0 seq=532
[RELAY] Got status from sub, seq=532
[RELAY] Got status from sub, seq=532
[TX] StatusPacket seq=532 A=2.981 B=5.401
[RELAY] Got status from sub, seq=532
[TX] StatusPacket seq=532 A=3.286 B=12.380
[RX] CmdPacket target=0xFF cmd=0x0 seq=533
[TX] Immediate reply seq=533
[FWD] Forward to sub: cmd=0x0 seq=533
[RELAY] Got status from sub, seq=533
[RELAY] Got status from sub, seq=533
[TX] StatusPacket seq=533 A=3.190 B=21.698
[RELAY] Got status from sub, seq=533
[TX] StatusPacket seq=533 A=2.717 B=32.776
[RX] CmdPacket target=0xFF cmd=0x0 seq=534
[TX] Immediate reply seq=534
[FWD] Forward to sub: cmd=0x0 seq=534
[RELAY] Got status from sub, seq=534
[RELAY] Got status from sub, seq=534
[TX] StatusPacket seq=534 A=1.983 B=44.924
[RELAY] Got status from sub, seq=534
[TX] StatusPacket seq=534 A=1.168 B=57.389
[RX] CmdPacket target=0xFF cmd=0x0 seq=535
[TX] Immediate reply seq=535
[FWD] Forward to sub: cmd=0x0 seq=535
[RELAY] Got status from sub, seq=535
[RELAY] Got status from sub, seq=535
[TX] StatusPacket seq=535 A=0.470 B=69.393
[RELAY] Got status from sub, seq=535
[TX] StatusPacket seq=535 A=0.062 B=80.192
[RX] CmdPacket target=0xFF cmd=0x0 seq=536
[TX] Immediate reply seq=536
[FWD] Forward to sub: cmd=0x0 seq=536
[RELAY] Got status from sub, seq=536
[RELAY] Got status from sub, seq=536
[TX] StatusPacket seq=536 A=0.042 B=89.114
[RELAY] Got status from sub, seq=536
[TX] StatusPacket seq=536 A=0.416 B=95.604
[RX] CmdPacket target=0xFF cmd=0x0 seq=537
[TX] Immediate reply seq=537
[FWD] Forward to sub: cmd=0x0 seq=537
[RELAY] Got status from sub, seq=537
[RELAY] Got status from sub, seq=537
[TX] StatusPacket seq=537 A=1.092 B=99.258
[RELAY] Got status from sub, seq=537
[TX] StatusPacket seq=537 A=1.905 B=99.850
[RX] CmdPacket target=0xFF cmd=0x0 seq=538
[TX] Immediate reply seq=538
[FWD] Forward to sub: cmd=0x0 seq=538
[RELAY] Got status from sub, seq=538
[RELAY] Got status from sub, seq=538
[TX] StatusPacket seq=538 A=2.655 B=97.342
[RELAY] Got status from sub, seq=538
[TX] StatusPacket seq=538 A=3.159 B=91.891
[RX] CmdPacket target=0xFF cmd=0x0 seq=539
[TX] Immediate reply seq=539
[FWD] Forward to sub: cmd=0x0 seq=539
[RELAY] Got status from sub, seq=539
[RELAY] Got status from sub, seq=539
[TX] StatusPacket seq=539 A=3.294 B=83.835
[RELAY] Got status from sub, seq=539
[TX] StatusPacket seq=539 A=3.026 B=73.676
[RX] CmdPacket target=0xFF cmd=0x0 seq=540
[TX] Immediate reply seq=540
[FWD] Forward to sub: cmd=0x0 seq=540
[RELAY] Got status from sub, seq=540
[RELAY] Got status from sub, seq=540
[TX] StatusPacket seq=540 A=2.422 B=62.044
[RELAY] Got status from sub, seq=540
[TX] StatusPacket seq=540 A=1.628 B=49.664
[RX] CmdPacket target=0xFF cmd=0x0 seq=541
[TX] Immediate reply seq=541
[FWD] Forward to sub: cmd=0x0 seq=541
[RELAY] Got status from sub, seq=541
[RELAY] Got status from sub, seq=541
[TX] StatusPacket seq=541 A=0.840 B=37.304
[RELAY] Got status from sub, seq=541
[TX] StatusPacket seq=541 A=0.250 B=25.734
[RX] CmdPacket target=0xFF cmd=0x0 seq=542
[TX] Immediate reply seq=542
[FWD] Forward to sub: cmd=0x0 seq=542
[RELAY] Got status from sub, seq=542
[RELAY] Got status from sub, seq=542
[TX] StatusPacket seq=542 A=0.003 B=15.673
[RELAY] Got status from sub, seq=542
[TX] StatusPacket seq=542 A=0.159 B=7.746
[RX] CmdPacket target=0xFF cmd=0x0 seq=543
[TX] Immediate reply seq=543
[FWD] Forward to sub: cmd=0x0 seq=543
[RELAY] Got status from sub, seq=543
[RELAY] Got status from sub, seq=543
[TX] StatusPacket seq=543 A=0.680 B=2.446
[RELAY] Got status from sub, seq=543
[TX] StatusPacket seq=543 A=1.439 B=0.103
[RX] CmdPacket target=0xFF cmd=0x0 seq=544
[TX] Immediate reply seq=544
[FWD] Forward to sub: cmd=0x0 seq=544
[RELAY] Got status from sub, seq=544
[RELAY] Got status from sub, seq=544
[TX] StatusPacket seq=544 A=2.250 B=0.862
[RELAY] Got status from sub, seq=544
[TX] StatusPacket seq=544 A=2.913 B=4.676
[RX] CmdPacket target=0xFF cmd=0x0 seq=545
[TX] Immediate reply seq=545
[FWD] Forward to sub: cmd=0x0 seq=545
[RELAY] Got status from sub, seq=545
[TX] StatusPacket seq=545 A=3.267 B=11.308
[TX] StatusPacket seq=545 A=3.226 B=20.346
[RX] CmdPacket target=0xFF cmd=0x0 seq=546
[TX] Immediate reply seq=546
[FWD] Forward to sub: cmd=0x0 seq=546
[RELAY] Got status from sub, seq=546
[TX] StatusPacket seq=546 A=2.798 B=31.228
[RELAY] Got status from sub, seq=546
[TX] StatusPacket seq=546 A=2.090 B=43.277
[RELAY] Got status from sub, seq=546
[RX] CmdPacket target=0xFF cmd=0x0 seq=547
[TX] Immediate reply seq=547
[TX] StatusPacket seq=547 A=1.273 B=55.744
[FWD] Forward to sub: cmd=0x0 seq=547
[RELAY] Got status from sub, seq=547
[RELAY] Got status from sub, seq=547
[TX] StatusPacket seq=547 A=0.549 B=67.853
[RELAY] Got status from sub, seq=547
[TX] StatusPacket seq=547 A=0.095 B=78.853
[RX] CmdPacket target=0xFF cmd=0x0 seq=548
[TX] Immediate reply seq=548
[FWD] Forward to sub: cmd=0x0 seq=548
[RELAY] Got status from sub, seq=548
[RELAY] Got status from sub, seq=548
[TX] StatusPacket seq=548 A=0.021 B=88.059
[RELAY] Got status from sub, seq=548
[TX] StatusPacket seq=548 A=0.346 B=94.898
[RX] CmdPacket target=0xFF cmd=0x0 seq=549
[TX] Immediate reply seq=549
[FWD] Forward to sub: cmd=0x0 seq=549
[RELAY] Got status from sub, seq=549
[RELAY] Got status from sub, seq=549
[TX] StatusPacket seq=549 A=0.990 B=98.946
[RELAY] Got status from sub, seq=549
[TX] StatusPacket seq=549 A=1.796 B=99.951
[RX] CmdPacket target=0xFF cmd=0x0 seq=550
[TX] Immediate reply seq=550
[FWD] Forward to sub: cmd=0x0 seq=550
[RELAY] Got status from sub, seq=550
[RELAY] Got status from sub, seq=550
[TX] StatusPacket seq=550 A=2.566 B=97.850
[RELAY] Got status from sub, seq=550
[TX] StatusPacket seq=550 A=3.112 B=92.774
[RX] CmdPacket target=0xFF cmd=0x0 seq=551
[TX] Immediate reply seq=551
[FWD] Forward to sub: cmd=0x0 seq=551
[RELAY] Got status from sub, seq=551
[RELAY] Got status from sub, seq=551
[TX] StatusPacket seq=551 A=3.300 B=85.038
[RELAY] Got status from sub, seq=551
[TX] StatusPacket seq=551 A=3.084 B=75.124
[RX] CmdPacket target=0xFF cmd=0x0 seq=552
[TX] Immediate reply seq=552
[FWD] Forward to sub: cmd=0x0 seq=552
[RELAY] Got status from sub, seq=552
[RELAY] Got status from sub, seq=552
[TX] StatusPacket seq=552 A=2.517 B=63.648
[RELAY] Got status from sub, seq=552
[TX] StatusPacket seq=552 A=1.737 B=51.323
[RX] CmdPacket target=0xFF cmd=0x0 seq=553
[TX] Immediate reply seq=553
[FWD] Forward to sub: cmd=0x0 seq=553
[RELAY] Got status from sub, seq=553
[RELAY] Got status from sub, seq=553
[TX] StatusPacket seq=553 A=0.937 B=38.916
[RELAY] Got status from sub, seq=553
[TX] StatusPacket seq=553 A=0.311 B=27.198
[RX] CmdPacket target=0xFF cmd=0x0 seq=554
[TX] Immediate reply seq=554
[FWD] Forward to sub: cmd=0x0 seq=554
[RELAY] Got status from sub, seq=554
[RELAY] Got status from sub, seq=554
[TX] StatusPacket seq=554 A=0.013 B=16.898
[RELAY] Got status from sub, seq=554
[TX] StatusPacket seq=554 A=0.115 B=8.656
[RX] CmdPacket target=0xFF cmd=0x0 seq=555
[TX] Immediate reply seq=555
[FWD] Forward to sub: cmd=0x0 seq=555
[RELAY] Got status from sub, seq=555
[RELAY] Got status from sub, seq=555
[TX] StatusPacket seq=555 A=0.594 B=2.985
[RELAY] Got status from sub, seq=555
[TX] StatusPacket seq=555 A=1.331 B=0.236
[RX] CmdPacket target=0xFF cmd=0x0 seq=556
[TX] Immediate reply seq=556
[FWD] Forward to sub: cmd=0x0 seq=556
[RELAY] Got status from sub, seq=556
[RELAY] Got status from sub, seq=556
[TX] StatusPacket seq=556 A=2.146 B=0.582
[RELAY] Got status from sub, seq=556
[TX] StatusPacket seq=556 A=2.840 B=4.000
[RX] CmdPacket target=0xFF cmd=0x0 seq=557
[TX] Immediate reply seq=557
[FWD] Forward to sub: cmd=0x0 seq=557
[RELAY] Got status from sub, seq=557
[RELAY] Got status from sub, seq=557
[TX] StatusPacket seq=557 A=3.242 B=10.279
[RELAY] Got status from sub, seq=557
[TX] StatusPacket seq=557 A=3.255 B=19.027
[RX] CmdPacket target=0xFF cmd=0x0 seq=558
[TX] Immediate reply seq=558
[FWD] Forward to sub: cmd=0x0 seq=558
[RELAY] Got status from sub, seq=558
[RELAY] Got status from sub, seq=558
[TX] StatusPacket seq=558 A=2.874 B=29.701
[RELAY] Got status from sub, seq=558
[TX] StatusPacket seq=558 A=2.194 B=41.637
[RX] CmdPacket target=0xFF cmd=0x0 seq=559
[TX] Immediate reply seq=559
[FWD] Forward to sub: cmd=0x0 seq=559
[RELAY] Got status from sub, seq=559
[RELAY] Got status from sub, seq=559
[TX] StatusPacket seq=559 A=1.381 B=54.093
[RELAY] Got status from sub, seq=559
[TX] StatusPacket seq=559 A=0.633 B=66.294
[RX] CmdPacket target=0xFF cmd=0x0 seq=560
[TX] Immediate reply seq=560
[FWD] Forward to sub: cmd=0x0 seq=560
[RELAY] Got status from sub, seq=560
[RELAY] Got status from sub, seq=560
[TX] StatusPacket seq=560 A=0.135 B=77.482
[RELAY] Got status from sub, seq=560
[TX] StatusPacket seq=560 A=0.007 B=86.962
[RX] CmdPacket target=0xFF cmd=0x0 seq=561
[TX] Immediate reply seq=561
[FWD] Forward to sub: cmd=0x0 seq=561
[RELAY] Got status from sub, seq=561
[RELAY] Got status from sub, seq=561
[TX] StatusPacket seq=561 A=0.282 B=94.144
[RELAY] Got status from sub, seq=561
[TX] StatusPacket seq=561 A=0.891 B=98.581
[RX] CmdPacket target=0xFF cmd=0x0 seq=562
[TX] Immediate reply seq=562
[FWD] Forward to sub: cmd=0x0 seq=562
[RELAY] Got status from sub, seq=562
[RELAY] Got status from sub, seq=562
[TX] StatusPacket seq=562 A=1.687 B=99.997
[RELAY] Got status from sub, seq=562
[TX] StatusPacket seq=562 A=2.473 B=98.305
[RX] CmdPacket target=0xFF cmd=0x0 seq=563
[TX] Immediate reply seq=563
[FWD] Forward to sub: cmd=0x0 seq=563
[RELAY] Got status from sub, seq=563
[RELAY] Got status from sub, seq=563
[TX] StatusPacket seq=563 A=3.058 B=93.609
[RELAY] Got status from sub, seq=563
[TX] StatusPacket seq=563 A=3.298 B=86.202
[RX] CmdPacket target=0xFF cmd=0x0 seq=564
[TX] Immediate reply seq=564
[FWD] Forward to sub: cmd=0x0 seq=564
[RELAY] Got status from sub, seq=564
[RELAY] Got status from sub, seq=564
[TX] StatusPacket seq=564 A=3.135 B=76.544
[RELAY] Got status from sub, seq=564
[TX] StatusPacket seq=564 A=2.608 B=65.236
[RX] CmdPacket target=0xFF cmd=0x0 seq=565
[TX] Immediate reply seq=565
[FWD] Forward to sub: cmd=0x0 seq=565
[RELAY] Got status from sub, seq=565
[RELAY] Got status from sub, seq=565
[TX] StatusPacket seq=565 A=1.846 B=52.981
[RELAY] Got status from sub, seq=565
[TX] StatusPacket seq=565 A=1.037 B=40.540
[RX] CmdPacket target=0xFF cmd=0x0 seq=566
[TX] Immediate reply seq=566
[FWD] Forward to sub: cmd=0x0 seq=566
[RELAY] Got status from sub, seq=566
[RELAY] Got status from sub, seq=566
[TX] StatusPacket seq=566 A=0.378 B=28.687
[RELAY] Got status from sub, seq=566
[TX] StatusPacket seq=566 A=0.030 B=18.160
[RX] CmdPacket target=0xFF cmd=0x0 seq=567
[TX] Immediate reply seq=567
[FWD] Forward to sub: cmd=0x0 seq=567
[RELAY] Got status from sub, seq=567
[RELAY] Got status from sub, seq=567
[TX] StatusPacket seq=567 A=0.079 B=9.612
[RELAY] Got status from sub, seq=567
[TX] StatusPacket seq=567 A=0.512 B=3.575
[RX] CmdPacket target=0xFF cmd=0x0 seq=568
[TX] Immediate reply seq=568
[FWD] Forward to sub: cmd=0x0 seq=568
[RELAY] Got status from sub, seq=568
[RELAY] Got status from sub, seq=568
[TX] StatusPacket seq=568 A=1.224 B=0.425
[RELAY] Got status from sub, seq=568
[TX] StatusPacket seq=568 A=2.041 B=0.357
[RX] CmdPacket target=0xFF cmd=0x0 seq=569
[TX] Immediate reply seq=569
[FWD] Forward to sub: cmd=0x0 seq=569
[RELAY] Got status from sub, seq=569
[RELAY] Got status from sub, seq=569
[TX] StatusPacket seq=569 A=2.761 B=3.376
[RELAY] Got status from sub, seq=569
[TX] StatusPacket seq=569 A=3.210 B=9.293
[RX] CmdPacket target=0xFF cmd=0x0 seq=570
[TX] Immediate reply seq=570
[FWD] Forward to sub: cmd=0x0 seq=570
[RELAY] Got status from sub, seq=570
[RELAY] Got status from sub, seq=570
[TX] StatusPacket seq=570 A=3.277 B=17.742
[RELAY] Got status from sub, seq=570
[TX] StatusPacket seq=570 A=2.945 B=28.196
[RX] CmdPacket target=0xFF cmd=0x0 seq=571
[TX] Immediate reply seq=571
[FWD] Forward to sub: cmd=0x0 seq=571
[RELAY] Got status from sub, seq=571
[RELAY] Got status from sub, seq=571
[TX] StatusPacket seq=571 A=2.296 B=40.006
[RELAY] Got status from sub, seq=571
[TX] StatusPacket seq=571 A=1.489 B=52.437
[RX] CmdPacket target=0xFF cmd=0x0 seq=572
[TX] Immediate reply seq=572
[FWD] Forward to sub: cmd=0x0 seq=572
[RELAY] Got status from sub, seq=572
[RELAY] Got status from sub, seq=572
[TX] StatusPacket seq=572 A=0.722 B=64.717
[RELAY] Got status from sub, seq=572
[TX] StatusPacket seq=572 A=0.181 B=76.081
[RX] CmdPacket target=0xFF cmd=0x0 seq=573
[TX] Immediate reply seq=573
[FWD] Forward to sub: cmd=0x0 seq=573
[RELAY] Got status from sub, seq=573
[RELAY] Got status from sub, seq=573
[TX] StatusPacket seq=573 A=0.001 B=85.825
[RELAY] Got status from sub, seq=573
[TX] StatusPacket seq=573 A=0.224 B=93.340
[RX] CmdPacket target=0xFF cmd=0x0 seq=574
[TX] Immediate reply seq=574
[FWD] Forward to sub: cmd=0x0 seq=574
[RELAY] Got status from sub, seq=574
[RELAY] Got status from sub, seq=574
[TX] StatusPacket seq=574 A=0.796 B=98.161
[RELAY] Got status from sub, seq=574
[TX] StatusPacket seq=574 A=1.577 B=99.988
[RX] CmdPacket target=0xFF cmd=0x0 seq=575
[TX] Immediate reply seq=575
[FWD] Forward to sub: cmd=0x0 seq=575
[RELAY] Got status from sub, seq=575
[RELAY] Got status from sub, seq=575
[TX] StatusPacket seq=575 A=2.379 B=98.695
[TX] StatusPacket seq=575 A=2.998 B=94.397
[RELAY] Got status from sub, seq=575
[RX] CmdPacket target=0xFF cmd=0x0 seq=576
[TX] Immediate reply seq=576
[FWD] Forward to sub: cmd=0x0 seq=576
[RELAY] Got status from sub, seq=576
[TX] StatusPacket seq=576 A=3.289 B=87.327
[RELAY] Got status from sub, seq=576
[TX] StatusPacket seq=576 A=3.179 B=77.936
[RELAY] Got status from sub, seq=576
[RX] CmdPacket target=0xFF cmd=0x0 seq=577
[TX] Immediate reply seq=577
[TX] StatusPacket seq=577 A=2.695 B=66.808
[FWD] Forward to sub: cmd=0x0 seq=577
[RELAY] Got status from sub, seq=577
[RELAY] Got status from sub, seq=577
[TX] StatusPacket seq=577 A=1.955 B=54.635
[RELAY] Got status from sub, seq=577
[TX] StatusPacket seq=577 A=1.140 B=42.174
[RX] CmdPacket target=0xFF cmd=0x0 seq=578
[TX] Immediate reply seq=578
[FWD] Forward to sub: cmd=0x0 seq=578
[RELAY] Got status from sub, seq=578
[RELAY] Got status from sub, seq=578
[TX] StatusPacket seq=578 A=0.450 B=30.200
[RELAY] Got status from sub, seq=578
[TX] StatusPacket seq=578 A=0.054 B=19.456
[RX] CmdPacket target=0xFF cmd=0x0 seq=579
[TX] Immediate reply seq=579
[FWD] Forward to sub: cmd=0x0 seq=579
[RELAY] Got status from sub, seq=579
[RELAY] Got status from sub, seq=579
[TX] StatusPacket seq=579 A=0.049 B=10.612
[RELAY] Got status from sub, seq=579
[TX] StatusPacket seq=579 A=0.435 B=4.217
[RX] CmdPacket target=0xFF cmd=0x0 seq=580
[TX] Immediate reply seq=580
[FWD] Forward to sub: cmd=0x0 seq=580
[RELAY] Got status from sub, seq=580
[RELAY] Got status from sub, seq=580
[TX] StatusPacket seq=580 A=1.120 B=0.668
[RELAY] Got status from sub, seq=580
[TX] StatusPacket seq=580 A=1.934 B=0.186
[RX] CmdPacket target=0xFF cmd=0x0 seq=581
[TX] Immediate reply seq=581
[FWD] Forward to sub: cmd=0x0 seq=581
[RELAY] Got status from sub, seq=581
[RELAY] Got status from sub, seq=581
[TX] StatusPacket seq=581 A=2.678 B=2.802
[RELAY] Got status from sub, seq=581
[TX] StatusPacket seq=581 A=3.171 B=8.352
[RX] CmdPacket target=0xFF cmd=0x0 seq=582
[TX] Immediate reply seq=582
[FWD] Forward to sub: cmd=0x0 seq=582
[RELAY] Got status from sub, seq=582
[RELAY] Got status from sub, seq=582
[TX] StatusPacket seq=582 A=3.291 B=16.492
[RELAY] Got status from sub, seq=582
[TX] StatusPacket seq=582 A=3.010 B=26.715
[RX] CmdPacket target=0xFF cmd=0x0 seq=583
[TX] Immediate reply seq=583
[FWD] Forward to sub: cmd=0x0 seq=583
[RELAY] Got status from sub, seq=583
[RELAY] Got status from sub, seq=583
[TX] StatusPacket seq=583 A=2.396 B=38.386
[RELAY] Got status from sub, seq=583
[TX] StatusPacket seq=583 A=1.599 B=50.779
[RX] CmdPacket target=0xFF cmd=0x0 seq=584
[TX] Immediate reply seq=584
[FWD] Forward to sub: cmd=0x0 seq=584
[RELAY] Got status from sub, seq=584
[RELAY] Got status from sub, seq=584
[TX] StatusPacket seq=584 A=0.814 B=63.123
[RELAY] Got status from sub, seq=584
[TX] StatusPacket seq=584 A=0.234 B=74.652
[RX] CmdPacket target=0xFF cmd=0x0 seq=585
[TX] Immediate reply seq=585
[FWD] Forward to sub: cmd=0x0 seq=585
[RELAY] Got status from sub, seq=585
[RELAY] Got status from sub, seq=585
[TX] StatusPacket seq=585 A=0.001 B=84.648
[RELAY] Got status from sub, seq=585
[TX] StatusPacket seq=585 A=0.172 B=92.489
[RX] CmdPacket target=0xFF cmd=0x0 seq=586
[TX] Immediate reply seq=586
[FWD] Forward to sub: cmd=0x0 seq=586
[RELAY] Got status from sub, seq=586
[RELAY] Got status from sub, seq=586
[TX] StatusPacket seq=586 A=0.704 B=97.689
[RELAY] Got status from sub, seq=586
[TX] StatusPacket seq=586 A=1.468 B=99.924
[RX] CmdPacket target=0xFF cmd=0x0 seq=587
[TX] Immediate reply seq=587
[FWD] Forward to sub: cmd=0x0 seq=587
[RELAY] Got status from sub, seq=587
[RELAY] Got status from sub, seq=587
[TX] StatusPacket seq=587 A=2.277 B=99.055
[RELAY] Got status from sub, seq=587
[TX] StatusPacket seq=587 A=2.932 B=95.135
[RX] CmdPacket target=0xFF cmd=0x0 seq=588
[TX] Immediate reply seq=588
[FWD] Forward to sub: cmd=0x0 seq=588
[RELAY] Got status from sub, seq=588
[RELAY] Got status from sub, seq=588
[TX] StatusPacket seq=588 A=3.273 B=88.410
[RELAY] Got status from sub, seq=588
[TX] StatusPacket seq=588 A=3.217 B=79.296
[RX] CmdPacket target=0xFF cmd=0x0 seq=589
[TX] Immediate reply seq=589
[FWD] Forward to sub: cmd=0x0 seq=589
[RELAY] Got status from sub, seq=589
[RELAY] Got status from sub, seq=589
[TX] StatusPacket seq=589 A=2.777 B=68.361
[RELAY] Got status from sub, seq=589
[TX] StatusPacket seq=589 A=2.061 B=56.284
[RX] CmdPacket target=0xFF cmd=0x0 seq=590
[TX] Immediate reply seq=590
[FWD] Forward to sub: cmd=0x0 seq=590
[RELAY] Got status from sub, seq=590
[RELAY] Got status from sub, seq=590
[TX] StatusPacket seq=590 A=1.245 B=43.817
[RELAY] Got status from sub, seq=590
[TX] StatusPacket seq=590 A=0.528 B=31.734
[RX] CmdPacket target=0xFF cmd=0x0 seq=591
[TX] Immediate reply seq=591
[FWD] Forward to sub: cmd=0x0 seq=591
[RELAY] Got status from sub, seq=591
[RELAY] Got status from sub, seq=591
[TX] StatusPacket seq=591 A=0.085 B=20.786
[RELAY] Got status from sub, seq=591
[TX] StatusPacket seq=591 A=0.026 B=11.656
[RX] CmdPacket target=0xFF cmd=0x0 seq=592
[TX] Immediate reply seq=592
[FWD] Forward to sub: cmd=0x0 seq=592
[RELAY] Got status from sub, seq=592
[RELAY] Got status from sub, seq=592
[TX] StatusPacket seq=592 A=0.364 B=4.909
[RELAY] Got status from sub, seq=592
[TX] StatusPacket seq=592 A=1.017 B=0.965
[RX] CmdPacket target=0xFF cmd=0x0 seq=593
[TX] Immediate reply seq=593
[FWD] Forward to sub: cmd=0x0 seq=593
[RELAY] Got status from sub, seq=593
[RELAY] Got status from sub, seq=593
[TX] StatusPacket seq=593 A=1.825 B=0.071
[RELAY] Got status from sub, seq=593
[TX] StatusPacket seq=593 A=2.590 B=2.280
[RX] CmdPacket target=0xFF cmd=0x0 seq=594
[TX] Immediate reply seq=594
[FWD] Forward to sub: cmd=0x0 seq=594
[RELAY] Got status from sub, seq=594
[RELAY] Got status from sub, seq=594
[TX] StatusPacket seq=594 A=3.125 B=7.457
[RELAY] Got status from sub, seq=594
[TX] StatusPacket seq=594 A=3.299 B=15.279
[RX] CmdPacket target=0xFF cmd=0x0 seq=595
[TX] Immediate reply seq=595
[FWD] Forward to sub: cmd=0x0 seq=595
[RELAY] Got status from sub, seq=595
[RELAY] Got status from sub, seq=595
[TX] StatusPacket seq=595 A=3.069 B=25.260
[RELAY] Got status from sub, seq=595
[TX] StatusPacket seq=595 A=2.492 B=36.779
[RX] CmdPacket target=0xFF cmd=0x0 seq=596
[TX] Immediate reply seq=596
[FWD] Forward to sub: cmd=0x0 seq=596
[RELAY] Got status from sub, seq=596
[RELAY] Got status from sub, seq=596
[TX] StatusPacket seq=596 A=1.708 B=49.119
[RELAY] Got status from sub, seq=596
[TX] StatusPacket seq=596 A=0.910 B=61.515
[RX] CmdPacket target=0xFF cmd=0x0 seq=597
[TX] Immediate reply seq=597
[FWD] Forward to sub: cmd=0x0 seq=597
[RELAY] Got status from sub, seq=597
[RELAY] Got status from sub, seq=597
[TX] StatusPacket seq=597 A=0.294 B=73.195
[RELAY] Got status from sub, seq=597
[TX] StatusPacket seq=597 A=0.009 B=83.432
[RX] CmdPacket target=0xFF cmd=0x0 seq=598
[TX] Immediate reply seq=598
[FWD] Forward to sub: cmd=0x0 seq=598
[RELAY] Got status from sub, seq=598
[RELAY] Got status from sub, seq=598
[TX] StatusPacket seq=598 A=0.126 B=91.591
[RELAY] Got status from sub, seq=598
[TX] StatusPacket seq=598 A=0.617 B=97.164
[RX] CmdPacket target=0xFF cmd=0x0 seq=599
[TX] Immediate reply seq=599
[FWD] Forward to sub: cmd=0x0 seq=599
[RELAY] Got status from sub, seq=599
[RELAY] Got status from sub, seq=599
[TX] StatusPacket seq=599 A=1.360 B=99.805
[RELAY] Got status from sub, seq=599
[TX] StatusPacket seq=599 A=2.174 B=99.349
[RX] CmdPacket target=0xFF cmd=0x0 seq=600
[TX] Immediate reply seq=600
[FWD] Forward to sub: cmd=0x0 seq=600
[RELAY] Got status from sub, seq=600
[RELAY] Got status from sub, seq=600
[TX] StatusPacket seq=600 A=2.860 B=95.824
[RELAY] Got status from sub, seq=600
[TX] StatusPacket seq=600 A=3.250 B=89.451
[RX] CmdPacket target=0xFF cmd=0x0 seq=601
[TX] Immediate reply seq=601
[FWD] Forward to sub: cmd=0x0 seq=601
[RELAY] Got status from sub, seq=601
[RELAY] Got status from sub, seq=601
[TX] StatusPacket seq=601 A=3.248 B=80.624
[RELAY] Got status from sub, seq=601
[TX] StatusPacket seq=601 A=2.855 B=69.894
[RX] CmdPacket target=0xFF cmd=0x0 seq=602
[TX] Immediate reply seq=602
[FWD] Forward to sub: cmd=0x0 seq=602
[RELAY] Got status from sub, seq=602
[RELAY] Got status from sub, seq=602
[TX] StatusPacket seq=602 A=2.167 B=57.927
[RELAY] Got status from sub, seq=602
[TX] StatusPacket seq=602 A=1.352 B=45.466
[RX] CmdPacket target=0xFF cmd=0x0 seq=603
[TX] Immediate reply seq=603
[FWD] Forward to sub: cmd=0x0 seq=603
[RELAY] Got status from sub, seq=603
[RELAY] Got status from sub, seq=603
[TX] StatusPacket seq=603 A=0.610 B=33.288
[RELAY] Got status from sub, seq=603
[TX] StatusPacket seq=603 A=0.123 B=22.149
[RX] CmdPacket target=0xFF cmd=0x0 seq=604
[TX] Immediate reply seq=604
[FWD] Forward to sub: cmd=0x0 seq=604
[RELAY] Got status from sub, seq=604
[RELAY] Got status from sub, seq=604
[TX] StatusPacket seq=604 A=0.010 B=12.741
[RELAY] Got status from sub, seq=604
[TX] StatusPacket seq=604 A=0.298 B=5.650
[RX] CmdPacket target=0xFF cmd=0x0 seq=605
[TX] Immediate reply seq=605
[FWD] Forward to sub: cmd=0x0 seq=605
[RELAY] Got status from sub, seq=605
[RELAY] Got status from sub, seq=605
[TX] StatusPacket seq=605 A=0.917 B=1.317
[RELAY] Got status from sub, seq=605
[TX] StatusPacket seq=605 A=1.716 B=0.010
[RX] CmdPacket target=0xFF cmd=0x0 seq=606
[TX] Immediate reply seq=606
[FWD] Forward to sub: cmd=0x0 seq=606
[RELAY] Got status from sub, seq=606
[RELAY] Got status from sub, seq=606
[TX] StatusPacket seq=606 A=2.501 B=1.825
[TX] StatusPacket seq=606 A=3.073 B=6.609
[RELAY] Got status from sub, seq=606
[RX] CmdPacket target=0xFF cmd=0x0 seq=607
[TX] Immediate reply seq=607
[FWD] Forward to sub: cmd=0x0 seq=607
[RELAY] Got status from sub, seq=607
[TX] StatusPacket seq=607 A=3.299 B=14.104
[RELAY] Got status from sub, seq=607
[TX] StatusPacket seq=607 A=3.122 B=23.832
[RELAY] Got status from sub, seq=607
[RX] CmdPacket target=0xFF cmd=0x0 seq=608
[TX] Immediate reply seq=608
[TX] StatusPacket seq=608 A=2.584 B=35.186
[FWD] Forward to sub: cmd=0x0 seq=608
[RELAY] Got status from sub, seq=608
[RELAY] Got status from sub, seq=608
[TX] StatusPacket seq=608 A=1.817 B=47.461
[RELAY] Got status from sub, seq=608
[TX] StatusPacket seq=608 A=1.010 B=59.894
[RX] CmdPacket target=0xFF cmd=0x0 seq=609
[TX] Immediate reply seq=609
[FWD] Forward to sub: cmd=0x0 seq=609
[RELAY] Got status from sub, seq=609
[RELAY] Got status from sub, seq=609
[TX] StatusPacket seq=609 A=0.359 B=71.712
[RELAY] Got status from sub, seq=609
[TX] StatusPacket seq=609 A=0.024 B=82.180
[RX] CmdPacket target=0xFF cmd=0x0 seq=610
[TX] Immediate reply seq=610
[FWD] Forward to sub: cmd=0x0 seq=610
[RELAY] Got status from sub, seq=610
[RELAY] Got status from sub, seq=610
[TX] StatusPacket seq=610 A=0.088 B=90.648
[RELAY] Got status from sub, seq=610
[TX] StatusPacket seq=610 A=0.534 B=96.587
[RX] CmdPacket target=0xFF cmd=0x0 seq=611
[TX] Immediate reply seq=611
[FWD] Forward to sub: cmd=0x0 seq=611
[RELAY] Got status from sub, seq=611
[RELAY] Got status from sub, seq=611
[TX] StatusPacket seq=611 A=1.253 B=99.631
[RELAY] Got status from sub, seq=611
[TX] StatusPacket seq=611 A=2.069 B=99.588
[RX] CmdPacket target=0xFF cmd=0x0 seq=612
[TX] Immediate reply seq=612
[FWD] Forward to sub: cmd=0x0 seq=612
[RELAY] Got status from sub, seq=612
[RELAY] Got status from sub, seq=612
[TX] StatusPacket seq=612 A=2.783 B=96.463
[RELAY] Got status from sub, seq=612
[TX] StatusPacket seq=612 A=3.219 B=90.448
[RX] CmdPacket target=0xFF cmd=0x0 seq=613
[TX] Immediate reply seq=613
[FWD] Forward to sub: cmd=0x0 seq=613
[RELAY] Got status from sub, seq=613
[RELAY] Got status from sub, seq=613
[TX] StatusPacket seq=613 A=3.272 B=81.919
[RELAY] Got status from sub, seq=613
[TX] StatusPacket seq=613 A=2.927 B=71.405
[RX] CmdPacket target=0xFF cmd=0x0 seq=614
[TX] Immediate reply seq=614
[FWD] Forward to sub: cmd=0x0 seq=614
[RELAY] Got status from sub, seq=614
[RELAY] Got status from sub, seq=614
[TX] StatusPacket seq=614 A=2.269 B=59.560
[RELAY] Got status from sub, seq=614
[TX] StatusPacket seq=614 A=1.460 B=47.121
[RX] CmdPacket target=0xFF cmd=0x0 seq=615
[TX] Immediate reply seq=615
[FWD] Forward to sub: cmd=0x0 seq=615
[RELAY] Got status from sub, seq=615
[RELAY] Got status from sub, seq=615
[TX] StatusPacket seq=615 A=0.698 B=34.861
[RELAY] Got status from sub, seq=615
[TX] StatusPacket seq=615 A=0.168 B=23.542
[RX] CmdPacket target=0xFF cmd=0x0 seq=616
[TX] Immediate reply seq=616
[FWD] Forward to sub: cmd=0x0 seq=616
[RELAY] Got status from sub, seq=616
[RELAY] Got status from sub, seq=616
[TX] StatusPacket seq=616 A=0.002 B=13.868
[RELAY] Got status from sub, seq=616
[TX] StatusPacket seq=616 A=0.239 B=6.441
[RX] CmdPacket target=0xFF cmd=0x0 seq=617
[TX] Immediate reply seq=617
[FWD] Forward to sub: cmd=0x0 seq=617
[RELAY] Got status from sub, seq=617
[RELAY] Got status from sub, seq=617
[TX] StatusPacket seq=617 A=0.821 B=1.722
[RELAY] Got status from sub, seq=617
[TX] StatusPacket seq=617 A=1.606 B=0.004
[RX] CmdPacket target=0xFF cmd=0x0 seq=618
[TX] Immediate reply seq=618
[FWD] Forward to sub: cmd=0x0 seq=618
[RELAY] Got status from sub, seq=618
[RELAY] Got status from sub, seq=618
[TX] StatusPacket seq=618 A=2.403 B=1.395
[RELAY] Got status from sub, seq=618
[TX] StatusPacket seq=618 A=3.014 B=5.809
[RX] CmdPacket target=0xFF cmd=0x0 seq=619
[TX] Immediate reply seq=619
[FWD] Forward to sub: cmd=0x0 seq=619
[RELAY] Got status from sub, seq=619
[RELAY] Got status from sub, seq=619
[TX] StatusPacket seq=619 A=3.292 B=12.969
[RELAY] Got status from sub, seq=619
[TX] StatusPacket seq=619 A=3.168 B=22.432
[RX] CmdPacket target=0xFF cmd=0x0 seq=620
[TX] Immediate reply seq=620
[FWD] Forward to sub: cmd=0x0 seq=620
[RELAY] Got status from sub, seq=620
[RELAY] Got status from sub, seq=620
[TX] StatusPacket seq=620 A=2.672 B=33.610
[RELAY] Got status from sub, seq=620
[TX] StatusPacket seq=620 A=1.926 B=45.806
[RX] CmdPacket target=0xFF cmd=0x0 seq=621
[TX] Immediate reply seq=621
[FWD] Forward to sub: cmd=0x0 seq=621
[RELAY] Got status from sub, seq=621
[RELAY] Got status from sub, seq=621
[TX] StatusPacket seq=621 A=1.112 B=58.263
[RELAY] Got status from sub, seq=621
[TX] StatusPacket seq=621 A=0.430 B=70.206
[RX] CmdPacket target=0xFF cmd=0x0 seq=622
[TX] Immediate reply seq=622
[FWD] Forward to sub: cmd=0x0 seq=622
[RELAY] Got status from sub, seq=622
[RELAY] Got status from sub, seq=622
[TX] StatusPacket seq=622 A=0.047 B=80.893
[RELAY] Got status from sub, seq=622
[TX] StatusPacket seq=622 A=0.056 B=89.659
[RX] CmdPacket target=0xFF cmd=0x0 seq=623
[TX] Immediate reply seq=623
[FWD] Forward to sub: cmd=0x0 seq=623
[RELAY] Got status from sub, seq=623
[RELAY] Got status from sub, seq=623
[TX] StatusPacket seq=623 A=0.455 B=95.959
[RELAY] Got status from sub, seq=623
[TX] StatusPacket seq=623 A=1.147 B=99.402
[RX] CmdPacket target=0xFF cmd=0x0 seq=624
[TX] Immediate reply seq=624
[FWD] Forward to sub: cmd=0x0 seq=624
[RELAY] Got status from sub, seq=624
[RELAY] Got status from sub, seq=624
[TX] StatusPacket seq=624 A=1.962 B=99.774
[RELAY] Got status from sub, seq=624
[TX] StatusPacket seq=624 A=2.701 B=97.050
[RX] CmdPacket target=0xFF cmd=0x0 seq=625
[TX] Immediate reply seq=625
[FWD] Forward to sub: cmd=0x0 seq=625
[RELAY] Got status from sub, seq=625
[RELAY] Got status from sub, seq=625
[TX] StatusPacket seq=625 A=3.182 B=91.401
[RELAY] Got status from sub, seq=625
[TX] StatusPacket seq=625 A=3.288 B=83.178
[RX] CmdPacket target=0xFF cmd=0x0 seq=626
[TX] Immediate reply seq=626
[FWD] Forward to sub: cmd=0x0 seq=626
[RELAY] Got status from sub, seq=626
[RELAY] Got status from sub, seq=626
[TX] StatusPacket seq=626 A=2.993 B=72.893
[RELAY] Got status from sub, seq=626
[TX] StatusPacket seq=626 A=2.369 B=61.183
[RX] CmdPacket target=0xFF cmd=0x0 seq=627
[TX] Immediate reply seq=627
[FWD] Forward to sub: cmd=0x0 seq=627
[RELAY] Got status from sub, seq=627
[RELAY] Got status from sub, seq=627
[TX] StatusPacket seq=627 A=1.569 B=48.779
[RELAY] Got status from sub, seq=627
[TX] StatusPacket seq=627 A=0.789 B=36.450
[RX] CmdPacket target=0xFF cmd=0x0 seq=628
[TX] Immediate reply seq=628
[FWD] Forward to sub: cmd=0x0 seq=628
[RELAY] Got status from sub, seq=628
[RELAY] Got status from sub, seq=628
[TX] StatusPacket seq=628 A=0.220 B=24.964
[RELAY] Got status from sub, seq=628
[TX] StatusPacket seq=628 A=0.000 B=15.035
[RX] CmdPacket target=0xFF cmd=0x0 seq=629
[TX] Immediate reply seq=629
[FWD] Forward to sub: cmd=0x0 seq=629
[RELAY] Got status from sub, seq=629
[RELAY] Got status from sub, seq=629
[TX] StatusPacket seq=629 A=0.185 B=7.279
[RELAY] Got status from sub, seq=629
[TX] StatusPacket seq=629 A=0.728 B=2.180
[RX] CmdPacket target=0xFF cmd=0x0 seq=630
[TX] Immediate reply seq=630
[FWD] Forward to sub: cmd=0x0 seq=630
[RELAY] Got status from sub, seq=630
[RELAY] Got status from sub, seq=630
[TX] StatusPacket seq=630 A=1.497 B=0.054
[RELAY] Got status from sub, seq=630
[TX] StatusPacket seq=630 A=2.304 B=1.033
[RX] CmdPacket target=0xFF cmd=0x0 seq=631
[TX] Immediate reply seq=631
[FWD] Forward to sub: cmd=0x0 seq=631
[RELAY] Got status from sub, seq=631
[RELAY] Got status from sub, seq=631
[TX] StatusPacket seq=631 A=2.950 B=5.057
[RELAY] Got status from sub, seq=631
[TX] StatusPacket seq=631 A=3.278 B=11.875
[RX] CmdPacket target=0xFF cmd=0x0 seq=632
[TX] Immediate reply seq=632
[FWD] Forward to sub: cmd=0x0 seq=632
[RELAY] Got status from sub, seq=632
[RELAY] Got status from sub, seq=632
[TX] StatusPacket seq=632 A=3.207 B=21.064
[RELAY] Got status from sub, seq=632
[TX] StatusPacket seq=632 A=2.756 B=32.051
[RX] CmdPacket target=0xFF cmd=0x0 seq=633
[TX] Immediate reply seq=633
[FWD] Forward to sub: cmd=0x0 seq=633
[RELAY] Got status from sub, seq=633
[RELAY] Got status from sub, seq=633
[TX] StatusPacket seq=633 A=2.033 B=44.155
[RELAY] Got status from sub, seq=633
[TX] StatusPacket seq=633 A=1.217 B=56.622
[RX] CmdPacket target=0xFF cmd=0x0 seq=634
[TX] Immediate reply seq=634
[FWD] Forward to sub: cmd=0x0 seq=634
[RELAY] Got status from sub, seq=634
[RELAY] Got status from sub, seq=634
[TX] StatusPacket seq=634 A=0.507 B=68.677
[RELAY] Got status from sub, seq=634
[TX] StatusPacket seq=634 A=0.076 B=79.572
[RX] CmdPacket target=0xFF cmd=0x0 seq=635
[TX] Immediate reply seq=635
[FWD] Forward to sub: cmd=0x0 seq=635
[RELAY] Got status from sub, seq=635
[RELAY] Got status from sub, seq=635
[TX] StatusPacket seq=635 A=0.031 B=88.627
[RELAY] Got status from sub, seq=635
[TX] StatusPacket seq=635 A=0.383 B=95.281
[RX] CmdPacket target=0xFF cmd=0x0 seq=636
[TX] Immediate reply seq=636
[FWD] Forward to sub: cmd=0x0 seq=636
[RELAY] Got status from sub, seq=636
[RELAY] Got status from sub, seq=636
[TX] StatusPacket seq=636 A=1.044 B=99.119
[RELAY] Got status from sub, seq=636
[TX] StatusPacket seq=636 A=1.854 B=99.904
[RX] CmdPacket target=0xFF cmd=0x0 seq=637
[TX] Immediate reply seq=637
[FWD] Forward to sub: cmd=0x0 seq=637
[RELAY] Got status from sub, seq=637
[RELAY] Got status from sub, seq=637
[TX] StatusPacket seq=637 A=2.617 B=97.570
[TX] StatusPacket seq=637 A=3.138 B=92.309
[RELAY] Got status from sub, seq=637
[RX] CmdPacket target=0xFF cmd=0x0 seq=638
[TX] Immediate reply seq=638
[FWD] Forward to sub: cmd=0x0 seq=638
[RELAY] Got status from sub, seq=638
[TX] StatusPacket seq=638 A=3.298 B=84.401
[RELAY] Got status from sub, seq=638
[TX] StatusPacket seq=638 A=3.054 B=74.355
[RELAY] Got status from sub, seq=638
[RX] CmdPacket target=0xFF cmd=0x0 seq=639
[TX] Immediate reply seq=639
[TX] StatusPacket seq=639 A=2.466 B=62.794
[FWD] Forward to sub: cmd=0x0 seq=639
[RELAY] Got status from sub, seq=639
[RELAY] Got status from sub, seq=639
[TX] StatusPacket seq=639 A=1.679 B=50.438
[RELAY] Got status from sub, seq=639
[TX] StatusPacket seq=639 A=0.884 B=38.055
[RX] CmdPacket target=0xFF cmd=0x0 seq=640
[TX] Immediate reply seq=640
[FWD] Forward to sub: cmd=0x0 seq=640
[RELAY] Got status from sub, seq=640
[RELAY] Got status from sub, seq=640
[TX] StatusPacket seq=640 A=0.277 B=26.414
[RELAY] Got status from sub, seq=640
[TX] StatusPacket seq=640 A=0.006 B=16.240
[RX] CmdPacket target=0xFF cmd=0x0 seq=641
[TX] Immediate reply seq=641
[FWD] Forward to sub: cmd=0x0 seq=641
[RELAY] Got status from sub, seq=641
[RELAY] Got status from sub, seq=641
[TX] StatusPacket seq=641 A=0.138 B=8.165
[RELAY] Got status from sub, seq=641
[TX] StatusPacket seq=641 A=0.640 B=2.691
[RX] CmdPacket target=0xFF cmd=0x0 seq=642
[TX] Immediate reply seq=642
[FWD] Forward to sub: cmd=0x0 seq=642
[RELAY] Got status from sub, seq=642
[RELAY] Got status from sub, seq=642
[TX] StatusPacket seq=642 A=1.389 B=0.158
[RELAY] Got status from sub, seq=642
[TX] StatusPacket seq=642 A=2.202 B=0.725
[RX] CmdPacket target=0xFF cmd=0x0 seq=643
[TX] Immediate reply seq=643
[FWD] Forward to sub: cmd=0x0 seq=643
[RELAY] Got status from sub, seq=643
[RELAY] Got status from sub, seq=643
[TX] StatusPacket seq=643 A=2.880 B=4.355
[RELAY] Got status from sub, seq=643
[TX] StatusPacket seq=643 A=3.257 B=10.823
[RX] CmdPacket target=0xFF cmd=0x0 seq=644
[TX] Immediate reply seq=644
[FWD] Forward to sub: cmd=0x0 seq=644
[RELAY] Got status from sub, seq=644
[RELAY] Got status from sub, seq=644
[TX] StatusPacket seq=644 A=3.240 B=19.727
[RELAY] Got status from sub, seq=644
[TX] StatusPacket seq=644 A=2.834 B=30.513
[RX] CmdPacket target=0xFF cmd=0x0 seq=645
[TX] Immediate reply seq=645
[FWD] Forward to sub: cmd=0x0 seq=645
[RELAY] Got status from sub, seq=645
[RELAY] Got status from sub, seq=645
[TX] StatusPacket seq=645 A=2.139 B=42.511
[RELAY] Got status from sub, seq=645
[TX] StatusPacket seq=645 A=1.323 B=54.974
[RX] CmdPacket target=0xFF cmd=0x0 seq=646
[TX] Immediate reply seq=646
[FWD] Forward to sub: cmd=0x0 seq=646
[RELAY] Got status from sub, seq=646
[RELAY] Got status from sub, seq=646
[TX] StatusPacket seq=646 A=0.588 B=67.128
[RELAY] Got status from sub, seq=646
[TX] StatusPacket seq=646 A=0.113 B=78.218
[RX] CmdPacket target=0xFF cmd=0x0 seq=647
[TX] Immediate reply seq=647
[FWD] Forward to sub: cmd=0x0 seq=647
[RELAY] Got status from sub, seq=647
[RELAY] Got status from sub, seq=647
[TX] StatusPacket seq=647 A=0.014 B=87.552
[RELAY] Got status from sub, seq=647
[TX] StatusPacket seq=647 A=0.315 B=94.552
[RX] CmdPacket target=0xFF cmd=0x0 seq=648
[TX] Immediate reply seq=648
[FWD] Forward to sub: cmd=0x0 seq=648
[RELAY] Got status from sub, seq=648
[RELAY] Got status from sub, seq=648
[TX] StatusPacket seq=648 A=0.944 B=98.782
[RELAY] Got status from sub, seq=648
[TX] StatusPacket seq=648 A=1.745 B=99.979
[RX] CmdPacket target=0xFF cmd=0x0 seq=649
[TX] Immediate reply seq=649
[FWD] Forward to sub: cmd=0x0 seq=649
[RELAY] Got status from sub, seq=649
[RELAY] Got status from sub, seq=649
[TX] StatusPacket seq=649 A=2.523 B=98.069
[RELAY] Got status from sub, seq=649
[TX] StatusPacket seq=649 A=3.088 B=93.169
[RX] CmdPacket target=0xFF cmd=0x0 seq=650
[TX] Immediate reply seq=650
[FWD] Forward to sub: cmd=0x0 seq=650
[RELAY] Got status from sub, seq=650
[RELAY] Got status from sub, seq=650
[TX] StatusPacket seq=650 A=3.300 B=85.586
[RELAY] Got status from sub, seq=650
[TX] StatusPacket seq=650 A=3.108 B=75.790
[RX] CmdPacket target=0xFF cmd=0x0 seq=651
[TX] Immediate reply seq=651
[FWD] Forward to sub: cmd=0x0 seq=651
[RELAY] Got status from sub, seq=651
[RELAY] Got status from sub, seq=651
[TX] StatusPacket seq=651 A=2.560 B=64.391
[RELAY] Got status from sub, seq=651
[TX] StatusPacket seq=651 A=1.788 B=52.097
[RX] CmdPacket target=0xFF cmd=0x0 seq=652
[TX] Immediate reply seq=652
[FWD] Forward to sub: cmd=0x0 seq=652
[RELAY] Got status from sub, seq=652
[RELAY] Got status from sub, seq=652
[TX] StatusPacket seq=652 A=0.983 B=39.672
[RELAY] Got status from sub, seq=652
[TX] StatusPacket seq=652 A=0.341 B=27.890
[RX] CmdPacket target=0xFF cmd=0x0 seq=653
[TX] Immediate reply seq=653
[FWD] Forward to sub: cmd=0x0 seq=653
[RELAY] Got status from sub, seq=653
[RELAY] Got status from sub, seq=653
[TX] StatusPacket seq=653 A=0.020 B=17.482
[RELAY] Got status from sub, seq=653
[TX] StatusPacket seq=653 A=0.097 B=9.096
[RX] CmdPacket target=0xFF cmd=0x0 seq=654
[TX] Immediate reply seq=654
[FWD] Forward to sub: cmd=0x0 seq=654
[RELAY] Got status from sub, seq=654
[RELAY] Got status from sub, seq=654
[TX] StatusPacket seq=654 A=0.555 B=3.254
[RELAY] Got status from sub, seq=654
[TX] StatusPacket seq=654 A=1.281 B=0.317
[RX] CmdPacket target=0xFF cmd=0x0 seq=655
[TX] Immediate reply seq=655
[FWD] Forward to sub: cmd=0x0 seq=655
[RELAY] Got status from sub, seq=655
[RELAY] Got status from sub, seq=655
[TX] StatusPacket seq=655 A=2.097 B=0.470
[RELAY] Got status from sub, seq=655
[TX] StatusPacket seq=655 A=2.804 B=3.703
[RX] CmdPacket target=0xFF cmd=0x0 seq=656
[TX] Immediate reply seq=656
[FWD] Forward to sub: cmd=0x0 seq=656
[RELAY] Got status from sub, seq=656
[RELAY] Got status from sub, seq=656
[TX] StatusPacket seq=656 A=3.228 B=9.813
[RELAY] Got status from sub, seq=656
[TX] StatusPacket seq=656 A=3.266 B=18.423
[RX] CmdPacket target=0xFF cmd=0x0 seq=657
[TX] Immediate reply seq=657
[FWD] Forward to sub: cmd=0x0 seq=657
[RELAY] Got status from sub, seq=657
[RELAY] Got status from sub, seq=657
[TX] StatusPacket seq=657 A=2.908 B=28.996
[RELAY] Got status from sub, seq=657
[TX] StatusPacket seq=657 A=2.242 B=40.874
[RX] CmdPacket target=0xFF cmd=0x0 seq=658
[TX] Immediate reply seq=658
[FWD] Forward to sub: cmd=0x0 seq=658
[RELAY] Got status from sub, seq=658
[RELAY] Got status from sub, seq=658
[TX] StatusPacket seq=658 A=1.431 B=53.321
[RELAY] Got status from sub, seq=658
[TX] StatusPacket seq=658 A=0.674 B=65.560
[RX] CmdPacket target=0xFF cmd=0x0 seq=659
[TX] Immediate reply seq=659
[FWD] Forward to sub: cmd=0x0 seq=659
[RELAY] Got status from sub, seq=659
[RELAY] Got status from sub, seq=659
[TX] StatusPacket seq=659 A=0.156 B=76.832
[RELAY] Got status from sub, seq=659
[TX] StatusPacket seq=659 A=0.003 B=86.436
[RX] CmdPacket target=0xFF cmd=0x0 seq=660
[TX] Immediate reply seq=660
[FWD] Forward to sub: cmd=0x0 seq=660
[RELAY] Got status from sub, seq=660
[RELAY] Got status from sub, seq=660
[TX] StatusPacket seq=660 A=0.254 B=93.775
[RELAY] Got status from sub, seq=660
[TX] StatusPacket seq=660 A=0.846 B=98.392
[RX] CmdPacket target=0xFF cmd=0x0 seq=661
[TX] Immediate reply seq=661
[FWD] Forward to sub: cmd=0x0 seq=661
[RELAY] Got status from sub, seq=661
[RELAY] Got status from sub, seq=661
[TX] StatusPacket seq=661 A=1.636 B=100.000
[RELAY] Got status from sub, seq=661
[TX] StatusPacket seq=661 A=2.428 B=98.499
[RX] CmdPacket target=0xFF cmd=0x0 seq=662
[TX] Immediate reply seq=662
[FWD] Forward to sub: cmd=0x0 seq=662
[RELAY] Got status from sub, seq=662
[RELAY] Got status from sub, seq=662
[TX] StatusPacket seq=662 A=3.031 B=93.983
[RELAY] Got status from sub, seq=662
[TX] StatusPacket seq=662 A=3.295 B=86.732
[RX] CmdPacket target=0xFF cmd=0x0 seq=663
[TX] Immediate reply seq=663
[FWD] Forward to sub: cmd=0x0 seq=663
[RELAY] Got status from sub, seq=663
[RELAY] Got status from sub, seq=663
[TX] StatusPacket seq=663 A=3.156 B=77.197
[RELAY] Got status from sub, seq=663
[TX] StatusPacket seq=663 A=2.649 B=65.972
[RX] CmdPacket target=0xFF cmd=0x0 seq=664
[TX] Immediate reply seq=664
[FWD] Forward to sub: cmd=0x0 seq=664
[RELAY] Got status from sub, seq=664
[RELAY] Got status from sub, seq=664
[TX] StatusPacket seq=664 A=1.897 B=53.753
[RELAY] Got status from sub, seq=664
[TX] StatusPacket seq=664 A=1.085 B=41.301
[RX] CmdPacket target=0xFF cmd=0x0 seq=665
[TX] Immediate reply seq=665
[FWD] Forward to sub: cmd=0x0 seq=665
[RELAY] Got status from sub, seq=665
[RELAY] Got status from sub, seq=665
[TX] StatusPacket seq=665 A=0.411 B=29.390
[RELAY] Got status from sub, seq=665
[TX] StatusPacket seq=665 A=0.040 B=18.760
[RX] CmdPacket target=0xFF cmd=0x0 seq=666
[TX] Immediate reply seq=666
[FWD] Forward to sub: cmd=0x0 seq=666
[RELAY] Got status from sub, seq=666
[RELAY] Got status from sub, seq=666
[TX] StatusPacket seq=666 A=0.064 B=10.073
[RELAY] Got status from sub, seq=666
[TX] StatusPacket seq=666 A=0.476 B=3.868
[RX] CmdPacket target=0xFF cmd=0x0 seq=667
[TX] Immediate reply seq=667
[FWD] Forward to sub: cmd=0x0 seq=667
[RELAY] Got status from sub, seq=667
[RELAY] Got status from sub, seq=667
[TX] StatusPacket seq=667 A=1.175 B=0.531
[RELAY] Got status from sub, seq=667
[TX] StatusPacket seq=667 A=1.991 B=0.271
[RX] CmdPacket target=0xFF cmd=0x0 seq=668
[TX] Immediate reply seq=668
[FWD] Forward to sub: cmd=0x0 seq=668
[RELAY] Got status from sub, seq=668
[RELAY] Got status from sub, seq=668
[TX] StatusPacket seq=668 A=2.723 B=3.102
[RELAY] Got status from sub, seq=668
[TX] StatusPacket seq=668 A=3.194 B=8.877
[RX] CmdPacket target=0xFF cmd=0x0 seq=669
[TX] Immediate reply seq=669
[FWD] Forward to sub: cmd=0x0 seq=669
[RELAY] Got status from sub, seq=669
[TX] StatusPacket seq=669 A=3.284 B=17.154
[RELAY] Got status from sub, seq=669
[TX] StatusPacket seq=669 A=2.976 B=27.502
[RELAY] Got status from sub, seq=669
[RX] CmdPacket target=0xFF cmd=0x0 seq=670
[TX] Immediate reply seq=670
[FWD] Forward to sub: cmd=0x0 seq=670
[RELAY] Got status from sub, seq=670
[TX] StatusPacket seq=670 A=2.340 B=39.298
[RELAY] Got status from sub, seq=670
[TX] StatusPacket seq=670 A=1.540 B=51.663
[RELAY] Got status from sub, seq=670
[TX] StatusPacket seq=670 A=0.764 B=63.975
[TX] StatusPacket seq=670 A=0.205 B=75.418
[RELAY] Got status from sub, seq=670
[TX] StatusPacket seq=670 A=0.000 B=85.280
[RX] CmdPacket target=0xFF cmd=0x0 seq=672
[TX] Immediate reply seq=672
[FWD] Forward to sub: cmd=0x0 seq=672
[RELAY] Got status from sub, seq=672
[RELAY] Got status from sub, seq=672
[TX] StatusPacket seq=672 A=0.199 B=92.949
[RELAY] Got status from sub, seq=672
[TX] StatusPacket seq=672 A=0.753 B=97.947
[RX] CmdPacket target=0xFF cmd=0x0 seq=673
[TX] Immediate reply seq=673
[FWD] Forward to sub: cmd=0x0 seq=673
[RELAY] Got status from sub, seq=673
[RELAY] Got status from sub, seq=673
[TX] StatusPacket seq=673 A=1.526 B=99.965
[RELAY] Got status from sub, seq=673
[TX] StatusPacket seq=673 A=2.330 B=98.876
[RX] CmdPacket target=0xFF cmd=0x0 seq=674
[TX] Immediate reply seq=674
[FWD] Forward to sub: cmd=0x0 seq=674
[RELAY] Got status from sub, seq=674
[RELAY] Got status from sub, seq=674
[TX] StatusPacket seq=674 A=2.968 B=94.747
[RELAY] Got status from sub, seq=674
[TX] StatusPacket seq=674 A=3.282 B=87.837
[RX] CmdPacket target=0xFF cmd=0x0 seq=675
[TX] Immediate reply seq=675
[FWD] Forward to sub: cmd=0x0 seq=675
[RELAY] Got status from sub, seq=675
[RELAY] Got status from sub, seq=675
[TX] StatusPacket seq=675 A=3.198 B=78.574
[RELAY] Got status from sub, seq=675
[TX] StatusPacket seq=675 A=2.734 B=67.535
[RX] CmdPacket target=0xFF cmd=0x0 seq=676
[TX] Immediate reply seq=676
[FWD] Forward to sub: cmd=0x0 seq=676
[RELAY] Got status from sub, seq=676
[RELAY] Got status from sub, seq=676
[TX] StatusPacket seq=676 A=2.005 B=55.405
[RELAY] Got status from sub, seq=676
[TX] StatusPacket seq=676 A=1.189 B=42.940
[RX] CmdPacket target=0xFF cmd=0x0 seq=677
[TX] Immediate reply seq=677
[FWD] Forward to sub: cmd=0x0 seq=677
[RELAY] Got status from sub, seq=677
[RELAY] Got status from sub, seq=677
[TX] StatusPacket seq=677 A=0.486 B=30.913
[RELAY] Got status from sub, seq=677
[TX] StatusPacket seq=677 A=0.068 B=20.073
[RX] CmdPacket target=0xFF cmd=0x0 seq=678
[TX] Immediate reply seq=678
[FWD] Forward to sub: cmd=0x0 seq=678
[RELAY] Got status from sub, seq=678
[RELAY] Got status from sub, seq=678
[TX] StatusPacket seq=678 A=0.037 B=11.093
[RELAY] Got status from sub, seq=678
[TX] StatusPacket seq=678 A=0.401 B=4.533
[RX] CmdPacket target=0xFF cmd=0x0 seq=679
[TX] Immediate reply seq=679
[FWD] Forward to sub: cmd=0x0 seq=679
[RELAY] Got status from sub, seq=679
[RELAY] Got status from sub, seq=679
[TX] StatusPacket seq=679 A=1.071 B=0.800
[RELAY] Got status from sub, seq=679
[TX] StatusPacket seq=679 A=1.883 B=0.126
[RX] CmdPacket target=0xFF cmd=0x0 seq=680
[TX] Immediate reply seq=680
[FWD] Forward to sub: cmd=0x0 seq=680
[RELAY] Got status from sub, seq=680
[RELAY] Got status from sub, seq=680
[TX] StatusPacket seq=680 A=2.638 B=2.552
[RELAY] Got status from sub, seq=680
[TX] StatusPacket seq=680 A=3.150 B=7.929
[RX] CmdPacket target=0xFF cmd=0x0 seq=681
[TX] Immediate reply seq=681
[FWD] Forward to sub: cmd=0x0 seq=681
[RELAY] Got status from sub, seq=681
[RELAY] Got status from sub, seq=681
[TX] StatusPacket seq=681 A=3.296 B=15.921
[RELAY] Got status from sub, seq=681
[TX] StatusPacket seq=681 A=3.038 B=26.033
[RX] CmdPacket target=0xFF cmd=0x0 seq=682
[TX] Immediate reply seq=682
[FWD] Forward to sub: cmd=0x0 seq=682
[RELAY] Got status from sub, seq=682
[RELAY] Got status from sub, seq=682
[TX] StatusPacket seq=682 A=2.441 B=37.634
[RELAY] Got status from sub, seq=682
[TX] StatusPacket seq=682 A=1.650 B=50.005
[RX] CmdPacket target=0xFF cmd=0x0 seq=683
[TX] Immediate reply seq=683
[FWD] Forward to sub: cmd=0x0 seq=683
[RELAY] Got status from sub, seq=683
[RELAY] Got status from sub, seq=683
[TX] StatusPacket seq=683 A=0.859 B=62.375
[RELAY] Got status from sub, seq=683
[TX] StatusPacket seq=683 A=0.261 B=73.975
[RX] CmdPacket target=0xFF cmd=0x0 seq=684
[TX] Immediate reply seq=684
[FWD] Forward to sub: cmd=0x0 seq=684
[RELAY] Got status from sub, seq=684
[RELAY] Got status from sub, seq=684
[TX] StatusPacket seq=684 A=0.004 B=84.085
[RELAY] Got status from sub, seq=684
[TX] StatusPacket seq=684 A=0.150 B=92.076
[RX] CmdPacket target=0xFF cmd=0x0 seq=685
[TX] Immediate reply seq=685
[FWD] Forward to sub: cmd=0x0 seq=685
[RELAY] Got status from sub, seq=685
[RELAY] Got status from sub, seq=685
[TX] StatusPacket seq=685 A=0.663 B=97.451
[RELAY] Got status from sub, seq=685
[TX] StatusPacket seq=685 A=1.417 B=99.875
[RX] CmdPacket target=0xFF cmd=0x0 seq=686
[TX] Immediate reply seq=686
[FWD] Forward to sub: cmd=0x0 seq=686
[RELAY] Got status from sub, seq=686
[RELAY] Got status from sub, seq=686
[TX] StatusPacket seq=686 A=2.229 B=99.198
[RELAY] Got status from sub, seq=686
[TX] StatusPacket seq=686 A=2.899 B=95.463
[RX] CmdPacket target=0xFF cmd=0x0 seq=687
[TX] Immediate reply seq=687
[FWD] Forward to sub: cmd=0x0 seq=687
[RELAY] Got status from sub, seq=687
[RELAY] Got status from sub, seq=687
[TX] StatusPacket seq=687 A=3.263 B=88.901
[RELAY] Got status from sub, seq=687
[TX] StatusPacket seq=687 A=3.232 B=79.920
[RX] CmdPacket target=0xFF cmd=0x0 seq=688
[TX] Immediate reply seq=688
[FWD] Forward to sub: cmd=0x0 seq=688
[RELAY] Got status from sub, seq=688
[RELAY] Got status from sub, seq=688
[TX] StatusPacket seq=688 A=2.814 B=69.079
[RELAY] Got status from sub, seq=688
[TX] StatusPacket seq=688 A=2.111 B=57.052
[RX] CmdPacket target=0xFF cmd=0x0 seq=689
[TX] Immediate reply seq=689
[FWD] Forward to sub: cmd=0x0 seq=689
[RELAY] Got status from sub, seq=689
[RELAY] Got status from sub, seq=689
[TX] StatusPacket seq=689 A=1.295 B=44.586
[RELAY] Got status from sub, seq=689
[TX] StatusPacket seq=689 A=0.566 B=32.457
[RX] CmdPacket target=0xFF cmd=0x0 seq=690
[TX] Immediate reply seq=690
[FWD] Forward to sub: cmd=0x0 seq=690
[RELAY] Got status from sub, seq=690
[RELAY] Got status from sub, seq=690
[TX] StatusPacket seq=690 A=0.102 B=21.418
[RELAY] Got status from sub, seq=690
[TX] StatusPacket seq=690 A=0.018 B=12.157
[RX] CmdPacket target=0xFF cmd=0x0 seq=691
[TX] Immediate reply seq=691
[FWD] Forward to sub: cmd=0x0 seq=691
[RELAY] Got status from sub, seq=691
[RELAY] Got status from sub, seq=691
[TX] StatusPacket seq=691 A=0.333 B=5.249
[RELAY] Got status from sub, seq=691
[TX] StatusPacket seq=691 A=0.970 B=1.123
[RX] CmdPacket target=0xFF cmd=0x0 seq=692
[TX] Immediate reply seq=692
[FWD] Forward to sub: cmd=0x0 seq=692
[RELAY] Got status from sub, seq=692
[RELAY] Got status from sub, seq=692
[TX] StatusPacket seq=692 A=1.774 B=0.036
[RELAY] Got status from sub, seq=692
[TX] StatusPacket seq=692 A=2.548 B=2.055
[RX] CmdPacket target=0xFF cmd=0x0 seq=693
[TX] Immediate reply seq=693
[FWD] Forward to sub: cmd=0x0 seq=693
[RELAY] Got status from sub, seq=693
[RELAY] Got status from sub, seq=693
[TX] StatusPacket seq=693 A=3.102 B=7.056
[RELAY] Got status from sub, seq=693
[TX] StatusPacket seq=693 A=3.300 B=14.726
[RX] CmdPacket target=0xFF cmd=0x0 seq=694
[TX] Immediate reply seq=694
[FWD] Forward to sub: cmd=0x0 seq=694
[RELAY] Got status from sub, seq=694
[RELAY] Got status from sub, seq=694
[TX] StatusPacket seq=694 A=3.094 B=24.590
[RELAY] Got status from sub, seq=694
[TX] StatusPacket seq=694 A=2.535 B=36.034
[RX] CmdPacket target=0xFF cmd=0x0 seq=695
[TX] Immediate reply seq=695
[FWD] Forward to sub: cmd=0x0 seq=695
[RELAY] Got status from sub, seq=695
[RELAY] Got status from sub, seq=695
[TX] StatusPacket seq=695 A=1.759 B=48.346
[RELAY] Got status from sub, seq=695
[TX] StatusPacket seq=695 A=0.956 B=60.760
[RX] CmdPacket target=0xFF cmd=0x0 seq=696
[TX] Immediate reply seq=696
[FWD] Forward to sub: cmd=0x0 seq=696
[RELAY] Got status from sub, seq=696
[RELAY] Got status from sub, seq=696
[TX] StatusPacket seq=696 A=0.324 B=72.506
[RELAY] Got status from sub, seq=696
[TX] StatusPacket seq=696 A=0.015 B=82.853
[RX] CmdPacket target=0xFF cmd=0x0 seq=697
[TX] Immediate reply seq=697
[FWD] Forward to sub: cmd=0x0 seq=697
[RELAY] Got status from sub, seq=697
[RELAY] Got status from sub, seq=697
[TX] StatusPacket seq=697 A=0.108 B=91.157
[RELAY] Got status from sub, seq=697
[TX] StatusPacket seq=697 A=0.577 B=96.902
[RX] CmdPacket target=0xFF cmd=0x0 seq=698
[TX] Immediate reply seq=698
[FWD] Forward to sub: cmd=0x0 seq=698
[RELAY] Got status from sub, seq=698
[RELAY] Got status from sub, seq=698
[TX] StatusPacket seq=698 A=1.310 B=99.730
[RELAY] Got status from sub, seq=698
[TX] StatusPacket seq=698 A=2.125 B=99.467
[RX] CmdPacket target=0xFF cmd=0x0 seq=699
[TX] Immediate reply seq=699
[FWD] Forward to sub: cmd=0x0 seq=699
[RELAY] Got status from sub, seq=699
[RELAY] Got status from sub, seq=699
[TX] StatusPacket seq=699 A=2.827 B=96.109
[TX] StatusPacket seq=699 A=3.236 B=89.922
[RX] CmdPacket target=0xFF cmd=0x0 seq=700
[TX] Immediate reply seq=700
[FWD] Forward to sub: cmd=0x0 seq=700
[RELAY] Got status from sub, seq=700
[TX] StatusPacket seq=700 A=3.260 B=81.233
[RELAY] Got status from sub, seq=700
[TX] StatusPacket seq=700 A=2.889 B=70.602
[RELAY] Got status from sub, seq=700
[RX] CmdPacket target=0xFF cmd=0x0 seq=701
[TX] Immediate reply seq=701
[FWD] Forward to sub: cmd=0x0 seq=701
[RELAY] Got status from sub, seq=701
[TX] StatusPacket seq=701 A=2.212 B=58.640
[RELAY] Got status from sub, seq=701
[TX] StatusPacket seq=701 A=1.402 B=46.238
[RELAY] Got status from sub, seq=701
[TX] StatusPacket seq=701 A=0.651 B=34.020
[RX] CmdPacket target=0xFF cmd=0x0 seq=702
[TX] Immediate reply seq=702
[FWD] Forward to sub: cmd=0x0 seq=702
[RELAY] Got status from sub, seq=702
[RELAY] Got status from sub, seq=702
[TX] StatusPacket seq=702 A=0.144 B=22.795
[RELAY] Got status from sub, seq=702
[TX] StatusPacket seq=702 A=0.005 B=13.262
[RX] CmdPacket target=0xFF cmd=0x0 seq=703
[TX] Immediate reply seq=703
[FWD] Forward to sub: cmd=0x0 seq=703
[RELAY] Got status from sub, seq=703
[RELAY] Got status from sub, seq=703
[TX] StatusPacket seq=703 A=0.270 B=6.013
[RELAY] Got status from sub, seq=703
[TX] StatusPacket seq=703 A=0.872 B=1.499
[RX] CmdPacket target=0xFF cmd=0x0 seq=704
[TX] Immediate reply seq=704
[FWD] Forward to sub: cmd=0x0 seq=704
[RELAY] Got status from sub, seq=704
[RELAY] Got status from sub, seq=704
[TX] StatusPacket seq=704 A=1.665 B=0.001
[RELAY] Got status from sub, seq=704
[TX] StatusPacket seq=704 A=2.454 B=1.611
[RX] CmdPacket target=0xFF cmd=0x0 seq=705
[TX] Immediate reply seq=705
[FWD] Forward to sub: cmd=0x0 seq=705
[RELAY] Got status from sub, seq=705
[RELAY] Got status from sub, seq=705
[TX] StatusPacket seq=705 A=3.046 B=6.230
[RELAY] Got status from sub, seq=705
[TX] StatusPacket seq=705 A=3.297 B=13.570
[RX] CmdPacket target=0xFF cmd=0x0 seq=706
[TX] Immediate reply seq=706
[FWD] Forward to sub: cmd=0x0 seq=706
[RELAY] Got status from sub, seq=706
[RELAY] Got status from sub, seq=706
[TX] StatusPacket seq=706 A=3.144 B=23.175
[RELAY] Got status from sub, seq=706
[TX] StatusPacket seq=706 A=2.625 B=34.448
[RX] CmdPacket target=0xFF cmd=0x0 seq=707
[TX] Immediate reply seq=707
[FWD] Forward to sub: cmd=0x0 seq=707
[RELAY] Got status from sub, seq=707
[RELAY] Got status from sub, seq=707
[TX] StatusPacket seq=707 A=1.868 B=46.688
[RELAY] Got status from sub, seq=707
[TX] StatusPacket seq=707 A=1.057 B=59.134
[RX] CmdPacket target=0xFF cmd=0x0 seq=708
[TX] Immediate reply seq=708
[FWD] Forward to sub: cmd=0x0 seq=708
[RELAY] Got status from sub, seq=708
[RELAY] Got status from sub, seq=708
[TX] StatusPacket seq=708 A=0.392 B=71.012
[RELAY] Got status from sub, seq=708
[TX] StatusPacket seq=708 A=0.034 B=81.584
[RX] CmdPacket target=0xFF cmd=0x0 seq=709
[TX] Immediate reply seq=709
[FWD] Forward to sub: cmd=0x0 seq=709
[RELAY] Got status from sub, seq=709
[RELAY] Got status from sub, seq=709
[TX] StatusPacket seq=709 A=0.072 B=90.192
[RELAY] Got status from sub, seq=709
[TX] StatusPacket seq=709 A=0.496 B=96.301
[RX] CmdPacket target=0xFF cmd=0x0 seq=710
[TX] Immediate reply seq=710
[FWD] Forward to sub: cmd=0x0 seq=710
[RELAY] Got status from sub, seq=710
[RELAY] Got status from sub, seq=710
[TX] StatusPacket seq=710 A=1.203 B=99.531
[RELAY] Got status from sub, seq=710
[TX] StatusPacket seq=710 A=2.019 B=99.682
[RX] CmdPacket target=0xFF cmd=0x0 seq=711
[TX] Immediate reply seq=711
[FWD] Forward to sub: cmd=0x0 seq=711
[RELAY] Got status from sub, seq=711
[RELAY] Got status from sub, seq=711
[TX] StatusPacket seq=711 A=2.745 B=96.743
[RELAY] Got status from sub, seq=711
[TX] StatusPacket seq=711 A=3.203 B=90.898
[RX] CmdPacket target=0xFF cmd=0x0 seq=712
[TX] Immediate reply seq=712
[FWD] Forward to sub: cmd=0x0 seq=712
[RELAY] Got status from sub, seq=712
[RELAY] Got status from sub, seq=712
[TX] StatusPacket seq=712 A=3.280 B=82.511
[RELAY] Got status from sub, seq=712
[TX] StatusPacket seq=712 A=2.958 B=72.102
[RX] CmdPacket target=0xFF cmd=0x0 seq=713
[TX] Immediate reply seq=713
[FWD] Forward to sub: cmd=0x0 seq=713
[RELAY] Got status from sub, seq=713
[RELAY] Got status from sub, seq=713
[TX] StatusPacket seq=713 A=2.316 B=60.319
[RELAY] Got status from sub, seq=713
[TX] StatusPacket seq=713 A=1.511 B=47.894
[RX] CmdPacket target=0xFF cmd=0x0 seq=714
[TX] Immediate reply seq=714
[FWD] Forward to sub: cmd=0x0 seq=714
[RELAY] Got status from sub, seq=714
[RELAY] Got status from sub, seq=714
[TX] StatusPacket seq=714 A=0.740 B=35.601
[RELAY] Got status from sub, seq=714
[TX] StatusPacket seq=714 A=0.191 B=24.202
[RX] CmdPacket target=0xFF cmd=0x0 seq=715
[TX] Immediate reply seq=715
[FWD] Forward to sub: cmd=0x0 seq=715
[RELAY] Got status from sub, seq=715
[RELAY] Got status from sub, seq=715
[TX] StatusPacket seq=715 A=0.000 B=14.408
[RELAY] Got status from sub, seq=715
[TX] StatusPacket seq=715 A=0.213 B=6.826
[RX] CmdPacket target=0xFF cmd=0x0 seq=716
[TX] Immediate reply seq=716
[FWD] Forward to sub: cmd=0x0 seq=716
[RELAY] Got status from sub, seq=716
[RELAY] Got status from sub, seq=716
[TX] StatusPacket seq=716 A=0.777 B=1.929
[RELAY] Got status from sub, seq=716
[TX] StatusPacket seq=716 A=1.555 B=0.021
[RX] CmdPacket target=0xFF cmd=0x0 seq=717
[TX] Immediate reply seq=717
[FWD] Forward to sub: cmd=0x0 seq=717
[RELAY] Got status from sub, seq=717
[RELAY] Got status from sub, seq=717
[TX] StatusPacket seq=717 A=2.357 B=1.220
[RELAY] Got status from sub, seq=717
[TX] StatusPacket seq=717 A=2.985 B=5.452
[RX] CmdPacket target=0xFF cmd=0x0 seq=718
[TX] Immediate reply seq=718
[FWD] Forward to sub: cmd=0x0 seq=718
[RELAY] Got status from sub, seq=718
[RELAY] Got status from sub, seq=718
[TX] StatusPacket seq=718 A=3.286 B=12.454
[RELAY] Got status from sub, seq=718
[TX] StatusPacket seq=718 A=3.187 B=21.790
[RX] CmdPacket target=0xFF cmd=0x0 seq=719
[TX] Immediate reply seq=719
[FWD] Forward to sub: cmd=0x0 seq=719
[RELAY] Got status from sub, seq=719
[RELAY] Got status from sub, seq=719
[TX] StatusPacket seq=719 A=2.712 B=32.880
[RELAY] Got status from sub, seq=719
[TX] StatusPacket seq=719 A=1.976 B=45.035
[RX] CmdPacket target=0xFF cmd=0x0 seq=720
[TX] Immediate reply seq=720
[FWD] Forward to sub: cmd=0x0 seq=720
[RELAY] Got status from sub, seq=720
[RELAY] Got status from sub, seq=720
[TX] StatusPacket seq=720 A=1.161 B=57.498
[RELAY] Got status from sub, seq=720
[TX] StatusPacket seq=720 A=0.465 B=69.496
[RX] CmdPacket target=0xFF cmd=0x0 seq=721
[TX] Immediate reply seq=721
[FWD] Forward to sub: cmd=0x0 seq=721
[RELAY] Got status from sub, seq=721
[RELAY] Got status from sub, seq=721
[TX] StatusPacket seq=721 A=0.060 B=80.281
[RELAY] Got status from sub, seq=721
[TX] StatusPacket seq=721 A=0.044 B=89.183
[RX] CmdPacket target=0xFF cmd=0x0 seq=722
[TX] Immediate reply seq=722
[FWD] Forward to sub: cmd=0x0 seq=722
[RELAY] Got status from sub, seq=722
[RELAY] Got status from sub, seq=722
[TX] StatusPacket seq=722 A=0.421 B=95.649
[RELAY] Got status from sub, seq=722
[TX] StatusPacket seq=722 A=1.099 B=99.277
[RX] CmdPacket target=0xFF cmd=0x0 seq=723
[TX] Immediate reply seq=723
[FWD] Forward to sub: cmd=0x0 seq=723
[RELAY] Got status from sub, seq=723
[RELAY] Got status from sub, seq=723
[TX] StatusPacket seq=723 A=1.912 B=99.841
[RELAY] Got status from sub, seq=723
[TX] StatusPacket seq=723 A=2.661 B=97.306
[RX] CmdPacket target=0xFF cmd=0x0 seq=724
[TX] Immediate reply seq=724
[FWD] Forward to sub: cmd=0x0 seq=724
[RELAY] Got status from sub, seq=724
[RELAY] Got status from sub, seq=724
[TX] StatusPacket seq=724 A=3.162 B=91.830
[RELAY] Got status from sub, seq=724
[TX] StatusPacket seq=724 A=3.294 B=83.753
[RX] CmdPacket target=0xFF cmd=0x0 seq=725
[TX] Immediate reply seq=725
[FWD] Forward to sub: cmd=0x0 seq=725
[RELAY] Got status from sub, seq=725
[RELAY] Got status from sub, seq=725
[TX] StatusPacket seq=725 A=3.022 B=73.578
[RELAY] Got status from sub, seq=725
[TX] StatusPacket seq=725 A=2.415 B=61.937
[RX] CmdPacket target=0xFF cmd=0x0 seq=726
[TX] Immediate reply seq=726
[FWD] Forward to sub: cmd=0x0 seq=726
[RELAY] Got status from sub, seq=726
[RELAY] Got status from sub, seq=726
[TX] StatusPacket seq=726 A=1.620 B=49.553
[RELAY] Got status from sub, seq=726
[TX] StatusPacket seq=726 A=0.833 B=37.197
[RX] CmdPacket target=0xFF cmd=0x0 seq=727
[TX] Immediate reply seq=727
[FWD] Forward to sub: cmd=0x0 seq=727
[RELAY] Got status from sub, seq=727
[RELAY] Got status from sub, seq=727
[TX] StatusPacket seq=727 A=0.246 B=25.637
[RELAY] Got status from sub, seq=727
[TX] StatusPacket seq=727 A=0.002 B=15.592
[RX] CmdPacket target=0xFF cmd=0x0 seq=728
[TX] Immediate reply seq=728
[FWD] Forward to sub: cmd=0x0 seq=728
[RELAY] Got status from sub, seq=728
[RELAY] Got status from sub, seq=728
[TX] StatusPacket seq=728 A=0.162 B=7.687
[RELAY] Got status from sub, seq=728
[TX] StatusPacket seq=728 A=0.686 B=2.412
[RX] CmdPacket target=0xFF cmd=0x0 seq=729
[TX] Immediate reply seq=729
[FWD] Forward to sub: cmd=0x0 seq=729
[RELAY] Got status from sub, seq=729
[RELAY] Got status from sub, seq=729
[TX] StatusPacket seq=729 A=1.446 B=0.096
[TX] StatusPacket seq=729 A=2.256 B=0.882
[TX] StatusPacket seq=729 A=2.918 B=4.723
[RELAY] Got status from sub, seq=729
[TX] StatusPacket seq=729 A=3.269 B=11.379
[RELAY] Got status from sub, seq=729
[RX] CmdPacket target=0xFF cmd=0x0 seq=731
[TX] Immediate reply seq=731
[FWD] Forward to sub: cmd=0x0 seq=731
[TX] StatusPacket seq=731 A=3.224 B=20.436
[TX] StatusPacket seq=731 A=2.793 B=31.331
[RELAY] Got status from sub, seq=731
[TX] StatusPacket seq=731 A=2.083 B=43.387
[RELAY] Got status from sub, seq=731
[TX] StatusPacket seq=731 A=1.266 B=55.854
[RELAY] Got status from sub, seq=731
[TX] StatusPacket seq=731 A=0.544 B=67.957
[RX] CmdPacket target=0xFF cmd=0x0 seq=733
[TX] Immediate reply seq=733
[FWD] Forward to sub: cmd=0x0 seq=733
[RELAY] Got status from sub, seq=733
[RELAY] Got status from sub, seq=733
[TX] StatusPacket seq=733 A=0.092 B=78.944
[RELAY] Got status from sub, seq=733
[TX] StatusPacket seq=733 A=0.022 B=88.131
[RX] CmdPacket target=0xFF cmd=0x0 seq=734
[TX] Immediate reply seq=734
[FWD] Forward to sub: cmd=0x0 seq=734
[RELAY] Got status from sub, seq=734
[RELAY] Got status from sub, seq=734
[TX] StatusPacket seq=734 A=0.350 B=94.947
[RELAY] Got status from sub, seq=734
[TX] StatusPacket seq=734 A=0.997 B=98.969
[RX] CmdPacket target=0xFF cmd=0x0 seq=735
[TX] Immediate reply seq=735
[FWD] Forward to sub: cmd=0x0 seq=735
[RELAY] Got status from sub, seq=735
[RELAY] Got status from sub, seq=735
[TX] StatusPacket seq=735 A=1.803 B=99.946
[RELAY] Got status from sub, seq=735
[TX] StatusPacket seq=735 A=2.572 B=97.817
[RX] CmdPacket target=0xFF cmd=0x0 seq=736
[TX] Immediate reply seq=736
[FWD] Forward to sub: cmd=0x0 seq=736
[RELAY] Got status from sub, seq=736
[RELAY] Got status from sub, seq=736
[TX] StatusPacket seq=736 A=3.115 B=92.716
[RELAY] Got status from sub, seq=736
[TX] StatusPacket seq=736 A=3.300 B=84.959
[RX] CmdPacket target=0xFF cmd=0x0 seq=737
[TX] Immediate reply seq=737
[FWD] Forward to sub: cmd=0x0 seq=737
[RELAY] Got status from sub, seq=737
[RELAY] Got status from sub, seq=737
[TX] StatusPacket seq=737 A=3.080 B=75.028
[RELAY] Got status from sub, seq=737
[TX] StatusPacket seq=737 A=2.510 B=63.541
[RX] CmdPacket target=0xFF cmd=0x0 seq=738
[TX] Immediate reply seq=738
[FWD] Forward to sub: cmd=0x0 seq=738
[RELAY] Got status from sub, seq=738
[RELAY] Got status from sub, seq=738
[TX] StatusPacket seq=738 A=1.730 B=51.212
[RELAY] Got status from sub, seq=738
[TX] StatusPacket seq=738 A=0.930 B=38.808
[RX] CmdPacket target=0xFF cmd=0x0 seq=739
[TX] Immediate reply seq=739
[FWD] Forward to sub: cmd=0x0 seq=739
[RELAY] Got status from sub, seq=739
[RELAY] Got status from sub, seq=739
[TX] StatusPacket seq=739 A=0.306 B=27.099
[RELAY] Got status from sub, seq=739
[TX] StatusPacket seq=739 A=0.012 B=16.815
[RX] CmdPacket target=0xFF cmd=0x0 seq=740
[TX] Immediate reply seq=740
[FWD] Forward to sub: cmd=0x0 seq=740
[RELAY] Got status from sub, seq=740
[RELAY] Got status from sub, seq=740
[TX] StatusPacket seq=740 A=0.118 B=8.594
[RELAY] Got status from sub, seq=740
[TX] StatusPacket seq=740 A=0.600 B=2.947
[RX] CmdPacket target=0xFF cmd=0x0 seq=741
[TX] Immediate reply seq=741
[FWD] Forward to sub: cmd=0x0 seq=741
[RELAY] Got status from sub, seq=741
[RELAY] Got status from sub, seq=741
[TX] StatusPacket seq=741 A=1.338 B=0.226
[RELAY] Got status from sub, seq=741
[TX] StatusPacket seq=741 A=2.153 B=0.599
[RX] CmdPacket target=0xFF cmd=0x0 seq=742
[TX] Immediate reply seq=742
[FWD] Forward to sub: cmd=0x0 seq=742
[RELAY] Got status from sub, seq=742
[RELAY] Got status from sub, seq=742
[TX] StatusPacket seq=742 A=2.845 B=4.044
[RELAY] Got status from sub, seq=742
[TX] StatusPacket seq=742 A=3.244 B=10.346
[RX] CmdPacket target=0xFF cmd=0x0 seq=743
[TX] Immediate reply seq=743
[FWD] Forward to sub: cmd=0x0 seq=743
[RELAY] Got status from sub, seq=743
[RELAY] Got status from sub, seq=743
[TX] StatusPacket seq=743 A=3.253 B=19.114
[RELAY] Got status from sub, seq=743
[TX] StatusPacket seq=743 A=2.869 B=29.802
[RX] CmdPacket target=0xFF cmd=0x0 seq=744
[TX] Immediate reply seq=744
[FWD] Forward to sub: cmd=0x0 seq=744
[RELAY] Got status from sub, seq=744
[RELAY] Got status from sub, seq=744
[TX] StatusPacket seq=744 A=2.187 B=41.746
[RELAY] Got status from sub, seq=744
[TX] StatusPacket seq=744 A=1.374 B=54.203
[RX] CmdPacket target=0xFF cmd=0x0 seq=745
[TX] Immediate reply seq=745
[FWD] Forward to sub: cmd=0x0 seq=745
[RELAY] Got status from sub, seq=745
[RELAY] Got status from sub, seq=745
[TX] StatusPacket seq=745 A=0.628 B=66.399
[RELAY] Got status from sub, seq=745
[TX] StatusPacket seq=745 A=0.132 B=77.575
[RX] CmdPacket target=0xFF cmd=0x0 seq=746
[TX] Immediate reply seq=746
[FWD] Forward to sub: cmd=0x0 seq=746
[RELAY] Got status from sub, seq=746
[RELAY] Got status from sub, seq=746
[TX] StatusPacket seq=746 A=0.008 B=87.037
[RELAY] Got status from sub, seq=746
[TX] StatusPacket seq=746 A=0.286 B=94.196
[RX] CmdPacket target=0xFF cmd=0x0 seq=747
[TX] Immediate reply seq=747
[FWD] Forward to sub: cmd=0x0 seq=747
[RELAY] Got status from sub, seq=747
[RELAY] Got status from sub, seq=747
[TX] StatusPacket seq=747 A=0.898 B=98.607
[RELAY] Got status from sub, seq=747
[TX] StatusPacket seq=747 A=1.694 B=99.996
[RX] CmdPacket target=0xFF cmd=0x0 seq=748
[TX] Immediate reply seq=748
[FWD] Forward to sub: cmd=0x0 seq=748
[RELAY] Got status from sub, seq=748
[RELAY] Got status from sub, seq=748
[TX] StatusPacket seq=748 A=2.479 B=98.276
[RELAY] Got status from sub, seq=748
[TX] StatusPacket seq=748 A=3.062 B=93.555
[RX] CmdPacket target=0xFF cmd=0x0 seq=749
[TX] Immediate reply seq=749
[FWD] Forward to sub: cmd=0x0 seq=749
[RELAY] Got status from sub, seq=749
[RELAY] Got status from sub, seq=749
[TX] StatusPacket seq=749 A=3.298 B=86.126
[RELAY] Got status from sub, seq=749
[TX] StatusPacket seq=749 A=3.131 B=76.450
[RX] CmdPacket target=0xFF cmd=0x0 seq=750
[TX] Immediate reply seq=750
[FWD] Forward to sub: cmd=0x0 seq=750
[RELAY] Got status from sub, seq=750
[RELAY] Got status from sub, seq=750
[TX] StatusPacket seq=750 A=2.602 B=65.130
[RELAY] Got status from sub, seq=750
[TX] StatusPacket seq=750 A=1.839 B=52.870
[RX] CmdPacket target=0xFF cmd=0x0 seq=751
[TX] Immediate reply seq=751
[FWD] Forward to sub: cmd=0x0 seq=751
[RELAY] Got status from sub, seq=751
[RELAY] Got status from sub, seq=751
[TX] StatusPacket seq=751 A=1.030 B=40.431
[RELAY] Got status from sub, seq=751
[TX] StatusPacket seq=751 A=0.373 B=28.587
[RX] CmdPacket target=0xFF cmd=0x0 seq=752
[TX] Immediate reply seq=752
[FWD] Forward to sub: cmd=0x0 seq=752
[RELAY] Got status from sub, seq=752
[RELAY] Got status from sub, seq=752
[TX] StatusPacket seq=752 A=0.028 B=18.074
[RELAY] Got status from sub, seq=752
[TX] StatusPacket seq=752 A=0.081 B=9.546
[RX] CmdPacket target=0xFF cmd=0x0 seq=753
[TX] Immediate reply seq=753
[FWD] Forward to sub: cmd=0x0 seq=753
[RELAY] Got status from sub, seq=753
[RELAY] Got status from sub, seq=753
[TX] StatusPacket seq=753 A=0.518 B=3.534
[RELAY] Got status from sub, seq=753
[TX] StatusPacket seq=753 A=1.231 B=0.410
[RX] CmdPacket target=0xFF cmd=0x0 seq=754
[TX] Immediate reply seq=754
[FWD] Forward to sub: cmd=0x0 seq=754
[RELAY] Got status from sub, seq=754
[RELAY] Got status from sub, seq=754
[TX] StatusPacket seq=754 A=2.048 B=0.370
[RELAY] Got status from sub, seq=754
[TX] StatusPacket seq=754 A=2.767 B=3.416
[RX] CmdPacket target=0xFF cmd=0x0 seq=755
[TX] Immediate reply seq=755
[FWD] Forward to sub: cmd=0x0 seq=755
[RELAY] Got status from sub, seq=755
[RELAY] Got status from sub, seq=755
[TX] StatusPacket seq=755 A=3.212 B=9.358
[RELAY] Got status from sub, seq=755
[TX] StatusPacket seq=755 A=3.275 B=17.827
[RX] CmdPacket target=0xFF cmd=0x0 seq=756
[TX] Immediate reply seq=756
[FWD] Forward to sub: cmd=0x0 seq=756
[RELAY] Got status from sub, seq=756
[RELAY] Got status from sub, seq=756
[TX] StatusPacket seq=756 A=2.940 B=28.296
[RELAY] Got status from sub, seq=756
[TX] StatusPacket seq=756 A=2.290 B=40.114
[RX] CmdPacket target=0xFF cmd=0x0 seq=757
[TX] Immediate reply seq=757
[FWD] Forward to sub: cmd=0x0 seq=757
[RELAY] Got status from sub, seq=757
[RELAY] Got status from sub, seq=757
[TX] StatusPacket seq=757 A=1.482 B=52.548
[RELAY] Got status from sub, seq=757
[TX] StatusPacket seq=757 A=0.716 B=64.823
[RX] CmdPacket target=0xFF cmd=0x0 seq=758
[TX] Immediate reply seq=758
[FWD] Forward to sub: cmd=0x0 seq=758
[RELAY] Got status from sub, seq=758
[RELAY] Got status from sub, seq=758
[TX] StatusPacket seq=758 A=0.178 B=76.176
[RELAY] Got status from sub, seq=758
[TX] StatusPacket seq=758 A=0.001 B=85.902
[RX] CmdPacket target=0xFF cmd=0x0 seq=759
[TX] Immediate reply seq=759
[FWD] Forward to sub: cmd=0x0 seq=759
[RELAY] Got status from sub, seq=759
[RELAY] Got status from sub, seq=759
[TX] StatusPacket seq=759 A=0.227 B=93.395
[RELAY] Got status from sub, seq=759
[TX] StatusPacket seq=759 A=0.802 B=98.191
[RX] CmdPacket target=0xFF cmd=0x0 seq=760
[TX] Immediate reply seq=760
[FWD] Forward to sub: cmd=0x0 seq=760
[RELAY] Got status from sub, seq=760
[RELAY] Got status from sub, seq=760
[TX] StatusPacket seq=760 A=1.585 B=99.990
[RELAY] Got status from sub, seq=760
[TX] StatusPacket seq=760 A=2.386 B=98.670
[RX] CmdPacket target=0xFF cmd=0x0 seq=761
[TX] Immediate reply seq=761
[FWD] Forward to sub: cmd=0x0 seq=761
[RELAY] Got status from sub, seq=761
[TX] StatusPacket seq=761 A=3.002 B=94.346
[RELAY] Got status from sub, seq=761
[TX] StatusPacket seq=761 A=3.290 B=87.253
[RELAY] Got status from sub, seq=761
[RX] CmdPacket target=0xFF cmd=0x0 seq=762
[TX] Immediate reply seq=762
[FWD] Forward to sub: cmd=0x0 seq=762
[RELAY] Got status from sub, seq=762
[TX] StatusPacket seq=762 A=3.175 B=77.802
[RELAY] Got status from sub, seq=762
[TX] StatusPacket seq=762 A=2.689 B=66.703
[RELAY] Got status from sub, seq=762
[RX] CmdPacket target=0xFF cmd=0x0 seq=763
[TX] Immediate reply seq=763
[TX] StatusPacket seq=763 A=1.944 B=54.474
[FWD] Forward to sub: cmd=0x0 seq=763
[RELAY] Got status from sub, seq=763
[RELAY] Got status from sub, seq=763
[TX] StatusPacket seq=763 A=1.133 B=42.064
[RELAY] Got status from sub, seq=763
[TX] StatusPacket seq=763 A=0.445 B=30.098
[RX] CmdPacket target=0xFF cmd=0x0 seq=764
[TX] Immediate reply seq=764
[FWD] Forward to sub: cmd=0x0 seq=764
[RELAY] Got status from sub, seq=764
[RELAY] Got status from sub, seq=764
[TX] StatusPacket seq=764 A=0.052 B=19.368
[RELAY] Got status from sub, seq=764
[TX] StatusPacket seq=764 A=0.050 B=10.544
[RX] CmdPacket target=0xFF cmd=0x0 seq=765
[TX] Immediate reply seq=765
[FWD] Forward to sub: cmd=0x0 seq=765
[RELAY] Got status from sub, seq=765
[RELAY] Got status from sub, seq=765
[TX] StatusPacket seq=765 A=0.440 B=4.172
[RELAY] Got status from sub, seq=765
[TX] StatusPacket seq=765 A=1.127 B=0.650
[RX] CmdPacket target=0xFF cmd=0x0 seq=766
[TX] Immediate reply seq=766
[FWD] Forward to sub: cmd=0x0 seq=766
[RELAY] Got status from sub, seq=766
[RELAY] Got status from sub, seq=766
[TX] StatusPacket seq=766 A=1.941 B=0.196
[RELAY] Got status from sub, seq=766
[TX] StatusPacket seq=766 A=2.684 B=2.839
[RX] CmdPacket target=0xFF cmd=0x0 seq=767
[TX] Immediate reply seq=767
[FWD] Forward to sub: cmd=0x0 seq=767
[RELAY] Got status from sub, seq=767
[RELAY] Got status from sub, seq=767
[TX] StatusPacket seq=767 A=3.174 B=8.414
[RELAY] Got status from sub, seq=767
[TX] StatusPacket seq=767 A=3.291 B=16.574
[RX] CmdPacket target=0xFF cmd=0x0 seq=768
[TX] Immediate reply seq=768
[FWD] Forward to sub: cmd=0x0 seq=768
[RELAY] Got status from sub, seq=768
[RELAY] Got status from sub, seq=768
[TX] StatusPacket seq=768 A=3.006 B=26.813
[RELAY] Got status from sub, seq=768
[TX] StatusPacket seq=768 A=2.389 B=38.494
[RX] CmdPacket target=0xFF cmd=0x0 seq=769
[TX] Immediate reply seq=769
[FWD] Forward to sub: cmd=0x0 seq=769
[RELAY] Got status from sub, seq=769
[RELAY] Got status from sub, seq=769
[TX] StatusPacket seq=769 A=1.591 B=50.890
[RELAY] Got status from sub, seq=769
[TX] StatusPacket seq=769 A=0.808 B=63.230
[RX] CmdPacket target=0xFF cmd=0x0 seq=770
[TX] Immediate reply seq=770
[FWD] Forward to sub: cmd=0x0 seq=770
[RELAY] Got status from sub, seq=770
[RELAY] Got status from sub, seq=770
[TX] StatusPacket seq=770 A=0.231 B=74.748
[RELAY] Got status from sub, seq=770
[TX] StatusPacket seq=770 A=0.001 B=84.727
[RX] CmdPacket target=0xFF cmd=0x0 seq=771
[TX] Immediate reply seq=771
[FWD] Forward to sub: cmd=0x0 seq=771
[RELAY] Got status from sub, seq=771
[RELAY] Got status from sub, seq=771
[TX] StatusPacket seq=771 A=0.175 B=92.548
[RELAY] Got status from sub, seq=771
[TX] StatusPacket seq=771 A=0.710 B=97.722
[RX] CmdPacket target=0xFF cmd=0x0 seq=772
[TX] Immediate reply seq=772
[FWD] Forward to sub: cmd=0x0 seq=772
[RELAY] Got status from sub, seq=772
[RELAY] Got status from sub, seq=772
[TX] StatusPacket seq=772 A=1.475 B=99.930
[RELAY] Got status from sub, seq=772
[TX] StatusPacket seq=772 A=2.283 B=99.033
[RX] CmdPacket target=0xFF cmd=0x0 seq=773
[TX] Immediate reply seq=773
[FWD] Forward to sub: cmd=0x0 seq=773
[RELAY] Got status from sub, seq=773
[RELAY] Got status from sub, seq=773
[TX] StatusPacket seq=773 A=2.936 B=95.087
[RELAY] Got status from sub, seq=773
[TX] StatusPacket seq=773 A=3.274 B=88.339
[RX] CmdPacket target=0xFF cmd=0x0 seq=774
[TX] Immediate reply seq=774
[FWD] Forward to sub: cmd=0x0 seq=774
[RELAY] Got status from sub, seq=774
[RELAY] Got status from sub, seq=774
[TX] StatusPacket seq=774 A=3.215 B=79.206
[RELAY] Got status from sub, seq=774
[TX] StatusPacket seq=774 A=2.772 B=68.258
[RX] CmdPacket target=0xFF cmd=0x0 seq=775
[TX] Immediate reply seq=775
[FWD] Forward to sub: cmd=0x0 seq=775
[RELAY] Got status from sub, seq=775
[RELAY] Got status from sub, seq=775
[TX] StatusPacket seq=775 A=2.054 B=56.174
[RELAY] Got status from sub, seq=775
[TX] StatusPacket seq=775 A=1.238 B=43.707
[RX] CmdPacket target=0xFF cmd=0x0 seq=776
[TX] Immediate reply seq=776
[FWD] Forward to sub: cmd=0x0 seq=776
[RELAY] Got status from sub, seq=776
[RELAY] Got status from sub, seq=776
[TX] StatusPacket seq=776 A=0.522 B=31.631
[RELAY] Got status from sub, seq=776
[TX] StatusPacket seq=776 A=0.083 B=20.696
[RX] CmdPacket target=0xFF cmd=0x0 seq=777
[TX] Immediate reply seq=777
[FWD] Forward to sub: cmd=0x0 seq=777
[RELAY] Got status from sub, seq=777
[RELAY] Got status from sub, seq=777
[TX] StatusPacket seq=777 A=0.027 B=11.584
[RELAY] Got status from sub, seq=777
[TX] StatusPacket seq=777 A=0.369 B=4.861
[RX] CmdPacket target=0xFF cmd=0x0 seq=778
[TX] Immediate reply seq=778
[FWD] Forward to sub: cmd=0x0 seq=778
[RELAY] Got status from sub, seq=778
[RELAY] Got status from sub, seq=778
[TX] StatusPacket seq=778 A=1.024 B=0.944
[RELAY] Got status from sub, seq=778
[TX] StatusPacket seq=778 A=1.832 B=0.077
[RX] CmdPacket target=0xFF cmd=0x0 seq=779
[TX] Immediate reply seq=779
[FWD] Forward to sub: cmd=0x0 seq=779
[RELAY] Got status from sub, seq=779
[RELAY] Got status from sub, seq=779
[TX] StatusPacket seq=779 A=2.596 B=2.314
[RELAY] Got status from sub, seq=779
[TX] StatusPacket seq=779 A=3.128 B=7.516
[RX] CmdPacket target=0xFF cmd=0x0 seq=780
[TX] Immediate reply seq=780
[FWD] Forward to sub: cmd=0x0 seq=780
[RELAY] Got status from sub, seq=780
[RELAY] Got status from sub, seq=780
[TX] StatusPacket seq=780 A=3.299 B=15.359
[RELAY] Got status from sub, seq=780
[TX] StatusPacket seq=780 A=3.065 B=25.356
[RX] CmdPacket target=0xFF cmd=0x0 seq=781
[TX] Immediate reply seq=781
[FWD] Forward to sub: cmd=0x0 seq=781
[RELAY] Got status from sub, seq=781
[RELAY] Got status from sub, seq=781
[TX] StatusPacket seq=781 A=2.485 B=36.886
[RELAY] Got status from sub, seq=781
[TX] StatusPacket seq=781 A=1.701 B=49.230
[RX] CmdPacket target=0xFF cmd=0x0 seq=782
[TX] Immediate reply seq=782
[FWD] Forward to sub: cmd=0x0 seq=782
[RELAY] Got status from sub, seq=782
[RELAY] Got status from sub, seq=782
[TX] StatusPacket seq=782 A=0.904 B=61.623
[RELAY] Got status from sub, seq=782
[TX] StatusPacket seq=782 A=0.290 B=73.293
[RX] CmdPacket target=0xFF cmd=0x0 seq=783
[TX] Immediate reply seq=783
[FWD] Forward to sub: cmd=0x0 seq=783
[RELAY] Got status from sub, seq=783
[RELAY] Got status from sub, seq=783
[TX] StatusPacket seq=783 A=0.009 B=83.515
[RELAY] Got status from sub, seq=783
[TX] StatusPacket seq=783 A=0.129 B=91.653
[RX] CmdPacket target=0xFF cmd=0x0 seq=784
[TX] Immediate reply seq=784
[FWD] Forward to sub: cmd=0x0 seq=784
[RELAY] Got status from sub, seq=784
[RELAY] Got status from sub, seq=784
[TX] StatusPacket seq=784 A=0.622 B=97.201
[RELAY] Got status from sub, seq=784
[TX] StatusPacket seq=784 A=1.367 B=99.814
[RX] CmdPacket target=0xFF cmd=0x0 seq=785
[TX] Immediate reply seq=785
[FWD] Forward to sub: cmd=0x0 seq=785
[RELAY] Got status from sub, seq=785
[RELAY] Got status from sub, seq=785
[TX] StatusPacket seq=785 A=2.181 B=99.331
[RELAY] Got status from sub, seq=785
[TX] StatusPacket seq=785 A=2.865 B=95.780
[RX] CmdPacket target=0xFF cmd=0x0 seq=786
[TX] Immediate reply seq=786
[FWD] Forward to sub: cmd=0x0 seq=786
[RELAY] Got status from sub, seq=786
[RELAY] Got status from sub, seq=786
[TX] StatusPacket seq=786 A=3.251 B=89.382
[RELAY] Got status from sub, seq=786
[TX] StatusPacket seq=786 A=3.246 B=80.537
[RX] CmdPacket target=0xFF cmd=0x0 seq=787
[TX] Immediate reply seq=787
[FWD] Forward to sub: cmd=0x0 seq=787
[RELAY] Got status from sub, seq=787
[RELAY] Got status from sub, seq=787
[TX] StatusPacket seq=787 A=2.850 B=69.792
[RELAY] Got status from sub, seq=787
[TX] StatusPacket seq=787 A=2.160 B=57.817
[RX] CmdPacket target=0xFF cmd=0x0 seq=788
[TX] Immediate reply seq=788
[FWD] Forward to sub: cmd=0x0 seq=788
[RELAY] Got status from sub, seq=788
[RELAY] Got status from sub, seq=788
[TX] StatusPacket seq=788 A=1.345 B=45.356
[RELAY] Got status from sub, seq=788
[TX] StatusPacket seq=788 A=0.605 B=33.184
[RX] CmdPacket target=0xFF cmd=0x0 seq=789
[TX] Immediate reply seq=789
[FWD] Forward to sub: cmd=0x0 seq=789
[RELAY] Got status from sub, seq=789
[RELAY] Got status from sub, seq=789
[TX] StatusPacket seq=789 A=0.121 B=22.057
[RELAY] Got status from sub, seq=789
[TX] StatusPacket seq=789 A=0.011 B=12.667
[RX] CmdPacket target=0xFF cmd=0x0 seq=790
[TX] Immediate reply seq=790
[FWD] Forward to sub: cmd=0x0 seq=790
[RELAY] Got status from sub, seq=790
[RELAY] Got status from sub, seq=790
[TX] StatusPacket seq=790 A=0.303 B=5.599
[RELAY] Got status from sub, seq=790
[TX] StatusPacket seq=790 A=0.924 B=1.292
[RX] CmdPacket target=0xFF cmd=0x0 seq=791
[TX] Immediate reply seq=791
[FWD] Forward to sub: cmd=0x0 seq=791
[RELAY] Got status from sub, seq=791
[RELAY] Got status from sub, seq=791
[TX] StatusPacket seq=791 A=1.723 B=0.012
[RELAY] Got status from sub, seq=791
[TX] StatusPacket seq=791 A=2.505 B=1.841
[RX] CmdPacket target=0xFF cmd=0x0 seq=792
[TX] Immediate reply seq=792
[FWD] Forward to sub: cmd=0x0 seq=792
[RELAY] Got status from sub, seq=792
[TX] StatusPacket seq=792 A=3.077 B=6.664
[TX] StatusPacket seq=792 A=3.299 B=14.182
[RX] CmdPacket target=0xFF cmd=0x0 seq=793
[TX] Immediate reply seq=793
[FWD] Forward to sub: cmd=0x0 seq=793
[RELAY] Got status from sub, seq=793
[TX] StatusPacket seq=793 A=3.118 B=23.926
[RELAY] Got status from sub, seq=793
[TX] StatusPacket seq=793 A=2.578 B=35.292
[RELAY] Got status from sub, seq=793
[RX] CmdPacket target=0xFF cmd=0x0 seq=794
[TX] Immediate reply seq=794
[TX] StatusPacket seq=794 A=1.810 B=47.572
[FWD] Forward to sub: cmd=0x0 seq=794
[RELAY] Got status from sub, seq=794
[RELAY] Got status from sub, seq=794
[TX] StatusPacket seq=794 A=1.003 B=60.003
[RELAY] Got status from sub, seq=794
[TX] StatusPacket seq=794 A=0.355 B=71.812
[RX] CmdPacket target=0xFF cmd=0x0 seq=795
[TX] Immediate reply seq=795
[FWD] Forward to sub: cmd=0x0 seq=795
[RELAY] Got status from sub, seq=795
[RELAY] Got status from sub, seq=795
[TX] StatusPacket seq=795 A=0.023 B=82.265
[RELAY] Got status from sub, seq=795
[TX] StatusPacket seq=795 A=0.090 B=90.712
[RX] CmdPacket target=0xFF cmd=0x0 seq=796
[TX] Immediate reply seq=796
[FWD] Forward to sub: cmd=0x0 seq=796
[RELAY] Got status from sub, seq=796
[RELAY] Got status from sub, seq=796
[TX] StatusPacket seq=796 A=0.539 B=96.628
[RELAY] Got status from sub, seq=796
[TX] StatusPacket seq=796 A=1.260 B=99.644
[RX] CmdPacket target=0xFF cmd=0x0 seq=797
[TX] Immediate reply seq=797
[FWD] Forward to sub: cmd=0x0 seq=797
[RELAY] Got status from sub, seq=797
[RELAY] Got status from sub, seq=797
[TX] StatusPacket seq=797 A=2.076 B=99.574
[RELAY] Got status from sub, seq=797
[TX] StatusPacket seq=797 A=2.788 B=96.422
[RX] CmdPacket target=0xFF cmd=0x0 seq=798
[TX] Immediate reply seq=798
[FWD] Forward to sub: cmd=0x0 seq=798
[RELAY] Got status from sub, seq=798
[RELAY] Got status from sub, seq=798
[TX] StatusPacket seq=798 A=3.222 B=90.383
[RELAY] Got status from sub, seq=798
[TX] StatusPacket seq=798 A=3.270 B=81.833
[RX] CmdPacket target=0xFF cmd=0x0 seq=799
[TX] Immediate reply seq=799
[FWD] Forward to sub: cmd=0x0 seq=799
[RELAY] Got status from sub, seq=799
[RELAY] Got status from sub, seq=799
[TX] StatusPacket seq=799 A=2.922 B=71.305
[RELAY] Got status from sub, seq=799
[TX] StatusPacket seq=799 A=2.263 B=59.451
[RX] CmdPacket target=0xFF cmd=0x0 seq=800
[TX] Immediate reply seq=800
[FWD] Forward to sub: cmd=0x0 seq=800
[RELAY] Got status from sub, seq=800
[RELAY] Got status from sub, seq=800
[TX] StatusPacket seq=800 A=1.453 B=47.010
[RELAY] Got status from sub, seq=800
[TX] StatusPacket seq=800 A=0.692 B=34.755
[RX] CmdPacket target=0xFF cmd=0x0 seq=801
[TX] Immediate reply seq=801
[FWD] Forward to sub: cmd=0x0 seq=801
[RELAY] Got status from sub, seq=801
[RELAY] Got status from sub, seq=801
[TX] StatusPacket seq=801 A=0.165 B=23.448
[RELAY] Got status from sub, seq=801
[TX] StatusPacket seq=801 A=0.002 B=13.791
[RX] CmdPacket target=0xFF cmd=0x0 seq=802
[TX] Immediate reply seq=802
[FWD] Forward to sub: cmd=0x0 seq=802
[RELAY] Got status from sub, seq=802
[RELAY] Got status from sub, seq=802
[TX] StatusPacket seq=802 A=0.242 B=6.386
[RELAY] Got status from sub, seq=802
[TX] StatusPacket seq=802 A=0.827 B=1.693
[RX] CmdPacket target=0xFF cmd=0x0 seq=803
[TX] Immediate reply seq=803
[FWD] Forward to sub: cmd=0x0 seq=803
[RELAY] Got status from sub, seq=803
[RELAY] Got status from sub, seq=803
[TX] StatusPacket seq=803 A=1.614 B=0.003
[RELAY] Got status from sub, seq=803
[TX] StatusPacket seq=803 A=2.409 B=1.422
[RX] CmdPacket target=0xFF cmd=0x0 seq=804
[TX] Immediate reply seq=804
[FWD] Forward to sub: cmd=0x0 seq=804
[RELAY] Got status from sub, seq=804
[RELAY] Got status from sub, seq=804
[TX] StatusPacket seq=804 A=3.019 B=5.861
[RELAY] Got status from sub, seq=804
[TX] StatusPacket seq=804 A=3.293 B=13.044
[RX] CmdPacket target=0xFF cmd=0x0 seq=805
[TX] Immediate reply seq=805
[FWD] Forward to sub: cmd=0x0 seq=805
[RELAY] Got status from sub, seq=805
[RELAY] Got status from sub, seq=805
[TX] StatusPacket seq=805 A=3.165 B=22.525
[RELAY] Got status from sub, seq=805
[TX] StatusPacket seq=805 A=2.666 B=33.715
[RX] CmdPacket target=0xFF cmd=0x0 seq=806
[TX] Immediate reply seq=806
[FWD] Forward to sub: cmd=0x0 seq=806
[RELAY] Got status from sub, seq=806
[RELAY] Got status from sub, seq=806
[TX] StatusPacket seq=806 A=1.919 B=45.916
[RELAY] Got status from sub, seq=806
[TX] StatusPacket seq=806 A=1.105 B=58.372
[RX] CmdPacket target=0xFF cmd=0x0 seq=807
[TX] Immediate reply seq=807
[FWD] Forward to sub: cmd=0x0 seq=807
[RELAY] Got status from sub, seq=807
[RELAY] Got status from sub, seq=807
[TX] StatusPacket seq=807 A=0.425 B=70.308
[RELAY] Got status from sub, seq=807
[TX] StatusPacket seq=807 A=0.045 B=80.980
[RX] CmdPacket target=0xFF cmd=0x0 seq=808
[TX] Immediate reply seq=808
[FWD] Forward to sub: cmd=0x0 seq=808
[RELAY] Got status from sub, seq=808
[RELAY] Got status from sub, seq=808
[TX] StatusPacket seq=808 A=0.058 B=89.727
[RELAY] Got status from sub, seq=808
[TX] StatusPacket seq=808 A=0.460 B=96.003
[RX] CmdPacket target=0xFF cmd=0x0 seq=809
[TX] Immediate reply seq=809
[FWD] Forward to sub: cmd=0x0 seq=809
[RELAY] Got status from sub, seq=809
[RELAY] Got status from sub, seq=809
[TX] StatusPacket seq=809 A=1.154 B=99.419
[RELAY] Got status from sub, seq=809
[TX] StatusPacket seq=809 A=1.970 B=99.763
[RX] CmdPacket target=0xFF cmd=0x0 seq=810
[TX] Immediate reply seq=810
[FWD] Forward to sub: cmd=0x0 seq=810
[RELAY] Got status from sub, seq=810
[RELAY] Got status from sub, seq=810
[TX] StatusPacket seq=810 A=2.706 B=97.012
[RELAY] Got status from sub, seq=810
[TX] StatusPacket seq=810 A=3.185 B=91.339
[RX] CmdPacket target=0xFF cmd=0x0 seq=811
[TX] Immediate reply seq=811
[FWD] Forward to sub: cmd=0x0 seq=811
[RELAY] Got status from sub, seq=811
[RELAY] Got status from sub, seq=811
[TX] StatusPacket seq=811 A=3.287 B=83.095
[RELAY] Got status from sub, seq=811
[TX] StatusPacket seq=811 A=2.989 B=72.794
[RX] CmdPacket target=0xFF cmd=0x0 seq=812
[TX] Immediate reply seq=812
[FWD] Forward to sub: cmd=0x0 seq=812
[RELAY] Got status from sub, seq=812
[RELAY] Got status from sub, seq=812
[TX] StatusPacket seq=812 A=2.363 B=61.075
[RELAY] Got status from sub, seq=812
[TX] StatusPacket seq=812 A=1.562 B=48.668
[RX] CmdPacket target=0xFF cmd=0x0 seq=813
[TX] Immediate reply seq=813
[FWD] Forward to sub: cmd=0x0 seq=813
[RELAY] Got status from sub, seq=813
[RELAY] Got status from sub, seq=813
[TX] StatusPacket seq=813 A=0.783 B=36.344
[RELAY] Got status from sub, seq=813
[TX] StatusPacket seq=813 A=0.216 B=24.868
[RX] CmdPacket target=0xFF cmd=0x0 seq=814
[TX] Immediate reply seq=814
[FWD] Forward to sub: cmd=0x0 seq=814
[RELAY] Got status from sub, seq=814
[RELAY] Got status from sub, seq=814
[TX] StatusPacket seq=814 A=0.000 B=14.955
[RELAY] Got status from sub, seq=814
[TX] StatusPacket seq=814 A=0.188 B=7.222
[RX] CmdPacket target=0xFF cmd=0x0 seq=815
[TX] Immediate reply seq=815
[FWD] Forward to sub: cmd=0x0 seq=815
[RELAY] Got status from sub, seq=815
[RELAY] Got status from sub, seq=815
[TX] StatusPacket seq=815 A=0.734 B=2.148
[RELAY] Got status from sub, seq=815
[TX] StatusPacket seq=815 A=1.504 B=0.049
[RX] CmdPacket target=0xFF cmd=0x0 seq=816
[TX] Immediate reply seq=816
[FWD] Forward to sub: cmd=0x0 seq=816
[RELAY] Got status from sub, seq=816
[RELAY] Got status from sub, seq=816
[TX] StatusPacket seq=816 A=2.310 B=1.056
[RELAY] Got status from sub, seq=816
[TX] StatusPacket seq=816 A=2.954 B=5.106
[RX] CmdPacket target=0xFF cmd=0x0 seq=817
[TX] Immediate reply seq=817
[FWD] Forward to sub: cmd=0x0 seq=817
[RELAY] Got status from sub, seq=817
[RELAY] Got status from sub, seq=817
[TX] StatusPacket seq=817 A=3.279 B=11.947
[RELAY] Got status from sub, seq=817
[TX] StatusPacket seq=817 A=3.205 B=21.154
[RX] CmdPacket target=0xFF cmd=0x0 seq=818
[TX] Immediate reply seq=818
[FWD] Forward to sub: cmd=0x0 seq=818
[RELAY] Got status from sub, seq=818
[RELAY] Got status from sub, seq=818
[TX] StatusPacket seq=818 A=2.750 B=32.155
[RELAY] Got status from sub, seq=818
[TX] StatusPacket seq=818 A=2.026 B=44.265
[RX] CmdPacket target=0xFF cmd=0x0 seq=819
[TX] Immediate reply seq=819
[FWD] Forward to sub: cmd=0x0 seq=819
[RELAY] Got status from sub, seq=819
[RELAY] Got status from sub, seq=819
[TX] StatusPacket seq=819 A=1.210 B=56.732
[RELAY] Got status from sub, seq=819
[TX] StatusPacket seq=819 A=0.501 B=68.780
[RX] CmdPacket target=0xFF cmd=0x0 seq=820
[TX] Immediate reply seq=820
[FWD] Forward to sub: cmd=0x0 seq=820
[RELAY] Got status from sub, seq=820
[RELAY] Got status from sub, seq=820
[TX] StatusPacket seq=820 A=0.074 B=79.661
[RELAY] Got status from sub, seq=820
[TX] StatusPacket seq=820 A=0.033 B=88.697
[RX] CmdPacket target=0xFF cmd=0x0 seq=821
[TX] Immediate reply seq=821
[FWD] Forward to sub: cmd=0x0 seq=821
[RELAY] Got status from sub, seq=821
[RELAY] Got status from sub, seq=821
[TX] StatusPacket seq=821 A=0.387 B=95.328
[RELAY] Got status from sub, seq=821
[TX] StatusPacket seq=821 A=1.051 B=99.140
[RX] CmdPacket target=0xFF cmd=0x0 seq=822
[TX] Immediate reply seq=822
[FWD] Forward to sub: cmd=0x0 seq=822
[RELAY] Got status from sub, seq=822
[RELAY] Got status from sub, seq=822
[TX] StatusPacket seq=822 A=1.861 B=99.897
[RELAY] Got status from sub, seq=822
[TX] StatusPacket seq=822 A=2.620 B=97.551
[RX] CmdPacket target=0xFF cmd=0x0 seq=823
[TX] Immediate reply seq=823
[FWD] Forward to sub: cmd=0x0 seq=823
[RELAY] Got status from sub, seq=823
[RELAY] Got status from sub, seq=823
[TX] StatusPacket seq=823 A=3.143 B=92.222
[TX] StatusPacket seq=823 A=3.297 B=84.320
[RELAY] Got status from sub, seq=823
[RX] CmdPacket target=0xFF cmd=0x0 seq=824
[TX] Immediate reply seq=824
[FWD] Forward to sub: cmd=0x0 seq=824
[RELAY] Got status from sub, seq=824
[TX] StatusPacket seq=824 A=3.050 B=74.258
[RELAY] Got status from sub, seq=824
[TX] StatusPacket seq=824 A=2.460 B=62.687
[RELAY] Got status from sub, seq=824
[RX] CmdPacket target=0xFF cmd=0x0 seq=825
[TX] Immediate reply seq=825
[TX] StatusPacket seq=825 A=1.672 B=50.327
[FWD] Forward to sub: cmd=0x0 seq=825
[RELAY] Got status from sub, seq=825
[RELAY] Got status from sub, seq=825
[TX] StatusPacket seq=825 A=0.878 B=37.947
[RELAY] Got status from sub, seq=825
[TX] StatusPacket seq=825 A=0.273 B=26.316
[RX] CmdPacket target=0xFF cmd=0x0 seq=826
[TX] Immediate reply seq=826
[FWD] Forward to sub: cmd=0x0 seq=826
[RELAY] Got status from sub, seq=826
[RELAY] Got status from sub, seq=826
[TX] StatusPacket seq=826 A=0.006 B=16.158
[RELAY] Got status from sub, seq=826
[TX] StatusPacket seq=826 A=0.141 B=8.104
[RX] CmdPacket target=0xFF cmd=0x0 seq=827
[TX] Immediate reply seq=827
[FWD] Forward to sub: cmd=0x0 seq=827
[RELAY] Got status from sub, seq=827
[RELAY] Got status from sub, seq=827
[TX] StatusPacket seq=827 A=0.645 B=2.655
[RELAY] Got status from sub, seq=827
[TX] StatusPacket seq=827 A=1.396 B=0.149
[RX] CmdPacket target=0xFF cmd=0x0 seq=828
[TX] Immediate reply seq=828
[FWD] Forward to sub: cmd=0x0 seq=828
[RELAY] Got status from sub, seq=828
[RELAY] Got status from sub, seq=828
[TX] StatusPacket seq=828 A=2.209 B=0.743
[RELAY] Got status from sub, seq=828
[TX] StatusPacket seq=828 A=2.885 B=4.400
[RX] CmdPacket target=0xFF cmd=0x0 seq=829
[TX] Immediate reply seq=829
[FWD] Forward to sub: cmd=0x0 seq=829
[RELAY] Got status from sub, seq=829
[RELAY] Got status from sub, seq=829
[TX] StatusPacket seq=829 A=3.258 B=10.892
[RELAY] Got status from sub, seq=829
[TX] StatusPacket seq=829 A=3.238 B=19.815
[RX] CmdPacket target=0xFF cmd=0x0 seq=830
[TX] Immediate reply seq=830
[FWD] Forward to sub: cmd=0x0 seq=830
[RELAY] Got status from sub, seq=830
[RELAY] Got status from sub, seq=830
[TX] StatusPacket seq=830 A=2.829 B=30.615
[RELAY] Got status from sub, seq=830
[TX] StatusPacket seq=830 A=2.132 B=42.620
[RX] CmdPacket target=0xFF cmd=0x0 seq=831
[TX] Immediate reply seq=831
[FWD] Forward to sub: cmd=0x0 seq=831
[RELAY] Got status from sub, seq=831
[RELAY] Got status from sub, seq=831
[TX] StatusPacket seq=831 A=1.316 B=55.085
[RELAY] Got status from sub, seq=831
[TX] StatusPacket seq=831 A=0.582 B=67.233
[RX] CmdPacket target=0xFF cmd=0x0 seq=832
[TX] Immediate reply seq=832
[FWD] Forward to sub: cmd=0x0 seq=832
[RELAY] Got status from sub, seq=832
[RELAY] Got status from sub, seq=832
[TX] StatusPacket seq=832 A=0.110 B=78.309
[RELAY] Got status from sub, seq=832
[TX] StatusPacket seq=832 A=0.015 B=87.626
[RX] CmdPacket target=0xFF cmd=0x0 seq=833
[TX] Immediate reply seq=833
[FWD] Forward to sub: cmd=0x0 seq=833
[RELAY] Got status from sub, seq=833
[RELAY] Got status from sub, seq=833
[TX] StatusPacket seq=833 A=0.320 B=94.603
[RELAY] Got status from sub, seq=833
[TX] StatusPacket seq=833 A=0.950 B=98.807
[RX] CmdPacket target=0xFF cmd=0x0 seq=834
[TX] Immediate reply seq=834
[FWD] Forward to sub: cmd=0x0 seq=834
[RELAY] Got status from sub, seq=834
[RELAY] Got status from sub, seq=834
[TX] StatusPacket seq=834 A=1.752 B=99.976
[RELAY] Got status from sub, seq=834
[TX] StatusPacket seq=834 A=2.529 B=98.038
[RX] CmdPacket target=0xFF cmd=0x0 seq=835
[TX] Immediate reply seq=835
[FWD] Forward to sub: cmd=0x0 seq=835
[RELAY] Got status from sub, seq=835
[RELAY] Got status from sub, seq=835
[TX] StatusPacket seq=835 A=3.091 B=93.113
[RELAY] Got status from sub, seq=835
[TX] StatusPacket seq=835 A=3.300 B=85.508
[RX] CmdPacket target=0xFF cmd=0x0 seq=836
[TX] Immediate reply seq=836
[FWD] Forward to sub: cmd=0x0 seq=836
[RELAY] Got status from sub, seq=836
[RELAY] Got status from sub, seq=836
[TX] StatusPacket seq=836 A=3.105 B=75.695
[RELAY] Got status from sub, seq=836
[TX] StatusPacket seq=836 A=2.553 B=64.284
[RX] CmdPacket target=0xFF cmd=0x0 seq=837
[TX] Immediate reply seq=837
[FWD] Forward to sub: cmd=0x0 seq=837
[RELAY] Got status from sub, seq=837
[RELAY] Got status from sub, seq=837
[TX] StatusPacket seq=837 A=1.781 B=51.986
[RELAY] Got status from sub, seq=837
[TX] StatusPacket seq=837 A=0.976 B=39.564
[RX] CmdPacket target=0xFF cmd=0x0 seq=838
[TX] Immediate reply seq=838
[FWD] Forward to sub: cmd=0x0 seq=838
[RELAY] Got status from sub, seq=838
[RELAY] Got status from sub, seq=838
[TX] StatusPacket seq=838 A=0.337 B=27.790
[RELAY] Got status from sub, seq=838
[TX] StatusPacket seq=838 A=0.019 B=17.398
[RX] CmdPacket target=0xFF cmd=0x0 seq=839
[TX] Immediate reply seq=839
[FWD] Forward to sub: cmd=0x0 seq=839
[RELAY] Got status from sub, seq=839
[RELAY] Got status from sub, seq=839
[TX] StatusPacket seq=839 A=0.100 B=9.033
[RELAY] Got status from sub, seq=839
[TX] StatusPacket seq=839 A=0.561 B=3.214
[RX] CmdPacket target=0xFF cmd=0x0 seq=840
[TX] Immediate reply seq=840
[FWD] Forward to sub: cmd=0x0 seq=840
[RELAY] Got status from sub, seq=840
[RELAY] Got status from sub, seq=840
[TX] StatusPacket seq=840 A=1.288 B=0.305
[RELAY] Got status from sub, seq=840
[TX] StatusPacket seq=840 A=2.104 B=0.486
[RX] CmdPacket target=0xFF cmd=0x0 seq=841
[TX] Immediate reply seq=841
[FWD] Forward to sub: cmd=0x0 seq=841
[RELAY] Got status from sub, seq=841
[RELAY] Got status from sub, seq=841
[TX] StatusPacket seq=841 A=2.809 B=3.745
[RELAY] Got status from sub, seq=841
[TX] StatusPacket seq=841 A=3.230 B=9.880
[RX] CmdPacket target=0xFF cmd=0x0 seq=842
[TX] Immediate reply seq=842
[FWD] Forward to sub: cmd=0x0 seq=842
[RELAY] Got status from sub, seq=842
[RELAY] Got status from sub, seq=842
[TX] StatusPacket seq=842 A=3.264 B=18.509
[RELAY] Got status from sub, seq=842
[TX] StatusPacket seq=842 A=2.903 B=29.097
[RX] CmdPacket target=0xFF cmd=0x0 seq=843
[TX] Immediate reply seq=843
[FWD] Forward to sub: cmd=0x0 seq=843
[RELAY] Got status from sub, seq=843
[RELAY] Got status from sub, seq=843
[TX] StatusPacket seq=843 A=2.235 B=40.984
[RELAY] Got status from sub, seq=843
[TX] StatusPacket seq=843 A=1.424 B=53.431
[RX] CmdPacket target=0xFF cmd=0x0 seq=844
[TX] Immediate reply seq=844
[FWD] Forward to sub: cmd=0x0 seq=844
[RELAY] Got status from sub, seq=844
[RELAY] Got status from sub, seq=844
[TX] StatusPacket seq=844 A=0.668 B=65.666
[RELAY] Got status from sub, seq=844
[TX] StatusPacket seq=844 A=0.153 B=76.926
[RX] CmdPacket target=0xFF cmd=0x0 seq=845
[TX] Immediate reply seq=845
[FWD] Forward to sub: cmd=0x0 seq=845
[RELAY] Got status from sub, seq=845
[RELAY] Got status from sub, seq=845
[TX] StatusPacket seq=845 A=0.004 B=86.512
[RELAY] Got status from sub, seq=845
[TX] StatusPacket seq=845 A=0.258 B=93.828
[RX] CmdPacket target=0xFF cmd=0x0 seq=846
[TX] Immediate reply seq=846
[FWD] Forward to sub: cmd=0x0 seq=846
[RELAY] Got status from sub, seq=846
[RELAY] Got status from sub, seq=846
[TX] StatusPacket seq=846 A=0.853 B=98.419
[RELAY] Got status from sub, seq=846
[TX] StatusPacket seq=846 A=1.643 B=100.000
[RX] CmdPacket target=0xFF cmd=0x0 seq=847
[TX] Immediate reply seq=847
[FWD] Forward to sub: cmd=0x0 seq=847
[RELAY] Got status from sub, seq=847
[RELAY] Got status from sub, seq=847
[TX] StatusPacket seq=847 A=2.435 B=98.472
[RELAY] Got status from sub, seq=847
[TX] StatusPacket seq=847 A=3.035 B=93.930
[RX] CmdPacket target=0xFF cmd=0x0 seq=848
[TX] Immediate reply seq=848
[FWD] Forward to sub: cmd=0x0 seq=848
[RELAY] Got status from sub, seq=848
[RELAY] Got status from sub, seq=848
[TX] StatusPacket seq=848 A=3.295 B=86.656
[RELAY] Got status from sub, seq=848
[TX] StatusPacket seq=848 A=3.153 B=77.104
[RX] CmdPacket target=0xFF cmd=0x0 seq=849
[TX] Immediate reply seq=849
[FWD] Forward to sub: cmd=0x0 seq=849
[RELAY] Got status from sub, seq=849
[RELAY] Got status from sub, seq=849
[TX] StatusPacket seq=849 A=2.643 B=65.866
[RELAY] Got status from sub, seq=849
[TX] StatusPacket seq=849 A=1.890 B=53.642
[RX] CmdPacket target=0xFF cmd=0x0 seq=850
[TX] Immediate reply seq=850
[FWD] Forward to sub: cmd=0x0 seq=850
[RELAY] Got status from sub, seq=850
[RELAY] Got status from sub, seq=850
[TX] StatusPacket seq=850 A=1.078 B=41.192
[RELAY] Got status from sub, seq=850
[TX] StatusPacket seq=850 A=0.406 B=29.289
[RX] CmdPacket target=0xFF cmd=0x0 seq=851
[TX] Immediate reply seq=851
[FWD] Forward to sub: cmd=0x0 seq=851
[RELAY] Got status from sub, seq=851
[RELAY] Got status from sub, seq=851
[TX] StatusPacket seq=851 A=0.039 B=18.674
[RELAY] Got status from sub, seq=851
[TX] StatusPacket seq=851 A=0.066 B=10.006
[RX] CmdPacket target=0xFF cmd=0x0 seq=852
[TX] Immediate reply seq=852
[FWD] Forward to sub: cmd=0x0 seq=852
[RELAY] Got status from sub, seq=852
[RELAY] Got status from sub, seq=852
[TX] StatusPacket seq=852 A=0.481 B=3.825
[RELAY] Got status from sub, seq=852
[TX] StatusPacket seq=852 A=1.182 B=0.515
[RX] CmdPacket target=0xFF cmd=0x0 seq=853
[TX] Immediate reply seq=853
[FWD] Forward to sub: cmd=0x0 seq=853
[RELAY] Got status from sub, seq=853
[RELAY] Got status from sub, seq=853
[TX] StatusPacket seq=853 A=1.998 B=0.282
[RELAY] Got status from sub, seq=853
[TX] StatusPacket seq=853 A=2.729 B=3.140
[RX] CmdPacket target=0xFF cmd=0x0 seq=854
[TX] Immediate reply seq=854
[FWD] Forward to sub: cmd=0x0 seq=854
[RELAY] Got status from sub, seq=854
[RELAY] Got status from sub, seq=854
[TX] StatusPacket seq=854 A=3.196 B=8.940
[TX] StatusPacket seq=854 A=3.283 B=17.238
[RELAY] Got status from sub, seq=854
[RX] CmdPacket target=0xFF cmd=0x0 seq=855
[TX] Immediate reply seq=855
[FWD] Forward to sub: cmd=0x0 seq=855
[RELAY] Got status from sub, seq=855
[TX] StatusPacket seq=855 A=2.972 B=27.601
[RELAY] Got status from sub, seq=855
[TX] StatusPacket seq=855 A=2.336 B=39.357
[RELAY] Got status from sub, seq=855
[RX] CmdPacket target=0xFF cmd=0x0 seq=856
[TX] Immediate reply seq=856
[TX] StatusPacket seq=856 A=1.533 B=51.774
[FWD] Forward to sub: cmd=0x0 seq=856
[RELAY] Got status from sub, seq=856
[RELAY] Got status from sub, seq=856
[TX] StatusPacket seq=856 A=0.758 B=64.082
[RELAY] Got status from sub, seq=856
[TX] StatusPacket seq=856 A=0.202 B=75.513
[RX] CmdPacket target=0xFF cmd=0x0 seq=857
[TX] Immediate reply seq=857
[FWD] Forward to sub: cmd=0x0 seq=857
[RELAY] Got status from sub, seq=857
[RELAY] Got status from sub, seq=857
[TX] StatusPacket seq=857 A=0.000 B=85.359
[RELAY] Got status from sub, seq=857
[TX] StatusPacket seq=857 A=0.202 B=93.006
[RX] CmdPacket target=0xFF cmd=0x0 seq=858
[TX] Immediate reply seq=858
[FWD] Forward to sub: cmd=0x0 seq=858
[RELAY] Got status from sub, seq=858
[RELAY] Got status from sub, seq=858
[TX] StatusPacket seq=858 A=0.759 B=97.979
[RELAY] Got status from sub, seq=858
[TX] StatusPacket seq=858 A=1.534 B=99.969
[RX] CmdPacket target=0xFF cmd=0x0 seq=859
[TX] Immediate reply seq=859
[FWD] Forward to sub: cmd=0x0 seq=859
[RELAY] Got status from sub, seq=859
[RELAY] Got status from sub, seq=859
[TX] StatusPacket seq=859 A=2.337 B=98.852
[RELAY] Got status from sub, seq=859
[TX] StatusPacket seq=859 A=2.972 B=94.698
[RX] CmdPacket target=0xFF cmd=0x0 seq=860
[TX] Immediate reply seq=860
[FWD] Forward to sub: cmd=0x0 seq=860
[RELAY] Got status from sub, seq=860
[RELAY] Got status from sub, seq=860
[TX] StatusPacket seq=860 A=3.284 B=87.765
[RELAY] Got status from sub, seq=860
[TX] StatusPacket seq=860 A=3.195 B=78.483
[RX] CmdPacket target=0xFF cmd=0x0 seq=861
[TX] Immediate reply seq=861
[FWD] Forward to sub: cmd=0x0 seq=861
[RELAY] Got status from sub, seq=861
[RELAY] Got status from sub, seq=861
[TX] StatusPacket seq=861 A=2.728 B=67.431
[RELAY] Got status from sub, seq=861
[TX] StatusPacket seq=861 A=1.997 B=55.295
[RX] CmdPacket target=0xFF cmd=0x0 seq=862
[TX] Immediate reply seq=862
[FWD] Forward to sub: cmd=0x0 seq=862
[RELAY] Got status from sub, seq=862
[RELAY] Got status from sub, seq=862
[TX] StatusPacket seq=862 A=1.182 B=42.830
[RELAY] Got status from sub, seq=862
[TX] StatusPacket seq=862 A=0.480 B=30.810
[RX] CmdPacket target=0xFF cmd=0x0 seq=863
[TX] Immediate reply seq=863
[FWD] Forward to sub: cmd=0x0 seq=863
[RELAY] Got status from sub, seq=863
[RELAY] Got status from sub, seq=863
[TX] StatusPacket seq=863 A=0.066 B=19.984
[RELAY] Got status from sub, seq=863
[TX] StatusPacket seq=863 A=0.039 B=11.024
[RX] CmdPacket target=0xFF cmd=0x0 seq=864
[TX] Immediate reply seq=864
[FWD] Forward to sub: cmd=0x0 seq=864
[RELAY] Got status from sub, seq=864
[RELAY] Got status from sub, seq=864
[TX] StatusPacket seq=864 A=0.406 B=4.487
[RELAY] Got status from sub, seq=864
[TX] StatusPacket seq=864 A=1.078 B=0.780
[RX] CmdPacket target=0xFF cmd=0x0 seq=865
[TX] Immediate reply seq=865
[FWD] Forward to sub: cmd=0x0 seq=865
[RELAY] Got status from sub, seq=865
[RELAY] Got status from sub, seq=865
[TX] StatusPacket seq=865 A=1.890 B=0.134
[RELAY] Got status from sub, seq=865
[TX] StatusPacket seq=865 A=2.644 B=2.587
[RX] CmdPacket target=0xFF cmd=0x0 seq=866
[TX] Immediate reply seq=866
[FWD] Forward to sub: cmd=0x0 seq=866
[RELAY] Got status from sub, seq=866
[RELAY] Got status from sub, seq=866
[TX] StatusPacket seq=866 A=3.153 B=7.989
[RELAY] Got status from sub, seq=866
[TX] StatusPacket seq=866 A=3.295 B=16.003
[RX] CmdPacket target=0xFF cmd=0x0 seq=867
[TX] Immediate reply seq=867
[FWD] Forward to sub: cmd=0x0 seq=867
[RELAY] Got status from sub, seq=867
[RELAY] Got status from sub, seq=867
[TX] StatusPacket seq=867 A=3.034 B=26.130
[RELAY] Got status from sub, seq=867
[TX] StatusPacket seq=867 A=2.434 B=37.742
[RX] CmdPacket target=0xFF cmd=0x0 seq=868
[TX] Immediate reply seq=868
[FWD] Forward to sub: cmd=0x0 seq=868
[RELAY] Got status from sub, seq=868
[RELAY] Got status from sub, seq=868
[TX] StatusPacket seq=868 A=1.642 B=50.116
[RELAY] Got status from sub, seq=868
[TX] StatusPacket seq=868 A=0.852 B=62.482
[RX] CmdPacket target=0xFF cmd=0x0 seq=869
[TX] Immediate reply seq=869
[FWD] Forward to sub: cmd=0x0 seq=869
[RELAY] Got status from sub, seq=869
[RELAY] Got status from sub, seq=869
[TX] StatusPacket seq=869 A=0.257 B=74.073
[RELAY] Got status from sub, seq=869
[TX] StatusPacket seq=869 A=0.004 B=84.166
[RX] CmdPacket target=0xFF cmd=0x0 seq=870
[TX] Immediate reply seq=870
[FWD] Forward to sub: cmd=0x0 seq=870
[RELAY] Got status from sub, seq=870
[RELAY] Got status from sub, seq=870
[TX] StatusPacket seq=870 A=0.153 B=92.136
[RELAY] Got status from sub, seq=870
[TX] StatusPacket seq=870 A=0.669 B=97.486
[RX] CmdPacket target=0xFF cmd=0x0 seq=871
[TX] Immediate reply seq=871
[FWD] Forward to sub: cmd=0x0 seq=871
[RELAY] Got status from sub, seq=871
[RELAY] Got status from sub, seq=871
[TX] StatusPacket seq=871 A=1.425 B=99.883
[RELAY] Got status from sub, seq=871
[TX] StatusPacket seq=871 A=2.236 B=99.179
[RX] CmdPacket target=0xFF cmd=0x0 seq=872
[TX] Immediate reply seq=872
[FWD] Forward to sub: cmd=0x0 seq=872
[RELAY] Got status from sub, seq=872
[RELAY] Got status from sub, seq=872
[TX] StatusPacket seq=872 A=2.904 B=95.417
[RELAY] Got status from sub, seq=872
[TX] StatusPacket seq=872 A=3.265 B=88.831
[RX] CmdPacket target=0xFF cmd=0x0 seq=873
[TX] Immediate reply seq=873
[FWD] Forward to sub: cmd=0x0 seq=873
[RELAY] Got status from sub, seq=873
[RELAY] Got status from sub, seq=873
[TX] StatusPacket seq=873 A=3.230 B=79.831
[RELAY] Got status from sub, seq=873
[TX] StatusPacket seq=873 A=2.809 B=68.976
[RX] CmdPacket target=0xFF cmd=0x0 seq=874
[TX] Immediate reply seq=874
[FWD] Forward to sub: cmd=0x0 seq=874
[RELAY] Got status from sub, seq=874
[RELAY] Got status from sub, seq=874
[TX] StatusPacket seq=874 A=2.104 B=56.942
[RELAY] Got status from sub, seq=874
[TX] StatusPacket seq=874 A=1.288 B=44.475
[RX] CmdPacket target=0xFF cmd=0x0 seq=875
[TX] Immediate reply seq=875
[FWD] Forward to sub: cmd=0x0 seq=875
[RELAY] Got status from sub, seq=875
[RELAY] Got status from sub, seq=875
[TX] StatusPacket seq=875 A=0.560 B=32.353
[RELAY] Got status from sub, seq=875
[TX] StatusPacket seq=875 A=0.100 B=21.327
[RX] CmdPacket target=0xFF cmd=0x0 seq=876
[TX] Immediate reply seq=876
[FWD] Forward to sub: cmd=0x0 seq=876
[RELAY] Got status from sub, seq=876
[RELAY] Got status from sub, seq=876
[TX] StatusPacket seq=876 A=0.019 B=12.084
[RELAY] Got status from sub, seq=876
[TX] StatusPacket seq=876 A=0.337 B=5.199
[RX] CmdPacket target=0xFF cmd=0x0 seq=877
[TX] Immediate reply seq=877
[FWD] Forward to sub: cmd=0x0 seq=877
[RELAY] Got status from sub, seq=877
[RELAY] Got status from sub, seq=877
[TX] StatusPacket seq=877 A=0.977 B=1.099
[RELAY] Got status from sub, seq=877
[TX] StatusPacket seq=877 A=1.782 B=0.040
[RX] CmdPacket target=0xFF cmd=0x0 seq=878
[TX] Immediate reply seq=878
[FWD] Forward to sub: cmd=0x0 seq=878
[RELAY] Got status from sub, seq=878
[RELAY] Got status from sub, seq=878
[TX] StatusPacket seq=878 A=2.554 B=2.087
[RELAY] Got status from sub, seq=878
[TX] StatusPacket seq=878 A=3.105 B=7.113
[RX] CmdPacket target=0xFF cmd=0x0 seq=879
[TX] Immediate reply seq=879
[FWD] Forward to sub: cmd=0x0 seq=879
[RELAY] Got status from sub, seq=879
[RELAY] Got status from sub, seq=879
[TX] StatusPacket seq=879 A=3.300 B=14.805
[RELAY] Got status from sub, seq=879
[TX] StatusPacket seq=879 A=3.091 B=24.686
[RX] CmdPacket target=0xFF cmd=0x0 seq=880
[TX] Immediate reply seq=880
[FWD] Forward to sub: cmd=0x0 seq=880
[RELAY] Got status from sub, seq=880
[RELAY] Got status from sub, seq=880
[TX] StatusPacket seq=880 A=2.529 B=36.140
[RELAY] Got status from sub, seq=880
[TX] StatusPacket seq=880 A=1.752 B=48.457
[RX] CmdPacket target=0xFF cmd=0x0 seq=881
[TX] Immediate reply seq=881
[FWD] Forward to sub: cmd=0x0 seq=881
[RELAY] Got status from sub, seq=881
[RELAY] Got status from sub, seq=881
[TX] StatusPacket seq=881 A=0.950 B=60.869
[RELAY] Got status from sub, seq=881
[TX] StatusPacket seq=881 A=0.319 B=72.605
[RX] CmdPacket target=0xFF cmd=0x0 seq=882
[TX] Immediate reply seq=882
[FWD] Forward to sub: cmd=0x0 seq=882
[RELAY] Got status from sub, seq=882
[RELAY] Got status from sub, seq=882
[TX] StatusPacket seq=882 A=0.014 B=82.936
[RELAY] Got status from sub, seq=882
[TX] StatusPacket seq=882 A=0.110 B=91.220
[RX] CmdPacket target=0xFF cmd=0x0 seq=883
[TX] Immediate reply seq=883
[FWD] Forward to sub: cmd=0x0 seq=883
[RELAY] Got status from sub, seq=883
[RELAY] Got status from sub, seq=883
[TX] StatusPacket seq=883 A=0.583 B=96.940
[RELAY] Got status from sub, seq=883
[TX] StatusPacket seq=883 A=1.317 B=99.742
[RX] CmdPacket target=0xFF cmd=0x0 seq=884
[TX] Immediate reply seq=884
[FWD] Forward to sub: cmd=0x0 seq=884
[RELAY] Got status from sub, seq=884
[RELAY] Got status from sub, seq=884
[TX] StatusPacket seq=884 A=2.132 B=99.451
[RELAY] Got status from sub, seq=884
[TX] StatusPacket seq=884 A=2.830 B=96.086
[RX] CmdPacket target=0xFF cmd=0x0 seq=885
[TX] Immediate reply seq=885
[FWD] Forward to sub: cmd=0x0 seq=885
[RELAY] Got status from sub, seq=885
[RELAY] Got status from sub, seq=885
[TX] StatusPacket seq=885 A=3.239 B=89.824
[TX] StatusPacket seq=885 A=3.258 B=81.146
[RELAY] Got status from sub, seq=885
[RX] CmdPacket target=0xFF cmd=0x0 seq=886
[TX] Immediate reply seq=886
[FWD] Forward to sub: cmd=0x0 seq=886
[RELAY] Got status from sub, seq=886
[TX] StatusPacket seq=886 A=2.884 B=70.501
[RELAY] Got status from sub, seq=886
[TX] StatusPacket seq=886 A=2.208 B=58.581
[RELAY] Got status from sub, seq=886
[RX] CmdPacket target=0xFF cmd=0x0 seq=887
[TX] Immediate reply seq=887
[FWD] Forward to sub: cmd=0x0 seq=887
[RELAY] Got status from sub, seq=887
[TX] StatusPacket seq=887 A=1.392 B=46.077
[RELAY] Got status from sub, seq=887
[TX] StatusPacket seq=887 A=0.645 B=33.915
[RELAY] Got status from sub, seq=887
[TX] StatusPacket seq=887 A=0.141 B=22.702
[RELAY] Got status from sub, seq=887
[TX] StatusPacket seq=887 A=0.006 B=13.187
[RELAY] Got status from sub, seq=887
[TX] StatusPacket seq=887 A=0.274 B=5.960
[RX] CmdPacket target=0xFF cmd=0x0 seq=889
[TX] Immediate reply seq=889
[FWD] Forward to sub: cmd=0x0 seq=889
[RELAY] Got status from sub, seq=889
[RELAY] Got status from sub, seq=889
[TX] StatusPacket seq=889 A=0.879 B=1.472
[RELAY] Got status from sub, seq=889
[TX] StatusPacket seq=889 A=1.672 B=0.001
[RX] CmdPacket target=0xFF cmd=0x0 seq=890
[TX] Immediate reply seq=890
[FWD] Forward to sub: cmd=0x0 seq=890
[RELAY] Got status from sub, seq=890
[RELAY] Got status from sub, seq=890
[TX] StatusPacket seq=890 A=2.460 B=1.639
[RELAY] Got status from sub, seq=890
[TX] StatusPacket seq=890 A=3.050 B=6.283
[RX] CmdPacket target=0xFF cmd=0x0 seq=891
[TX] Immediate reply seq=891
[FWD] Forward to sub: cmd=0x0 seq=891
[RELAY] Got status from sub, seq=891
[RELAY] Got status from sub, seq=891
[TX] StatusPacket seq=891 A=3.297 B=13.646
[RELAY] Got status from sub, seq=891
[TX] StatusPacket seq=891 A=3.141 B=23.269
[RX] CmdPacket target=0xFF cmd=0x0 seq=892
[TX] Immediate reply seq=892
[FWD] Forward to sub: cmd=0x0 seq=892
[RELAY] Got status from sub, seq=892
[RELAY] Got status from sub, seq=892
[TX] StatusPacket seq=892 A=2.620 B=34.554
[RELAY] Got status from sub, seq=892
[TX] StatusPacket seq=892 A=1.861 B=46.799
[RX] CmdPacket target=0xFF cmd=0x0 seq=893
[TX] Immediate reply seq=893
[FWD] Forward to sub: cmd=0x0 seq=893
[RELAY] Got status from sub, seq=893
[RELAY] Got status from sub, seq=893
[TX] StatusPacket seq=893 A=1.050 B=59.244
[RELAY] Got status from sub, seq=893
[TX] StatusPacket seq=893 A=0.387 B=71.113
[RX] CmdPacket target=0xFF cmd=0x0 seq=894
[TX] Immediate reply seq=894
[FWD] Forward to sub: cmd=0x0 seq=894
[RELAY] Got status from sub, seq=894
[RELAY] Got status from sub, seq=894
[TX] StatusPacket seq=894 A=0.033 B=81.670
[RELAY] Got status from sub, seq=894
[TX] StatusPacket seq=894 A=0.074 B=90.258
[RX] CmdPacket target=0xFF cmd=0x0 seq=895
[TX] Immediate reply seq=895
[FWD] Forward to sub: cmd=0x0 seq=895
[RELAY] Got status from sub, seq=895
[RELAY] Got status from sub, seq=895
[TX] StatusPacket seq=895 A=0.502 B=96.343
[RELAY] Got status from sub, seq=895
[TX] StatusPacket seq=895 A=1.210 B=99.546
[RX] CmdPacket target=0xFF cmd=0x0 seq=896
[TX] Immediate reply seq=896
[FWD] Forward to sub: cmd=0x0 seq=896
[RELAY] Got status from sub, seq=896
[RELAY] Got status from sub, seq=896
[TX] StatusPacket seq=896 A=2.027 B=99.669
[RELAY] Got status from sub, seq=896
[TX] StatusPacket seq=896 A=2.751 B=96.704
[RX] CmdPacket target=0xFF cmd=0x0 seq=897
[TX] Immediate reply seq=897
[FWD] Forward to sub: cmd=0x0 seq=897
[RELAY] Got status from sub, seq=897
[RELAY] Got status from sub, seq=897
[TX] StatusPacket seq=897 A=3.205 B=90.835
[RELAY] Got status from sub, seq=897
[TX] StatusPacket seq=897 A=3.279 B=82.427
[RX] CmdPacket target=0xFF cmd=0x0 seq=898
[TX] Immediate reply seq=898
[FWD] Forward to sub: cmd=0x0 seq=898
[RELAY] Got status from sub, seq=898
[RELAY] Got status from sub, seq=898
[TX] StatusPacket seq=898 A=2.954 B=72.002
[RELAY] Got status from sub, seq=898
[TX] StatusPacket seq=898 A=2.310 B=60.210
[RX] CmdPacket target=0xFF cmd=0x0 seq=899
[TX] Immediate reply seq=899
[FWD] Forward to sub: cmd=0x0 seq=899
[RELAY] Got status from sub, seq=899
[RELAY] Got status from sub, seq=899
[TX] StatusPacket seq=899 A=1.504 B=47.783
[RELAY] Got status from sub, seq=899
[TX] StatusPacket seq=899 A=0.734 B=35.494
[RX] CmdPacket target=0xFF cmd=0x0 seq=900
[TX] Immediate reply seq=900
[FWD] Forward to sub: cmd=0x0 seq=900
[RELAY] Got status from sub, seq=900
[RELAY] Got status from sub, seq=900
[TX] StatusPacket seq=900 A=0.188 B=24.107
[RELAY] Got status from sub, seq=900
[TX] StatusPacket seq=900 A=0.000 B=14.330
[RX] CmdPacket target=0xFF cmd=0x0 seq=901
[TX] Immediate reply seq=901
[FWD] Forward to sub: cmd=0x0 seq=901
[RELAY] Got status from sub, seq=901
[RELAY] Got status from sub, seq=901
[TX] StatusPacket seq=901 A=0.216 B=6.770
[RELAY] Got status from sub, seq=901
[TX] StatusPacket seq=901 A=0.783 B=1.898
[RX] CmdPacket target=0xFF cmd=0x0 seq=902
[TX] Immediate reply seq=902
[FWD] Forward to sub: cmd=0x0 seq=902
[RELAY] Got status from sub, seq=902
[RELAY] Got status from sub, seq=902
[TX] StatusPacket seq=902 A=1.563 B=0.017
[RELAY] Got status from sub, seq=902
[TX] StatusPacket seq=902 A=2.363 B=1.244
[RX] CmdPacket target=0xFF cmd=0x0 seq=903
[TX] Immediate reply seq=903
[FWD] Forward to sub: cmd=0x0 seq=903
[RELAY] Got status from sub, seq=903
[RELAY] Got status from sub, seq=903
[TX] StatusPacket seq=903 A=2.989 B=5.502
[RELAY] Got status from sub, seq=903
[TX] StatusPacket seq=903 A=3.287 B=12.527
[RX] CmdPacket target=0xFF cmd=0x0 seq=904
[TX] Immediate reply seq=904
[FWD] Forward to sub: cmd=0x0 seq=904
[RELAY] Got status from sub, seq=904
[RELAY] Got status from sub, seq=904
[TX] StatusPacket seq=904 A=3.185 B=21.882
[RELAY] Got status from sub, seq=904
[TX] StatusPacket seq=904 A=2.706 B=32.985
[RX] CmdPacket target=0xFF cmd=0x0 seq=905
[TX] Immediate reply seq=905
[FWD] Forward to sub: cmd=0x0 seq=905
[RELAY] Got status from sub, seq=905
[RELAY] Got status from sub, seq=905
[TX] StatusPacket seq=905 A=1.969 B=45.145
[RELAY] Got status from sub, seq=905
[TX] StatusPacket seq=905 A=1.154 B=57.608
[RX] CmdPacket target=0xFF cmd=0x0 seq=906
[TX] Immediate reply seq=906
[FWD] Forward to sub: cmd=0x0 seq=906
[RELAY] Got status from sub, seq=906
[RELAY] Got status from sub, seq=906
[TX] StatusPacket seq=906 A=0.460 B=69.598
[RELAY] Got status from sub, seq=906
[TX] StatusPacket seq=906 A=0.058 B=80.369
[RX] CmdPacket target=0xFF cmd=0x0 seq=907
[TX] Immediate reply seq=907
[FWD] Forward to sub: cmd=0x0 seq=907
[RELAY] Got status from sub, seq=907
[RELAY] Got status from sub, seq=907
[TX] StatusPacket seq=907 A=0.045 B=89.252
[RELAY] Got status from sub, seq=907
[TX] StatusPacket seq=907 A=0.426 B=95.694
[RX] CmdPacket target=0xFF cmd=0x0 seq=908
[TX] Immediate reply seq=908
[FWD] Forward to sub: cmd=0x0 seq=908
[RELAY] Got status from sub, seq=908
[RELAY] Got status from sub, seq=908
[TX] StatusPacket seq=908 A=1.106 B=99.296
[RELAY] Got status from sub, seq=908
[TX] StatusPacket seq=908 A=1.919 B=99.832
[RX] CmdPacket target=0xFF cmd=0x0 seq=909
[TX] Immediate reply seq=909
[FWD] Forward to sub: cmd=0x0 seq=909
[RELAY] Got status from sub, seq=909
[RELAY] Got status from sub, seq=909
[TX] StatusPacket seq=909 A=2.667 B=97.270
[RELAY] Got status from sub, seq=909
[TX] StatusPacket seq=909 A=3.165 B=91.769
[RX] CmdPacket target=0xFF cmd=0x0 seq=910
[TX] Immediate reply seq=910
[FWD] Forward to sub: cmd=0x0 seq=910
[RELAY] Got status from sub, seq=910
[RELAY] Got status from sub, seq=910
[TX] StatusPacket seq=910 A=3.293 B=83.671
[RELAY] Got status from sub, seq=910
[TX] StatusPacket seq=910 A=3.018 B=73.480
[RX] CmdPacket target=0xFF cmd=0x0 seq=911
[TX] Immediate reply seq=911
[FWD] Forward to sub: cmd=0x0 seq=911
[RELAY] Got status from sub, seq=911
[RELAY] Got status from sub, seq=911
[TX] StatusPacket seq=911 A=2.409 B=61.829
[RELAY] Got status from sub, seq=911
[TX] StatusPacket seq=911 A=1.613 B=49.442
[RX] CmdPacket target=0xFF cmd=0x0 seq=912
[TX] Immediate reply seq=912
[FWD] Forward to sub: cmd=0x0 seq=912
[RELAY] Got status from sub, seq=912
[RELAY] Got status from sub, seq=912
[TX] StatusPacket seq=912 A=0.827 B=37.090
[RELAY] Got status from sub, seq=912
[TX] StatusPacket seq=912 A=0.242 B=25.540
[RX] CmdPacket target=0xFF cmd=0x0 seq=913
[TX] Immediate reply seq=913
[FWD] Forward to sub: cmd=0x0 seq=913
[RELAY] Got status from sub, seq=913
[RELAY] Got status from sub, seq=913
[TX] StatusPacket seq=913 A=0.002 B=15.512
[RELAY] Got status from sub, seq=913
[TX] StatusPacket seq=913 A=0.165 B=7.628
[RX] CmdPacket target=0xFF cmd=0x0 seq=914
[TX] Immediate reply seq=914
[FWD] Forward to sub: cmd=0x0 seq=914
[RELAY] Got status from sub, seq=914
[RELAY] Got status from sub, seq=914
[TX] StatusPacket seq=914 A=0.692 B=2.378
[RELAY] Got status from sub, seq=914
[TX] StatusPacket seq=914 A=1.454 B=0.089
[RX] CmdPacket target=0xFF cmd=0x0 seq=915
[TX] Immediate reply seq=915
[FWD] Forward to sub: cmd=0x0 seq=915
[RELAY] Got status from sub, seq=915
[RELAY] Got status from sub, seq=915
[TX] StatusPacket seq=915 A=2.263 B=0.903
[RELAY] Got status from sub, seq=915
[TX] StatusPacket seq=915 A=2.922 B=4.770
[RX] CmdPacket target=0xFF cmd=0x0 seq=916
[TX] Immediate reply seq=916
[FWD] Forward to sub: cmd=0x0 seq=916
[RELAY] Got status from sub, seq=916
[RELAY] Got status from sub, seq=916
[TX] StatusPacket seq=916 A=3.270 B=11.449
[TX] StatusPacket seq=916 A=3.221 B=20.525
[TX] StatusPacket seq=916 A=2.788 B=31.434
[RELAY] Got status from sub, seq=916
[TX] StatusPacket seq=916 A=2.076 B=43.497
[RELAY] Got status from sub, seq=916
[RX] CmdPacket target=0xFF cmd=0x0 seq=918
[TX] Immediate reply seq=918
[FWD] Forward to sub: cmd=0x0 seq=918
[RELAY] Got status from sub, seq=918
[TX] StatusPacket seq=918 A=1.259 B=55.964
[RELAY] Got status from sub, seq=918
[TX] StatusPacket seq=918 A=0.538 B=68.061
[RELAY] Got status from sub, seq=918
[TX] StatusPacket seq=918 A=0.090 B=79.034
[RELAY] Got status from sub, seq=918
[TX] StatusPacket seq=918 A=0.023 B=88.203
[RELAY] Got status from sub, seq=918
[TX] StatusPacket seq=918 A=0.355 B=94.996
[RELAY] Got status from sub, seq=918
[TX] StatusPacket seq=918 A=1.004 B=98.991
[RELAY] Got status from sub, seq=918
[TX] StatusPacket seq=918 A=1.811 B=99.941
[RELAY] Got status from sub, seq=918
[TX] StatusPacket seq=918 A=2.578 B=97.785
[RELAY] Got status from sub, seq=918
[TX] StatusPacket seq=918 A=3.119 B=92.658
[RELAY] Got status from sub, seq=918
[TX] StatusPacket seq=918 A=3.299 B=84.879
[RELAY] Got status from sub, seq=918
[TX] StatusPacket seq=918 A=3.076 B=74.932
[RELAY] Got status from sub, seq=918
[TX] StatusPacket seq=918 A=2.504 B=63.434
[RELAY] Got status from sub, seq=918
[TX] StatusPacket seq=918 A=1.723 B=51.101
[RELAY] Got status from sub, seq=918
[TX] StatusPacket seq=918 A=0.923 B=38.700
[RELAY] Got status from sub, seq=918
[TX] StatusPacket seq=918 A=0.302 B=27.001
[RELAY] Got status from sub, seq=918
[TX] StatusPacket seq=918 A=0.011 B=16.732
[RELAY] Got status from sub, seq=918
[TX] StatusPacket seq=918 A=0.121 B=8.532
[RELAY] Got status from sub, seq=918
[TX] StatusPacket seq=918 A=0.605 B=2.909
[RELAY] Got status from sub, seq=918
[TX] StatusPacket seq=918 A=1.345 B=0.215
[RELAY] Got status from sub, seq=918
[TX] StatusPacket seq=918 A=2.160 B=0.616
[RELAY] Got status from sub, seq=918
[TX] StatusPacket seq=918 A=2.850 B=4.088
[RELAY] Got status from sub, seq=918
[TX] StatusPacket seq=918 A=3.246 B=10.414
[RELAY] Got status from sub, seq=918
[TX] StatusPacket seq=918 A=3.251 B=19.202
[RELAY] Got status from sub, seq=918
[TX] StatusPacket seq=918 A=2.864 B=29.904
[RELAY] Got status from sub, seq=918
[TX] StatusPacket seq=918 A=2.180 B=41.856
[RELAY] Got status from sub, seq=918
[TX] StatusPacket seq=918 A=1.366 B=54.314
[RELAY] Got status from sub, seq=918
[TX] StatusPacket seq=918 A=0.622 B=66.504
[RELAY] Got status from sub, seq=918
[TX] StatusPacket seq=918 A=0.129 B=77.668
[RELAY] Got status from sub, seq=918
[TX] StatusPacket seq=918 A=0.009 B=87.111
[RELAY] Got status from sub, seq=918
[TX] StatusPacket seq=918 A=0.290 B=94.247
[RELAY] Got status from sub, seq=918
[TX] StatusPacket seq=918 A=0.904 B=98.633
[RELAY] Got status from sub, seq=918
[TX] StatusPacket seq=918 A=1.701 B=99.994
[RELAY] Got status from sub, seq=918
[TX] StatusPacket seq=918 A=2.486 B=98.247
[RELAY] Got status from sub, seq=918
[TX] StatusPacket seq=918 A=3.066 B=93.500
[RELAY] Got status from sub, seq=918
[TX] StatusPacket seq=918 A=3.299 B=86.049
[RELAY] Got status from sub, seq=918
[TX] StatusPacket seq=918 A=3.128 B=76.356
[RELAY] Got status from sub, seq=918
[TX] StatusPacket seq=918 A=2.596 B=65.025
[RELAY] Got status from sub, seq=918
[TX] StatusPacket seq=918 A=1.832 B=52.759
[RELAY] Got status from sub, seq=918
[TX] StatusPacket seq=918 A=1.023 B=40.322
[RELAY] Got status from sub, seq=918
[TX] StatusPacket seq=918 A=0.368 B=28.487
[RELAY] Got status from sub, seq=918
[TX] StatusPacket seq=918 A=0.027 B=17.989
[RELAY] Got status from sub, seq=918
[TX] StatusPacket seq=918 A=0.083 B=9.481
[RELAY] Got status from sub, seq=918
[TX] StatusPacket seq=918 A=0.523 B=3.493
[RELAY] Got status from sub, seq=918
[TX] StatusPacket seq=918 A=1.239 B=0.396
[RELAY] Got status from sub, seq=918
[TX] StatusPacket seq=918 A=2.055 B=0.384
[RELAY] Got status from sub, seq=918
[TX] StatusPacket seq=918 A=2.772 B=3.456
[RELAY] Got status from sub, seq=918
[TX] StatusPacket seq=918 A=3.215 B=9.422
[RELAY] Got status from sub, seq=918
[TX] StatusPacket seq=918 A=3.274 B=17.912
[RELAY] Got status from sub, seq=918
[TX] StatusPacket seq=918 A=2.936 B=28.396
[RELAY] Got status from sub, seq=918
[TX] StatusPacket seq=918 A=2.283 B=40.223
[RELAY] Got status from sub, seq=918
[TX] StatusPacket seq=918 A=1.475 B=52.659
[RELAY] Got status from sub, seq=918
[TX] StatusPacket seq=918 A=0.710 B=64.929
[RELAY] Got status from sub, seq=918
[TX] StatusPacket seq=918 A=0.175 B=76.271
[RELAY] Got status from sub, seq=918
[TX] StatusPacket seq=918 A=0.001 B=85.979
[RELAY] Got status from sub, seq=918
[TX] StatusPacket seq=918 A=0.231 B=93.451
[RELAY] Got status from sub, seq=918
[TX] StatusPacket seq=918 A=0.808 B=98.220
[RELAY] Got status from sub, seq=918
[TX] StatusPacket seq=918 A=1.592 B=99.992
[RELAY] Got status from sub, seq=918
[TX] StatusPacket seq=918 A=2.390 B=98.656
[RELAY] Got status from sub, seq=918
[TX] StatusPacket seq=918 A=3.006 B=94.294
[RELAY] Got status from sub, seq=918
[TX] StatusPacket seq=918 A=3.291 B=87.145
[TX] StatusPacket seq=918 A=3.174 B=77.751
[TX] StatusPacket seq=918 A=2.683 B=66.599
[RELAY] Got status from sub, seq=918
[TX] StatusPacket seq=918 A=1.940 B=54.414
[RELAY] Got status from sub, seq=918
[TX] StatusPacket seq=918 A=1.126 B=41.955
[RELAY] Got status from sub, seq=918
[TX] StatusPacket seq=918 A=0.440 B=29.996
[RELAY] Got status from sub, seq=918
[TX] StatusPacket seq=918 A=0.050 B=19.281
[RELAY] Got status from sub, seq=918
[TX] StatusPacket seq=918 A=0.052 B=10.476
[RELAY] Got status from sub, seq=918
[TX] StatusPacket seq=918 A=0.445 B=4.128
[RELAY] Got status from sub, seq=918
[TX] StatusPacket seq=918 A=1.134 B=0.632
[RELAY] Got status from sub, seq=918
[TX] StatusPacket seq=918 A=1.948 B=0.206
[RELAY] Got status from sub, seq=918
[TX] StatusPacket seq=918 A=2.690 B=2.876
[RELAY] Got status from sub, seq=918
[TX] StatusPacket seq=918 A=3.177 B=8.476
[RELAY] Got status from sub, seq=918
[TX] StatusPacket seq=918 A=3.290 B=16.657
[RELAY] Got status from sub, seq=918
[TX] StatusPacket seq=918 A=3.002 B=26.912
[RELAY] Got status from sub, seq=918
[TX] StatusPacket seq=918 A=2.382 B=38.602
[RELAY] Got status from sub, seq=918
[TX] StatusPacket seq=918 A=1.584 B=51.001
[RELAY] Got status from sub, seq=918
[TX] StatusPacket seq=918 A=0.802 B=63.337
[RELAY] Got status from sub, seq=918
[TX] StatusPacket seq=918 A=0.227 B=74.845
[RELAY] Got status from sub, seq=918
[TX] StatusPacket seq=918 A=0.001 B=84.807
[RELAY] Got status from sub, seq=918
[TX] StatusPacket seq=918 A=0.178 B=92.606
[RELAY] Got status from sub, seq=918
[TX] StatusPacket seq=918 A=0.716 B=97.755
[RELAY] Got status from sub, seq=918
[TX] StatusPacket seq=918 A=1.483 B=99.936
[RELAY] Got status from sub, seq=918
[TX] StatusPacket seq=918 A=2.290 B=99.011
[RELAY] Got status from sub, seq=918
[TX] StatusPacket seq=918 A=2.941 B=95.039
[RELAY] Got status from sub, seq=918
[TX] StatusPacket seq=918 A=3.276 B=88.267
[RELAY] Got status from sub, seq=918
[TX] StatusPacket seq=918 A=3.212 B=79.116
[RELAY] Got status from sub, seq=918
[TX] StatusPacket seq=918 A=2.766 B=68.154
[RELAY] Got status from sub, seq=918
[TX] StatusPacket seq=918 A=2.047 B=56.064
[RELAY] Got status from sub, seq=918
[TX] StatusPacket seq=918 A=1.231 B=43.597
[RELAY] Got status from sub, seq=918
[TX] StatusPacket seq=918 A=0.517 B=31.527
[RELAY] Got status from sub, seq=918
[TX] StatusPacket seq=918 A=0.081 B=20.607
[RELAY] Got status from sub, seq=918
[TX] StatusPacket seq=918 A=0.028 B=11.513
[RELAY] Got status from sub, seq=918
[TX] StatusPacket seq=918 A=0.373 B=4.813
[RELAY] Got status from sub, seq=918
[TX] StatusPacket seq=918 A=1.031 B=0.922
[RELAY] Got status from sub, seq=918
[TX] StatusPacket seq=918 A=1.840 B=0.083
[RELAY] Got status from sub, seq=918
[TX] StatusPacket seq=918 A=2.602 B=2.347
[RELAY] Got status from sub, seq=918
[TX] StatusPacket seq=918 A=3.132 B=7.574
[RELAY] Got status from sub, seq=918
[TX] StatusPacket seq=918 A=3.298 B=15.439
[RX] CmdPacket target=0xFF cmd=0x0 seq=1
[TX] Immediate reply seq=1
[FWD] Forward to sub: cmd=0x0 seq=1
[RELAY] Got status from sub, seq=1
[RELAY] Got status from sub, seq=1
[TX] StatusPacket seq=1 A=3.061 B=25.453
[RELAY] Got status from sub, seq=1
[TX] StatusPacket seq=1 A=2.479 B=36.993
[RX] CmdPacket target=0xFF cmd=0x0 seq=2
[TX] Immediate reply seq=2
[FWD] Forward to sub: cmd=0x0 seq=2
[RELAY] Got status from sub, seq=2
[RELAY] Got status from sub, seq=2
[TX] StatusPacket seq=2 A=1.693 B=49.341
[RELAY] Got status from sub, seq=2
=================================
 sub1 node - RS485 test (F446RE)
=================================
RS485 UART started at 115200 bps
TaskManager tasks registered.
Waiting for packets on RS485 bus...
---------------------------------
[RELAY] Got status from sub, seq=2
[TX] StatusPacket seq=0 A=3.046 B=93.771
[RX] CmdPacket target=0xFF cmd=0x0 seq=4
[TX] Immediate reply seq=4
[FWD] Forward to sub: cmd=0x0 seq=4
[RELAY] Got status from sub, seq=4
[RELAY] Got status from sub, seq=4
[TX] StatusPacket seq=4 A=3.297 B=86.431
[RELAY] Got status from sub, seq=4
[TX] StatusPacket seq=4 A=3.144 B=76.826
[RX] CmdPacket target=0xFF cmd=0x0 seq=5
[TX] Immediate reply seq=5
[FWD] Forward to sub: cmd=0x0 seq=5
[RELAY] Got status from sub, seq=5
[RELAY] Got status from sub, seq=5
[TX] StatusPacket seq=5 A=2.626 B=65.552
[RELAY] Got status from sub, seq=5
[TX] StatusPacket seq=5 A=1.868 B=53.312
[RX] CmdPacket target=0xFF cmd=0x0 seq=6
[TX] Immediate reply seq=6
[FWD] Forward to sub: cmd=0x0 seq=6
[RELAY] Got status from sub, seq=6
[RELAY] Got status from sub, seq=6
[TX] StatusPacket seq=6 A=1.057 B=40.866
[RELAY] Got status from sub, seq=6
[TX] StatusPacket seq=6 A=0.392 B=28.988
[RX] CmdPacket target=0xFF cmd=0x0 seq=7
[TX] Immediate reply seq=7
[FWD] Forward to sub: cmd=0x0 seq=7
[RELAY] Got status from sub, seq=7
[RELAY] Got status from sub, seq=7
[TX] StatusPacket seq=7 A=0.034 B=18.417
[TX] StatusPacket seq=7 A=0.072 B=9.809
[RX] CmdPacket target=0xFF cmd=0x0 seq=8
[TX] Immediate reply seq=8
[FWD] Forward to sub: cmd=0x0 seq=8
[RELAY] Got status from sub, seq=8
[TX] StatusPacket seq=8 A=0.496 B=3.699
[RELAY] Got status from sub, seq=8
[TX] StatusPacket seq=8 A=1.203 B=0.469
[RELAY] Got status from sub, seq=8
[RX] CmdPacket target=0xFF cmd=0x0 seq=9
[TX] Immediate reply seq=9
[FWD] Forward to sub: cmd=0x0 seq=9
[RELAY] Got status from sub, seq=9
[TX] StatusPacket seq=9 A=2.019 B=0.318
[RELAY] Got status from sub, seq=9
[TX] StatusPacket seq=9 A=2.745 B=3.257
[RELAY] Got status from sub, seq=9
[RX] CmdPacket target=0xFF cmd=0x0 seq=10
[TX] Immediate reply seq=10
[FWD] Forward to sub: cmd=0x0 seq=10
[RELAY] Got status from sub, seq=10
[TX] StatusPacket seq=10 A=3.203 B=9.101
[RELAY] Got status from sub, seq=10
[TX] StatusPacket seq=10 A=3.280 B=17.488
[RELAY] Got status from sub, seq=10
[RX] CmdPacket target=0xFF cmd=0x0 seq=11
[TX] Immediate reply seq=11
[FWD] Forward to sub: cmd=0x0 seq=11
[RELAY] Got status from sub, seq=11
[TX] StatusPacket seq=11 A=2.959 B=27.897
[RELAY] Got status from sub, seq=11
[TX] StatusPacket seq=11 A=2.316 B=39.680
[RELAY] Got status from sub, seq=11
[RX] CmdPacket target=0xFF cmd=0x0 seq=12
[TX] Immediate reply seq=12
[FWD] Forward to sub: cmd=0x0 seq=12
[RELAY] Got status from sub, seq=12
[TX] StatusPacket seq=12 A=1.511 B=52.105
[RELAY] Got status from sub, seq=12
[TX] StatusPacket seq=12 A=0.740 B=64.399
[RELAY] Got status from sub, seq=12
[RX] CmdPacket target=0xFF cmd=0x0 seq=13
[TX] Immediate reply seq=13
[FWD] Forward to sub: cmd=0x0 seq=13
[RELAY] Got status from sub, seq=13
[TX] StatusPacket seq=13 A=0.191 B=75.797
[RELAY] Got status from sub, seq=13
[TX] StatusPacket seq=13 A=0.000 B=85.592
[RELAY] Got status from sub, seq=13
[RX] CmdPacket target=0xFF cmd=0x0 seq=14
[TX] Immediate reply seq=14
[FWD] Forward to sub: cmd=0x0 seq=14
[RELAY] Got status from sub, seq=14
[TX] StatusPacket seq=14 A=0.213 B=93.174
[RELAY] Got status from sub, seq=14
[TX] StatusPacket seq=14 A=0.777 B=98.071
[RELAY] Got status from sub, seq=14
[RX] CmdPacket target=0xFF cmd=0x0 seq=15
[TX] Immediate reply seq=15
[FWD] Forward to sub: cmd=0x0 seq=15
[RELAY] Got status from sub, seq=15
[TX] StatusPacket seq=15 A=1.555 B=99.979
[RELAY] Got status from sub, seq=15
[TX] StatusPacket seq=15 A=2.357 B=98.780
[RELAY] Got status from sub, seq=15
[RX] CmdPacket target=0xFF cmd=0x0 seq=16
[TX] Immediate reply seq=16
[FWD] Forward to sub: cmd=0x0 seq=16
[RELAY] Got status from sub, seq=16
[TX] StatusPacket seq=16 A=2.985 B=94.549
[RELAY] Got status from sub, seq=16
[TX] StatusPacket seq=16 A=3.286 B=87.547
[RELAY] Got status from sub, seq=16
[RX] CmdPacket target=0xFF cmd=0x0 seq=17
[TX] Immediate reply seq=17
[FWD] Forward to sub: cmd=0x0 seq=17
[RELAY] Got status from sub, seq=17
[TX] StatusPacket seq=17 A=3.187 B=78.211
[RELAY] Got status from sub, seq=17
[TX] StatusPacket seq=17 A=2.712 B=67.121
[RELAY] Got status from sub, seq=17
[RX] CmdPacket target=0xFF cmd=0x0 seq=18
[TX] Immediate reply seq=18
[FWD] Forward to sub: cmd=0x0 seq=18
[RELAY] Got status from sub, seq=18
[TX] StatusPacket seq=18 A=1.976 B=54.966
[RELAY] Got status from sub, seq=18
[TX] StatusPacket seq=18 A=1.161 B=42.502
[RELAY] Got status from sub, seq=18
[RX] CmdPacket target=0xFF cmd=0x0 seq=19
[TX] Immediate reply seq=19
[FWD] Forward to sub: cmd=0x0 seq=19
[RELAY] Got status from sub, seq=19
[TX] StatusPacket seq=19 A=0.465 B=30.505
[RELAY] Got status from sub, seq=19
[TX] StatusPacket seq=19 A=0.060 B=19.720
[RELAY] Got status from sub, seq=19
[RX] CmdPacket target=0xFF cmd=0x0 seq=20
[TX] Immediate reply seq=20
[FWD] Forward to sub: cmd=0x0 seq=20
[RELAY] Got status from sub, seq=20
[TX] StatusPacket seq=20 A=0.044 B=10.818
[RELAY] Got status from sub, seq=20
[TX] StatusPacket seq=20 A=0.421 B=4.351
[RELAY] Got status from sub, seq=20
[RX] CmdPacket target=0xFF cmd=0x0 seq=21
[TX] Immediate reply seq=21
[FWD] Forward to sub: cmd=0x0 seq=21
[RELAY] Got status from sub, seq=21
[TX] StatusPacket seq=21 A=1.099 B=0.723
[RELAY] Got status from sub, seq=21
[TX] StatusPacket seq=21 A=1.912 B=0.159
[RELAY] Got status from sub, seq=21
[RX] CmdPacket target=0xFF cmd=0x0 seq=22
[TX] Immediate reply seq=22
[FWD] Forward to sub: cmd=0x0 seq=22
[RELAY] Got status from sub, seq=22
[TX] StatusPacket seq=22 A=2.661 B=2.693
[RELAY] Got status from sub, seq=22
[TX] StatusPacket seq=22 A=3.162 B=8.169
[RELAY] Got status from sub, seq=22
[RX] CmdPacket target=0xFF cmd=0x0 seq=23
[TX] Immediate reply seq=23
[FWD] Forward to sub: cmd=0x0 seq=23
[RELAY] Got status from sub, seq=23
[TX] StatusPacket seq=23 A=3.294 B=16.246
[RELAY] Got status from sub, seq=23
[TX] StatusPacket seq=23 A=3.022 B=26.421
[RELAY] Got status from sub, seq=23
[RX] CmdPacket target=0xFF cmd=0x0 seq=24
[TX] Immediate reply seq=24
[FWD] Forward to sub: cmd=0x0 seq=24
[RELAY] Got status from sub, seq=24
[TX] StatusPacket seq=24 A=2.415 B=38.063
[RELAY] Got status from sub, seq=24
[TX] StatusPacket seq=24 A=1.621 B=50.446
[RELAY] Got status from sub, seq=24
[RX] CmdPacket target=0xFF cmd=0x0 seq=25
[TX] Immediate reply seq=25
[FWD] Forward to sub: cmd=0x0 seq=25
[RELAY] Got status from sub, seq=25
[TX] StatusPacket seq=25 A=0.830 B=62.850
[RELAY] Got status from sub, seq=25
[TX] StatusPacket seq=25 A=0.246 B=74.362
[RELAY] Got status from sub, seq=25
[TX] StatusPacket seq=25 A=0.002 B=84.407
[RX] CmdPacket target=0xFF cmd=0x0 seq=26
[TX] Immediate reply seq=26
[FWD] Forward to sub: cmd=0x0 seq=26
[RELAY] Got status from sub, seq=26
[RELAY] Got status from sub, seq=26
[TX] StatusPacket seq=26 A=0.162 B=92.313
[RELAY] Got status from sub, seq=26
[TX] StatusPacket seq=26 A=0.686 B=97.588
[RX] CmdPacket target=0xFF cmd=0x0 seq=27
[TX] Immediate reply seq=27
[FWD] Forward to sub: cmd=0x0 seq=27
[RELAY] Got status from sub, seq=27
[RELAY] Got status from sub, seq=27
[TX] StatusPacket seq=27 A=1.446 B=99.904
[RELAY] Got status from sub, seq=27
[TX] StatusPacket seq=27 A=2.256 B=99.118
[RX] CmdPacket target=0xFF cmd=0x0 seq=28
[TX] Immediate reply seq=28
[FWD] Forward to sub: cmd=0x0 seq=28
[RELAY] Got status from sub, seq=28
[RELAY] Got status from sub, seq=28
[TX] StatusPacket seq=28 A=2.918 B=95.277
[RELAY] Got status from sub, seq=28
[TX] StatusPacket seq=28 A=3.269 B=88.622
[RX] CmdPacket target=0xFF cmd=0x0 seq=29
[TX] Immediate reply seq=29
[FWD] Forward to sub: cmd=0x0 seq=29
[RELAY] Got status from sub, seq=29
[RELAY] Got status from sub, seq=29
[TX] StatusPacket seq=29 A=3.224 B=79.565
[RELAY] Got status from sub, seq=29
[TX] StatusPacket seq=29 A=2.793 B=68.670
[RX] CmdPacket target=0xFF cmd=0x0 seq=30
[TX] Immediate reply seq=30
[FWD] Forward to sub: cmd=0x0 seq=30
[RELAY] Got status from sub, seq=30
[RELAY] Got status from sub, seq=30
[TX] StatusPacket seq=30 A=2.083 B=56.614
[RELAY] Got status from sub, seq=30
[TX] StatusPacket seq=30 A=1.263 B=44.097
[RX] CmdPacket target=0xFF cmd=0x0 seq=31
[TX] Immediate reply seq=31
[FWD] Forward to sub: cmd=0x0 seq=31
[RELAY] Got status from sub, seq=31
[TX] StatusPacket seq=31 A=0.544 B=32.044
[RELAY] Got status from sub, seq=31
[TX] StatusPacket seq=31 A=0.092 B=21.057
[RELAY] Got status from sub, seq=31
[RX] CmdPacket target=0xFF cmd=0x0 seq=32
[TX] Immediate reply seq=32
[FWD] Forward to sub: cmd=0x0 seq=32
[RELAY] Got status from sub, seq=32
[TX] StatusPacket seq=32 A=0.022 B=11.870
[RELAY] Got status from sub, seq=32
[TX] StatusPacket seq=32 A=0.350 B=5.053
[RELAY] Got status from sub, seq=32
[RX] CmdPacket target=0xFF cmd=0x0 seq=33
[TX] Immediate reply seq=33
[FWD] Forward to sub: cmd=0x0 seq=33
[RELAY] Got status from sub, seq=33
[TX] StatusPacket seq=33 A=0.997 B=1.031
[RELAY] Got status from sub, seq=33
[TX] StatusPacket seq=33 A=1.803 B=0.054
[RELAY] Got status from sub, seq=33
[RX] CmdPacket target=0xFF cmd=0x0 seq=34
[TX] Immediate reply seq=34
[FWD] Forward to sub: cmd=0x0 seq=34
[RELAY] Got status from sub, seq=34
[TX] StatusPacket seq=34 A=2.572 B=2.182
[RELAY] Got status from sub, seq=34
[TX] StatusPacket seq=34 A=3.115 B=7.284
[RELAY] Got status from sub, seq=34
[RX] CmdPacket target=0xFF cmd=0x0 seq=35
[TX] Immediate reply seq=35
[FWD] Forward to sub: cmd=0x0 seq=35
[RELAY] Got status from sub, seq=35
[TX] StatusPacket seq=35 A=3.300 B=15.041
[RELAY] Got status from sub, seq=35
[TX] StatusPacket seq=35 A=3.080 B=24.971
[RELAY] Got status from sub, seq=35
[RX] CmdPacket target=0xFF cmd=0x0 seq=36
[TX] Immediate reply seq=36
[FWD] Forward to sub: cmd=0x0 seq=36
[RELAY] Got status from sub, seq=36
[TX] StatusPacket seq=36 A=2.510 B=36.458
[RELAY] Got status from sub, seq=36
[TX] StatusPacket seq=36 A=1.730 B=48.787
[RELAY] Got status from sub, seq=36
[RX] CmdPacket target=0xFF cmd=0x0 seq=37
[TX] Immediate reply seq=37
[FWD] Forward to sub: cmd=0x0 seq=37
[RELAY] Got status from sub, seq=37
[TX] StatusPacket seq=37 A=0.930 B=61.191
[RELAY] Got status from sub, seq=37
[TX] StatusPacket seq=37 A=0.306 B=72.900
[RELAY] Got status from sub, seq=37
[RX] CmdPacket target=0xFF cmd=0x0 seq=38
[TX] Immediate reply seq=38
[FWD] Forward to sub: cmd=0x0 seq=38
[RELAY] Got status from sub, seq=38
[TX] StatusPacket seq=38 A=0.012 B=83.184
[RELAY] Got status from sub, seq=38
[TX] StatusPacket seq=38 A=0.118 B=91.406
[RELAY] Got status from sub, seq=38
[RX] CmdPacket target=0xFF cmd=0x0 seq=39
[TX] Immediate reply seq=39
[FWD] Forward to sub: cmd=0x0 seq=39
[RELAY] Got status from sub, seq=39
[TX] StatusPacket seq=39 A=0.600 B=97.053
[RELAY] Got status from sub, seq=39
[TX] StatusPacket seq=39 A=1.338 B=99.774
[RELAY] Got status from sub, seq=39
[RX] CmdPacket target=0xFF cmd=0x0 seq=40
[TX] Immediate reply seq=40
[FWD] Forward to sub: cmd=0x0 seq=40
[RELAY] Got status from sub, seq=40
[TX] StatusPacket seq=40 A=2.153 B=99.401
[RELAY] Got status from sub, seq=40
[TX] StatusPacket seq=40 A=2.845 B=95.956
[RELAY] Got status from sub, seq=40
[RX] CmdPacket target=0xFF cmd=0x0 seq=41
[TX] Immediate reply seq=41
[FWD] Forward to sub: cmd=0x0 seq=41
[RELAY] Got status from sub, seq=41
[TX] StatusPacket seq=41 A=3.244 B=89.654
[RELAY] Got status from sub, seq=41
[TX] StatusPacket seq=41 A=3.253 B=80.887
[RELAY] Got status from sub, seq=41
[RX] CmdPacket target=0xFF cmd=0x0 seq=42
[TX] Immediate reply seq=42
[FWD] Forward to sub: cmd=0x0 seq=42
[RELAY] Got status from sub, seq=42
[TX] StatusPacket seq=42 A=2.869 B=70.199
[RELAY] Got status from sub, seq=42
[TX] StatusPacket seq=42 A=2.187 B=58.255
[RELAY] Got status from sub, seq=42
[RX] CmdPacket target=0xFF cmd=0x0 seq=43
[TX] Immediate reply seq=43
[FWD] Forward to sub: cmd=0x0 seq=43
[RELAY] Got status from sub, seq=43
[TX] StatusPacket seq=43 A=1.374 B=45.798
[RELAY] Got status from sub, seq=43
[TX] StatusPacket seq=43 A=0.628 B=33.602
[RELAY] Got status from sub, seq=43
[RX] CmdPacket target=0xFF cmd=0x0 seq=44
[TX] Immediate reply seq=44
[FWD] Forward to sub: cmd=0x0 seq=44
[RELAY] Got status from sub, seq=44
[TX] StatusPacket seq=44 A=0.132 B=22.426
[RELAY] Got status from sub, seq=44
[TX] StatusPacket seq=44 A=0.008 B=12.964
[RELAY] Got status from sub, seq=44
[RX] CmdPacket target=0xFF cmd=0x0 seq=45
[TX] Immediate reply seq=45
[FWD] Forward to sub: cmd=0x0 seq=45
[RELAY] Got status from sub, seq=45
[TX] StatusPacket seq=45 A=0.286 B=5.805
[RELAY] Got status from sub, seq=45
[TX] StatusPacket seq=45 A=0.898 B=1.394
[RELAY] Got status from sub, seq=45
[RX] CmdPacket target=0xFF cmd=0x0 seq=46
[TX] Immediate reply seq=46
[FWD] Forward to sub: cmd=0x0 seq=46
[RELAY] Got status from sub, seq=46
[TX] StatusPacket seq=46 A=1.694 B=0.004
[RELAY] Got status from sub, seq=46
[TX] StatusPacket seq=46 A=2.479 B=1.724
[RELAY] Got status from sub, seq=46
[RX] CmdPacket target=0xFF cmd=0x0 seq=47
[TX] Immediate reply seq=47
[FWD] Forward to sub: cmd=0x0 seq=47
[RELAY] Got status from sub, seq=47
[TX] StatusPacket seq=47 A=3.062 B=6.445
[RELAY] Got status from sub, seq=47
[TX] StatusPacket seq=47 A=3.298 B=13.874
[RELAY] Got status from sub, seq=47
[RX] CmdPacket target=0xFF cmd=0x0 seq=48
[TX] Immediate reply seq=48
[FWD] Forward to sub: cmd=0x0 seq=48
[RELAY] Got status from sub, seq=48
[TX] StatusPacket seq=48 A=3.131 B=23.549
[RELAY] Got status from sub, seq=48
[TX] StatusPacket seq=48 A=2.602 B=34.869
[RELAY] Got status from sub, seq=48
[RX] CmdPacket target=0xFF cmd=0x0 seq=49
[TX] Immediate reply seq=49
[FWD] Forward to sub: cmd=0x0 seq=49
[RELAY] Got status from sub, seq=49
[TX] StatusPacket seq=49 A=1.839 B=47.129
[RELAY] Got status from sub, seq=49
[TX] StatusPacket seq=49 A=1.030 B=59.568
[RELAY] Got status from sub, seq=49
[RX] CmdPacket target=0xFF cmd=0x0 seq=50
[TX] Immediate reply seq=50
[FWD] Forward to sub: cmd=0x0 seq=50
[RELAY] Got status from sub, seq=50
[TX] StatusPacket seq=50 A=0.373 B=71.412
[RELAY] Got status from sub, seq=50
[TX] StatusPacket seq=50 A=0.028 B=81.925
[RELAY] Got status from sub, seq=50
[RX] CmdPacket target=0xFF cmd=0x0 seq=51
[TX] Immediate reply seq=51
[FWD] Forward to sub: cmd=0x0 seq=51
[RELAY] Got status from sub, seq=51
[TX] StatusPacket seq=51 A=0.081 B=90.453
[RELAY] Got status from sub, seq=51
[TX] StatusPacket seq=51 A=0.517 B=96.466
[RELAY] Got status from sub, seq=51
[RX] CmdPacket target=0xFF cmd=0x0 seq=52
[TX] Immediate reply seq=52
[FWD] Forward to sub: cmd=0x0 seq=52
[RELAY] Got status from sub, seq=52
[TX] StatusPacket seq=52 A=1.231 B=99.589
[RELAY] Got status from sub, seq=52
[TX] StatusPacket seq=52 A=2.048 B=99.630
[RELAY] Got status from sub, seq=52
[RX] CmdPacket target=0xFF cmd=0x0 seq=53
[TX] Immediate reply seq=53
[FWD] Forward to sub: cmd=0x0 seq=53
[RELAY] Got status from sub, seq=53
[TX] StatusPacket seq=53 A=2.767 B=96.585
[RELAY] Got status from sub, seq=53
[TX] StatusPacket seq=53 A=3.212 B=90.643
[RELAY] Got status from sub, seq=53
[RX] CmdPacket target=0xFF cmd=0x0 seq=54
[TX] Immediate reply seq=54
[FWD] Forward to sub: cmd=0x0 seq=54
[RELAY] Got status from sub, seq=54
[TX] StatusPacket seq=54 A=3.275 B=82.174
[RELAY] Got status from sub, seq=54
[TX] StatusPacket seq=54 A=2.941 B=71.705
[RELAY] Got status from sub, seq=54
[RX] CmdPacket target=0xFF cmd=0x0 seq=55
[TX] Immediate reply seq=55
[FWD] Forward to sub: cmd=0x0 seq=55
[RELAY] Got status from sub, seq=55
[TX] StatusPacket seq=55 A=2.290 B=59.886
[RELAY] Got status from sub, seq=55
[TX] StatusPacket seq=55 A=1.482 B=47.453
[RELAY] Got status from sub, seq=55
[RX] CmdPacket target=0xFF cmd=0x0 seq=56
[TX] Immediate reply seq=56
[TX] StatusPacket seq=56 A=0.716 B=35.178
[FWD] Forward to sub: cmd=0x0 seq=56
[RELAY] Got status from sub, seq=56
[RELAY] Got status from sub, seq=56
[TX] StatusPacket seq=56 A=0.178 B=23.825
[RELAY] Got status from sub, seq=56
[TX] StatusPacket seq=56 A=0.001 B=14.099
[RX] CmdPacket target=0xFF cmd=0x0 seq=57
[TX] Immediate reply seq=57
[FWD] Forward to sub: cmd=0x0 seq=57
[RELAY] Got status from sub, seq=57
[RELAY] Got status from sub, seq=57
[TX] StatusPacket seq=57 A=0.227 B=6.605
[RELAY] Got status from sub, seq=57
[TX] StatusPacket seq=57 A=0.802 B=1.809
[RX] CmdPacket target=0xFF cmd=0x0 seq=58
[TX] Immediate reply seq=58
[FWD] Forward to sub: cmd=0x0 seq=58
[RELAY] Got status from sub, seq=58
[RELAY] Got status from sub, seq=58
[TX] StatusPacket seq=58 A=1.585 B=0.010
[RELAY] Got status from sub, seq=58
[TX] StatusPacket seq=58 A=2.383 B=1.319
[RX] CmdPacket target=0xFF cmd=0x0 seq=59
[TX] Immediate reply seq=59
[FWD] Forward to sub: cmd=0x0 seq=59
[RELAY] Got status from sub, seq=59
[RELAY] Got status from sub, seq=59
[TX] StatusPacket seq=59 A=3.002 B=5.654
[RELAY] Got status from sub, seq=59
[TX] StatusPacket seq=59 A=3.290 B=12.747
[RX] CmdPacket target=0xFF cmd=0x0 seq=60
[TX] Immediate reply seq=60
[FWD] Forward to sub: cmd=0x0 seq=60
[RELAY] Got status from sub, seq=60
[RELAY] Got status from sub, seq=60
[TX] StatusPacket seq=60 A=3.176 B=22.156
[RELAY] Got status from sub, seq=60
[TX] StatusPacket seq=60 A=2.689 B=33.296
[RX] CmdPacket target=0xFF cmd=0x0 seq=61
[TX] Immediate reply seq=61
[FWD] Forward to sub: cmd=0x0 seq=61
[RELAY] Got status from sub, seq=61
[RELAY] Got status from sub, seq=61
[TX] StatusPacket seq=61 A=1.944 B=45.525
[TX] StatusPacket seq=61 A=1.133 B=57.935
[RELAY] Got status from sub, seq=61
[RX] CmdPacket target=0xFF cmd=0x0 seq=62
[TX] Immediate reply seq=62
[FWD] Forward to sub: cmd=0x0 seq=62
[RELAY] Got status from sub, seq=62
[TX] StatusPacket seq=62 A=0.445 B=69.902
[RELAY] Got status from sub, seq=62
[TX] StatusPacket seq=62 A=0.052 B=80.631
[RELAY] Got status from sub, seq=62
[RX] CmdPacket target=0xFF cmd=0x0 seq=63
[TX] Immediate reply seq=63
[FWD] Forward to sub: cmd=0x0 seq=63
[RELAY] Got status from sub, seq=63
[TX] StatusPacket seq=63 A=0.050 B=89.456
[RELAY] Got status from sub, seq=63
[TX] StatusPacket seq=63 A=0.440 B=95.828
[RELAY] Got status from sub, seq=63
[RX] CmdPacket target=0xFF cmd=0x0 seq=64
[TX] Immediate reply seq=64
[FWD] Forward to sub: cmd=0x0 seq=64
[RELAY] Got status from sub, seq=64
[TX] StatusPacket seq=64 A=1.126 B=99.350
[RELAY] Got status from sub, seq=64
[TX] StatusPacket seq=64 A=1.941 B=99.804
[RELAY] Got status from sub, seq=64
[RX] CmdPacket target=0xFF cmd=0x0 seq=65
[TX] Immediate reply seq=65
[FWD] Forward to sub: cmd=0x0 seq=65
[RELAY] Got status from sub, seq=65
[TX] StatusPacket seq=65 A=2.684 B=97.161
[RELAY] Got status from sub, seq=65
[TX] StatusPacket seq=65 A=3.174 B=91.587
[RELAY] Got status from sub, seq=65
[RX] CmdPacket target=0xFF cmd=0x0 seq=66
[TX] Immediate reply seq=66
[FWD] Forward to sub: cmd=0x0 seq=66
[RELAY] Got status from sub, seq=66
[TX] StatusPacket seq=66 A=3.291 B=83.426
[RELAY] Got status from sub, seq=66
[TX] StatusPacket seq=66 A=3.006 B=73.187
[RELAY] Got status from sub, seq=66
[RX] CmdPacket target=0xFF cmd=0x0 seq=67
[TX] Immediate reply seq=67
[FWD] Forward to sub: cmd=0x0 seq=67
[RELAY] Got status from sub, seq=67
[TX] StatusPacket seq=67 A=2.389 B=61.507
[RELAY] Got status from sub, seq=67
[TX] StatusPacket seq=67 A=1.591 B=49.111
[RELAY] Got status from sub, seq=67
[RX] CmdPacket target=0xFF cmd=0x0 seq=68
[TX] Immediate reply seq=68
[FWD] Forward to sub: cmd=0x0 seq=68
[RELAY] Got status from sub, seq=68
[TX] StatusPacket seq=68 A=0.808 B=36.771
[RELAY] Got status from sub, seq=68
[TX] StatusPacket seq=68 A=0.231 B=25.252
[RELAY] Got status from sub, seq=68
[RX] CmdPacket target=0xFF cmd=0x0 seq=69
[TX] Immediate reply seq=69
[FWD] Forward to sub: cmd=0x0 seq=69
[RELAY] Got status from sub, seq=69
[TX] StatusPacket seq=69 A=0.001 B=15.273
[RELAY] Got status from sub, seq=69
[TX] StatusPacket seq=69 A=0.175 B=7.453
[RELAY] Got status from sub, seq=69
[RX] CmdPacket target=0xFF cmd=0x0 seq=70
[TX] Immediate reply seq=70
[FWD] Forward to sub: cmd=0x0 seq=70
[RELAY] Got status from sub, seq=70
[TX] StatusPacket seq=70 A=0.710 B=2.278
[RELAY] Got status from sub, seq=70
[TX] StatusPacket seq=70 A=1.475 B=0.070
[RELAY] Got status from sub, seq=70
[RX] CmdPacket target=0xFF cmd=0x0 seq=71
[TX] Immediate reply seq=71
[FWD] Forward to sub: cmd=0x0 seq=71
[RELAY] Got status from sub, seq=71
[TX] StatusPacket seq=71 A=2.283 B=0.967
[RELAY] Got status from sub, seq=71
[TX] StatusPacket seq=71 A=2.936 B=4.912
[RELAY] Got status from sub, seq=71
[RX] CmdPacket target=0xFF cmd=0x0 seq=72
[TX] Immediate reply seq=72
[FWD] Forward to sub: cmd=0x0 seq=72
[RELAY] Got status from sub, seq=72
[TX] StatusPacket seq=72 A=3.274 B=11.661
[RELAY] Got status from sub, seq=72
[TX] StatusPacket seq=72 A=3.215 B=20.793
[RELAY] Got status from sub, seq=72
[RX] CmdPacket target=0xFF cmd=0x0 seq=73
[TX] Immediate reply seq=73
[FWD] Forward to sub: cmd=0x0 seq=73
[RELAY] Got status from sub, seq=73
[TX] StatusPacket seq=73 A=2.772 B=31.742
[RELAY] Got status from sub, seq=73
[TX] StatusPacket seq=73 A=2.054 B=43.825
[RELAY] Got status from sub, seq=73
[RX] CmdPacket target=0xFF cmd=0x0 seq=74
[TX] Immediate reply seq=74
[FWD] Forward to sub: cmd=0x0 seq=74
[RELAY] Got status from sub, seq=74
[TX] StatusPacket seq=74 A=1.238 B=56.293
[RELAY] Got status from sub, seq=74
[TX] StatusPacket seq=74 A=0.522 B=68.369
[RELAY] Got status from sub, seq=74
[RX] CmdPacket target=0xFF cmd=0x0 seq=75
[TX] Immediate reply seq=75
[FWD] Forward to sub: cmd=0x0 seq=75
[RELAY] Got status from sub, seq=75
[TX] StatusPacket seq=75 A=0.083 B=79.303
[RELAY] Got status from sub, seq=75
[TX] StatusPacket seq=75 A=0.027 B=88.415
[RELAY] Got status from sub, seq=75
[RX] CmdPacket target=0xFF cmd=0x0 seq=76
[TX] Immediate reply seq=76
[FWD] Forward to sub: cmd=0x0 seq=76
[RELAY] Got status from sub, seq=76
[TX] StatusPacket seq=76 A=0.369 B=95.139
[RELAY] Got status from sub, seq=76
[TX] StatusPacket seq=76 A=1.024 B=99.056
[RELAY] Got status from sub, seq=76
[RX] CmdPacket target=0xFF cmd=0x0 seq=77
[TX] Immediate reply seq=77
[FWD] Forward to sub: cmd=0x0 seq=77
[RELAY] Got status from sub, seq=77
[TX] StatusPacket seq=77 A=1.832 B=99.923
[RELAY] Got status from sub, seq=77
[TX] StatusPacket seq=77 A=2.596 B=97.686
[RELAY] Got status from sub, seq=77
[RX] CmdPacket target=0xFF cmd=0x0 seq=78
[TX] Immediate reply seq=78
[FWD] Forward to sub: cmd=0x0 seq=78
[RELAY] Got status from sub, seq=78
[TX] StatusPacket seq=78 A=3.128 B=92.485
[RELAY] Got status from sub, seq=78
[TX] StatusPacket seq=78 A=3.299 B=84.642
[RELAY] Got status from sub, seq=78
[RX] CmdPacket target=0xFF cmd=0x0 seq=79
[TX] Immediate reply seq=79
[FWD] Forward to sub: cmd=0x0 seq=79
[RELAY] Got status from sub, seq=79
[TX] StatusPacket seq=79 A=3.065 B=74.644
[RELAY] Got status from sub, seq=79
[TX] StatusPacket seq=79 A=2.485 B=63.115
[RELAY] Got status from sub, seq=79
[RX] CmdPacket target=0xFF cmd=0x0 seq=80
[TX] Immediate reply seq=80
[FWD] Forward to sub: cmd=0x0 seq=80
[RELAY] Got status from sub, seq=80
[TX] StatusPacket seq=80 A=1.701 B=50.770
[RELAY] Got status from sub, seq=80
[TX] StatusPacket seq=80 A=0.904 B=38.378
[RELAY] Got status from sub, seq=80
[RX] CmdPacket target=0xFF cmd=0x0 seq=81
[TX] Immediate reply seq=81
[FWD] Forward to sub: cmd=0x0 seq=81
[RELAY] Got status from sub, seq=81
[TX] StatusPacket seq=81 A=0.290 B=26.708
[RELAY] Got status from sub, seq=81
[TX] StatusPacket seq=81 A=0.009 B=16.486
[RELAY] Got status from sub, seq=81
[RX] CmdPacket target=0xFF cmd=0x0 seq=82
[TX] Immediate reply seq=82
[FWD] Forward to sub: cmd=0x0 seq=82
[RELAY] Got status from sub, seq=82
[TX] StatusPacket seq=82 A=0.129 B=8.348
[RELAY] Got status from sub, seq=82
[TX] StatusPacket seq=82 A=0.622 B=2.799
[RELAY] Got status from sub, seq=82
[RX] CmdPacket target=0xFF cmd=0x0 seq=83
[TX] Immediate reply seq=83
[FWD] Forward to sub: cmd=0x0 seq=83
[RELAY] Got status from sub, seq=83
[TX] StatusPacket seq=83 A=1.367 B=0.186
[RELAY] Got status from sub, seq=83
[TX] StatusPacket seq=83 A=2.181 B=0.669
[RELAY] Got status from sub, seq=83
[RX] CmdPacket target=0xFF cmd=0x0 seq=84
[TX] Immediate reply seq=84
[FWD] Forward to sub: cmd=0x0 seq=84
[RELAY] Got status from sub, seq=84
[TX] StatusPacket seq=84 A=2.865 B=4.220
[RELAY] Got status from sub, seq=84
[TX] StatusPacket seq=84 A=3.251 B=10.617
[RELAY] Got status from sub, seq=84
[RX] CmdPacket target=0xFF cmd=0x0 seq=85
[TX] Immediate reply seq=85
[FWD] Forward to sub: cmd=0x0 seq=85
[RELAY] Got status from sub, seq=85
[TX] StatusPacket seq=85 A=3.246 B=19.463
[RELAY] Got status from sub, seq=85
[TX] StatusPacket seq=85 A=2.850 B=30.207
[RELAY] Got status from sub, seq=85
[RX] CmdPacket target=0xFF cmd=0x0 seq=86
[TX] Immediate reply seq=86
[FWD] Forward to sub: cmd=0x0 seq=86
[RELAY] Got status from sub, seq=86
[TX] StatusPacket seq=86 A=2.158 B=42.207
[RELAY] Got status from sub, seq=86
[TX] StatusPacket seq=86 A=1.345 B=54.643
[RELAY] Got status from sub, seq=86
[TX] StatusPacket seq=86 A=0.605 B=66.816
[RX] CmdPacket target=0xFF cmd=0x0 seq=87
[TX] Immediate reply seq=87
[FWD] Forward to sub: cmd=0x0 seq=87
[RELAY] Got status from sub, seq=87
[RELAY] Got status from sub, seq=87
[TX] StatusPacket seq=87 A=0.121 B=77.943
[RELAY] Got status from sub, seq=87
[TX] StatusPacket seq=87 A=0.011 B=87.332
[RX] CmdPacket target=0xFF cmd=0x0 seq=88
[TX] Immediate reply seq=88
[FWD] Forward to sub: cmd=0x0 seq=88
[RELAY] Got status from sub, seq=88
[RELAY] Got status from sub, seq=88
[TX] StatusPacket seq=88 A=0.303 B=94.401
[RELAY] Got status from sub, seq=88
[TX] StatusPacket seq=88 A=0.924 B=98.708
[RX] CmdPacket target=0xFF cmd=0x0 seq=89
[TX] Immediate reply seq=89
[FWD] Forward to sub: cmd=0x0 seq=89
[RELAY] Got status from sub, seq=89
[RELAY] Got status from sub, seq=89
[TX] StatusPacket seq=89 A=1.723 B=99.988
[RELAY] Got status from sub, seq=89
[TX] StatusPacket seq=89 A=2.505 B=98.159
[RX] CmdPacket target=0xFF cmd=0x0 seq=90
[TX] Immediate reply seq=90
[FWD] Forward to sub: cmd=0x0 seq=90
[RELAY] Got status from sub, seq=90
[RELAY] Got status from sub, seq=90
[TX] StatusPacket seq=90 A=3.077 B=93.336
[RELAY] Got status from sub, seq=90
[TX] StatusPacket seq=90 A=3.299 B=85.819
[RX] CmdPacket target=0xFF cmd=0x0 seq=91
[TX] Immediate reply seq=91
[FWD] Forward to sub: cmd=0x0 seq=91
[RELAY] Got status from sub, seq=91
[RELAY] Got status from sub, seq=91
[TX] StatusPacket seq=91 A=3.118 B=76.074
[TX] StatusPacket seq=91 A=2.578 B=64.709
[TX] StatusPacket seq=91 A=1.810 B=52.429
[RELAY] Got status from sub, seq=91
[TX] StatusPacket seq=91 A=1.003 B=39.998
[RELAY] Got status from sub, seq=91
[RX] CmdPacket target=0xFF cmd=0x0 seq=93
[TX] Immediate reply seq=93
[FWD] Forward to sub: cmd=0x0 seq=93
[RELAY] Got status from sub, seq=93
[TX] StatusPacket seq=93 A=0.355 B=28.188
[RELAY] Got status from sub, seq=93
[TX] StatusPacket seq=93 A=0.023 B=17.735
[RELAY] Got status from sub, seq=93
[RX] CmdPacket target=0xFF cmd=0x0 seq=94
[TX] Immediate reply seq=94
[FWD] Forward to sub: cmd=0x0 seq=94
[RELAY] Got status from sub, seq=94
[TX] StatusPacket seq=94 A=0.090 B=9.288
[RELAY] Got status from sub, seq=94
[TX] StatusPacket seq=94 A=0.539 B=3.373
[RELAY] Got status from sub, seq=94
[RX] CmdPacket target=0xFF cmd=0x0 seq=95
[TX] Immediate reply seq=95
[FWD] Forward to sub: cmd=0x0 seq=95
[RELAY] Got status from sub, seq=95
[TX] StatusPacket seq=95 A=1.260 B=0.356
[RELAY] Got status from sub, seq=95
[TX] StatusPacket seq=95 A=2.076 B=0.426
[RELAY] Got status from sub, seq=95
[RX] CmdPacket target=0xFF cmd=0x0 seq=96
[TX] Immediate reply seq=96
[FWD] Forward to sub: cmd=0x0 seq=96
[RELAY] Got status from sub, seq=96
[TX] StatusPacket seq=96 A=2.788 B=3.578
[RELAY] Got status from sub, seq=96
[TX] StatusPacket seq=96 A=3.222 B=9.617
[RELAY] Got status from sub, seq=96
[RX] CmdPacket target=0xFF cmd=0x0 seq=97
[TX] Immediate reply seq=97
[FWD] Forward to sub: cmd=0x0 seq=97
[RELAY] Got status from sub, seq=97
[TX] StatusPacket seq=97 A=3.270 B=18.166
[RELAY] Got status from sub, seq=97
[TX] StatusPacket seq=97 A=2.922 B=28.695
[RELAY] Got status from sub, seq=97
[RX] CmdPacket target=0xFF cmd=0x0 seq=98
[TX] Immediate reply seq=98
[FWD] Forward to sub: cmd=0x0 seq=98
[RELAY] Got status from sub, seq=98
[TX] StatusPacket seq=98 A=2.263 B=40.548
[RELAY] Got status from sub, seq=98
[TX] StatusPacket seq=98 A=1.453 B=52.989
[RELAY] Got status from sub, seq=98
[RX] CmdPacket target=0xFF cmd=0x0 seq=99
[TX] Immediate reply seq=99
[FWD] Forward to sub: cmd=0x0 seq=99
[RELAY] Got status from sub, seq=99
[TX] StatusPacket seq=99 A=0.692 B=65.244
[RELAY] Got status from sub, seq=99
[TX] StatusPacket seq=99 A=0.165 B=76.551
[RELAY] Got status from sub, seq=99
[RX] CmdPacket target=0xFF cmd=0x0 seq=100
[TX] Immediate reply seq=100
[FWD] Forward to sub: cmd=0x0 seq=100
[RELAY] Got status from sub, seq=100
[TX] StatusPacket seq=100 A=0.002 B=86.208
[RELAY] Got status from sub, seq=100
[TX] StatusPacket seq=100 A=0.242 B=93.613
[RELAY] Got status from sub, seq=100
[RX] CmdPacket target=0xFF cmd=0x0 seq=101
[TX] Immediate reply seq=101
[FWD] Forward to sub: cmd=0x0 seq=101
[RELAY] Got status from sub, seq=101
[TX] StatusPacket seq=101 A=0.827 B=98.307
[RELAY] Got status from sub, seq=101
[TX] StatusPacket seq=101 A=1.614 B=99.997
[RELAY] Got status from sub, seq=101
[RX] CmdPacket target=0xFF cmd=0x0 seq=102
[TX] Immediate reply seq=102
[FWD] Forward to sub: cmd=0x0 seq=102
[RELAY] Got status from sub, seq=102
[TX] StatusPacket seq=102 A=2.409 B=98.579
[RELAY] Got status from sub, seq=102
[TX] StatusPacket seq=102 A=3.019 B=94.140
[RELAY] Got status from sub, seq=102
[RX] CmdPacket target=0xFF cmd=0x0 seq=103
[TX] Immediate reply seq=103
[FWD] Forward to sub: cmd=0x0 seq=103
[RELAY] Got status from sub, seq=103
[TX] StatusPacket seq=103 A=3.293 B=86.956
[RELAY] Got status from sub, seq=103
[TX] StatusPacket seq=103 A=3.165 B=77.475
[RELAY] Got status from sub, seq=103
[RX] CmdPacket target=0xFF cmd=0x0 seq=104
[TX] Immediate reply seq=104
[FWD] Forward to sub: cmd=0x0 seq=104
[RELAY] Got status from sub, seq=104
[TX] StatusPacket seq=104 A=2.666 B=66.286
[RELAY] Got status from sub, seq=104
[TX] StatusPacket seq=104 A=1.919 B=54.084
[RELAY] Got status from sub, seq=104
[RX] CmdPacket target=0xFF cmd=0x0 seq=105
[TX] Immediate reply seq=105
[FWD] Forward to sub: cmd=0x0 seq=105
[RELAY] Got status from sub, seq=105
[TX] StatusPacket seq=105 A=1.105 B=41.628
[RELAY] Got status from sub, seq=105
[TX] StatusPacket seq=105 A=0.425 B=29.693
[RELAY] Got status from sub, seq=105
[RX] CmdPacket target=0xFF cmd=0x0 seq=106
[TX] Immediate reply seq=106
[FWD] Forward to sub: cmd=0x0 seq=106
[RELAY] Got status from sub, seq=106
[TX] StatusPacket seq=106 A=0.045 B=19.020
[RELAY] Got status from sub, seq=106
[TX] StatusPacket seq=106 A=0.058 B=10.274
[RELAY] Got status from sub, seq=106
[RX] CmdPacket target=0xFF cmd=0x0 seq=107
[TX] Immediate reply seq=107
[FWD] Forward to sub: cmd=0x0 seq=107
[RELAY] Got status from sub, seq=107
[TX] StatusPacket seq=107 A=0.460 B=3.997
[RELAY] Got status from sub, seq=107
[TX] StatusPacket seq=107 A=1.154 B=0.581
[RELAY] Got status from sub, seq=107
[RX] CmdPacket target=0xFF cmd=0x0 seq=108
[TX] Immediate reply seq=108
[FWD] Forward to sub: cmd=0x0 seq=108
[RELAY] Got status from sub, seq=108
[TX] StatusPacket seq=108 A=1.969 B=0.237
[RELAY] Got status from sub, seq=108
[TX] StatusPacket seq=108 A=2.706 B=2.987
[RELAY] Got status from sub, seq=108
[RX] CmdPacket target=0xFF cmd=0x0 seq=109
[TX] Immediate reply seq=109
[FWD] Forward to sub: cmd=0x0 seq=109
[RELAY] Got status from sub, seq=109
[TX] StatusPacket seq=109 A=3.185 B=8.661
[RELAY] Got status from sub, seq=109
[TX] StatusPacket seq=109 A=3.287 B=16.904
[RELAY] Got status from sub, seq=109
[RX] CmdPacket target=0xFF cmd=0x0 seq=110
[TX] Immediate reply seq=110
[FWD] Forward to sub: cmd=0x0 seq=110
[RELAY] Got status from sub, seq=110
[TX] StatusPacket seq=110 A=2.989 B=27.206
[RELAY] Got status from sub, seq=110
[TX] StatusPacket seq=110 A=2.363 B=38.924
[RELAY] Got status from sub, seq=110
[RX] CmdPacket target=0xFF cmd=0x0 seq=111
[TX] Immediate reply seq=111
[FWD] Forward to sub: cmd=0x0 seq=111
[RELAY] Got status from sub, seq=111
[TX] StatusPacket seq=111 A=1.562 B=51.331
[RELAY] Got status from sub, seq=111
[TX] StatusPacket seq=111 A=0.783 B=63.656
[RELAY] Got status from sub, seq=111
[RX] CmdPacket target=0xFF cmd=0x0 seq=112
[TX] Immediate reply seq=112
[FWD] Forward to sub: cmd=0x0 seq=112
[RELAY] Got status from sub, seq=112
[TX] StatusPacket seq=112 A=0.216 B=75.131
[RELAY] Got status from sub, seq=112
[TX] StatusPacket seq=112 A=0.000 B=85.044
[RELAY] Got status from sub, seq=112
[RX] CmdPacket target=0xFF cmd=0x0 seq=113
[TX] Immediate reply seq=113
[FWD] Forward to sub: cmd=0x0 seq=113
[RELAY] Got status from sub, seq=113
[TX] StatusPacket seq=113 A=0.188 B=92.778
[RELAY] Got status from sub, seq=113
[TX] StatusPacket seq=113 A=0.734 B=97.852
[RELAY] Got status from sub, seq=113
[RX] CmdPacket target=0xFF cmd=0x0 seq=114
[TX] Immediate reply seq=114
[FWD] Forward to sub: cmd=0x0 seq=114
[RELAY] Got status from sub, seq=114
[TX] StatusPacket seq=114 A=1.504 B=99.951
[RELAY] Got status from sub, seq=114
[TX] StatusPacket seq=114 A=2.310 B=98.945
[RELAY] Got status from sub, seq=114
[RX] CmdPacket target=0xFF cmd=0x0 seq=115
[TX] Immediate reply seq=115
[FWD] Forward to sub: cmd=0x0 seq=115
[RELAY] Got status from sub, seq=115
[TX] StatusPacket seq=115 A=2.954 B=94.895
[RELAY] Got status from sub, seq=115
[TX] StatusPacket seq=115 A=3.279 B=88.054
[RELAY] Got status from sub, seq=115
[RX] CmdPacket target=0xFF cmd=0x0 seq=116
[TX] Immediate reply seq=116
[FWD] Forward to sub: cmd=0x0 seq=116
[RELAY] Got status from sub, seq=116
[TX] StatusPacket seq=116 A=3.205 B=78.846
[RELAY] Got status from sub, seq=116
[TX] StatusPacket seq=116 A=2.750 B=67.846
[RELAY] Got status from sub, seq=116
[RX] CmdPacket target=0xFF cmd=0x0 seq=117
[TX] Immediate reply seq=117
[TX] StatusPacket seq=117 A=2.026 B=55.735
[FWD] Forward to sub: cmd=0x0 seq=117
[RELAY] Got status from sub, seq=117
[RELAY] Got status from sub, seq=117
[TX] StatusPacket seq=117 A=1.210 B=43.269
[RELAY] Got status from sub, seq=117
[TX] StatusPacket seq=117 A=0.501 B=31.220
[RX] CmdPacket target=0xFF cmd=0x0 seq=118
[TX] Immediate reply seq=118
[FWD] Forward to sub: cmd=0x0 seq=118
[RELAY] Got status from sub, seq=118
[RELAY] Got status from sub, seq=118
[TX] StatusPacket seq=118 A=0.074 B=20.340
[RELAY] Got status from sub, seq=118
[TX] StatusPacket seq=118 A=0.033 B=11.303
[RX] CmdPacket target=0xFF cmd=0x0 seq=119
[TX] Immediate reply seq=119
[FWD] Forward to sub: cmd=0x0 seq=119
[RELAY] Got status from sub, seq=119
[RELAY] Got status from sub, seq=119
[TX] StatusPacket seq=119 A=0.387 B=4.673
[RELAY] Got status from sub, seq=119
[TX] StatusPacket seq=119 A=1.051 B=0.860
[RX] CmdPacket target=0xFF cmd=0x0 seq=120
[TX] Immediate reply seq=120
[FWD] Forward to sub: cmd=0x0 seq=120
[RELAY] Got status from sub, seq=120
[RELAY] Got status from sub, seq=120
[TX] StatusPacket seq=120 A=1.861 B=0.103
[RELAY] Got status from sub, seq=120
[TX] StatusPacket seq=120 A=2.620 B=2.448
[RX] CmdPacket target=0xFF cmd=0x0 seq=121
[TX] Immediate reply seq=121
[FWD] Forward to sub: cmd=0x0 seq=121
[RELAY] Got status from sub, seq=121
[RELAY] Got status from sub, seq=121
[TX] StatusPacket seq=121 A=3.141 B=7.750
[RELAY] Got status from sub, seq=121
[TX] StatusPacket seq=121 A=3.297 B=15.679
[RX] CmdPacket target=0xFF cmd=0x0 seq=122
[TX] Immediate reply seq=122
[FWD] Forward to sub: cmd=0x0 seq=122
[RELAY] Got status from sub, seq=122
[RELAY] Got status from sub, seq=122
[TX] StatusPacket seq=122 A=3.048 B=25.785
[TX] StatusPacket seq=122 A=2.460 B=37.312
[RELAY] Got status from sub, seq=122
[RX] CmdPacket target=0xFF cmd=0x0 seq=123
[TX] Immediate reply seq=123
[FWD] Forward to sub: cmd=0x0 seq=123
[RELAY] Got status from sub, seq=123
[TX] StatusPacket seq=123 A=1.672 B=49.672
[RELAY] Got status from sub, seq=123
[TX] StatusPacket seq=123 A=0.878 B=62.052
[RELAY] Got status from sub, seq=123
[RX] CmdPacket target=0xFF cmd=0x0 seq=124
[TX] Immediate reply seq=124
[FWD] Forward to sub: cmd=0x0 seq=124
[RELAY] Got status from sub, seq=124
[TX] StatusPacket seq=124 A=0.273 B=73.683
[RELAY] Got status from sub, seq=124
[TX] StatusPacket seq=124 A=0.006 B=83.841
[RELAY] Got status from sub, seq=124
[RX] CmdPacket target=0xFF cmd=0x0 seq=125
[TX] Immediate reply seq=125
[FWD] Forward to sub: cmd=0x0 seq=125
[RELAY] Got status from sub, seq=125
[TX] StatusPacket seq=125 A=0.141 B=91.896
[RELAY] Got status from sub, seq=125
[TX] StatusPacket seq=125 A=0.645 B=97.345
[RELAY] Got status from sub, seq=125
[RX] CmdPacket target=0xFF cmd=0x0 seq=126
[TX] Immediate reply seq=126
[FWD] Forward to sub: cmd=0x0 seq=126
[RELAY] Got status from sub, seq=126
[TX] StatusPacket seq=126 A=1.396 B=99.850
[RELAY] Got status from sub, seq=126
[TX] StatusPacket seq=126 A=2.208 B=99.257
[RELAY] Got status from sub, seq=126
[RX] CmdPacket target=0xFF cmd=0x0 seq=127
[TX] Immediate reply seq=127
[FWD] Forward to sub: cmd=0x0 seq=127
[RELAY] Got status from sub, seq=127
[TX] StatusPacket seq=127 A=2.884 B=95.600
[RELAY] Got status from sub, seq=127
[TX] StatusPacket seq=127 A=3.258 B=89.109
[RELAY] Got status from sub, seq=127
[RX] CmdPacket target=0xFF cmd=0x0 seq=128
[TX] Immediate reply seq=128
[FWD] Forward to sub: cmd=0x0 seq=128
[RELAY] Got status from sub, seq=128
[TX] StatusPacket seq=128 A=3.238 B=80.186
[RELAY] Got status from sub, seq=128
[TX] StatusPacket seq=128 A=2.829 B=69.386
[RELAY] Got status from sub, seq=128
[RX] CmdPacket target=0xFF cmd=0x0 seq=129
[TX] Immediate reply seq=129
[FWD] Forward to sub: cmd=0x0 seq=129
[RELAY] Got status from sub, seq=129
[TX] StatusPacket seq=129 A=2.132 B=57.380
[RELAY] Got status from sub, seq=129
[TX] StatusPacket seq=129 A=1.316 B=44.916
[RELAY] Got status from sub, seq=129
[RX] CmdPacket target=0xFF cmd=0x0 seq=130
[TX] Immediate reply seq=130
[FWD] Forward to sub: cmd=0x0 seq=130
[RELAY] Got status from sub, seq=130
[TX] StatusPacket seq=130 A=0.582 B=32.768
[RELAY] Got status from sub, seq=130
[TX] StatusPacket seq=130 A=0.110 B=21.692
[RELAY] Got status from sub, seq=130
[RX] CmdPacket target=0xFF cmd=0x0 seq=131
[TX] Immediate reply seq=131
[FWD] Forward to sub: cmd=0x0 seq=131
[RELAY] Got status from sub, seq=131
[TX] StatusPacket seq=131 A=0.015 B=12.375
[RELAY] Got status from sub, seq=131
[TX] StatusPacket seq=131 A=0.320 B=5.398
[RELAY] Got status from sub, seq=131
[RX] CmdPacket target=0xFF cmd=0x0 seq=132
[TX] Immediate reply seq=132
[FWD] Forward to sub: cmd=0x0 seq=132
[RELAY] Got status from sub, seq=132
[TX] StatusPacket seq=132 A=0.950 B=1.194
[RELAY] Got status from sub, seq=132
[TX] StatusPacket seq=132 A=1.752 B=0.024
[RELAY] Got status from sub, seq=132
[RX] CmdPacket target=0xFF cmd=0x0 seq=133
[TX] Immediate reply seq=133
[FWD] Forward to sub: cmd=0x0 seq=133
[RELAY] Got status from sub, seq=133
[TX] StatusPacket seq=133 A=2.529 B=1.962
[RELAY] Got status from sub, seq=133
[TX] StatusPacket seq=133 A=3.091 B=6.886
[RELAY] Got status from sub, seq=133
[RX] CmdPacket target=0xFF cmd=0x0 seq=134
[TX] Immediate reply seq=134
[FWD] Forward to sub: cmd=0x0 seq=134
[RELAY] Got status from sub, seq=134
[TX] StatusPacket seq=134 A=3.300 B=14.491
[RELAY] Got status from sub, seq=134
[TX] StatusPacket seq=134 A=3.105 B=24.304
[RELAY] Got status from sub, seq=134
[RX] CmdPacket target=0xFF cmd=0x0 seq=135
[TX] Immediate reply seq=135
[FWD] Forward to sub: cmd=0x0 seq=135
[RELAY] Got status from sub, seq=135
[TX] StatusPacket seq=135 A=2.554 B=35.715
[RELAY] Got status from sub, seq=135
[TX] StatusPacket seq=135 A=1.781 B=48.013
[RELAY] Got status from sub, seq=135
[RX] CmdPacket target=0xFF cmd=0x0 seq=136
[TX] Immediate reply seq=136
[FWD] Forward to sub: cmd=0x0 seq=136
[RELAY] Got status from sub, seq=136
[TX] StatusPacket seq=136 A=0.976 B=60.436
[RELAY] Got status from sub, seq=136
[TX] StatusPacket seq=136 A=0.337 B=72.209
[RELAY] Got status from sub, seq=136
[RX] CmdPacket target=0xFF cmd=0x0 seq=137
[TX] Immediate reply seq=137
[FWD] Forward to sub: cmd=0x0 seq=137
[RELAY] Got status from sub, seq=137
[TX] StatusPacket seq=137 A=0.019 B=82.602
[RELAY] Got status from sub, seq=137
[TX] StatusPacket seq=137 A=0.100 B=90.967
[RELAY] Got status from sub, seq=137
[RX] CmdPacket target=0xFF cmd=0x0 seq=138
[TX] Immediate reply seq=138
[FWD] Forward to sub: cmd=0x0 seq=138
[RELAY] Got status from sub, seq=138
[TX] StatusPacket seq=138 A=0.561 B=96.785
[RELAY] Got status from sub, seq=138
[TX] StatusPacket seq=138 A=1.288 B=99.695
[RELAY] Got status from sub, seq=138
[RX] CmdPacket target=0xFF cmd=0x0 seq=139
[TX] Immediate reply seq=139
[FWD] Forward to sub: cmd=0x0 seq=139
[RELAY] Got status from sub, seq=139
[TX] StatusPacket seq=139 A=2.104 B=99.515
[RELAY] Got status from sub, seq=139
[TX] StatusPacket seq=139 A=2.809 B=96.256
[RELAY] Got status from sub, seq=139
[RX] CmdPacket target=0xFF cmd=0x0 seq=140
[TX] Immediate reply seq=140
[FWD] Forward to sub: cmd=0x0 seq=140
[RELAY] Got status from sub, seq=140
[TX] StatusPacket seq=140 A=3.230 B=90.121
[RELAY] Got status from sub, seq=140
[TX] StatusPacket seq=140 A=3.264 B=81.491
[RELAY] Got status from sub, seq=140
[RX] CmdPacket target=0xFF cmd=0x0 seq=141
[TX] Immediate reply seq=141
[FWD] Forward to sub: cmd=0x0 seq=141
[RELAY] Got status from sub, seq=141
[TX] StatusPacket seq=141 A=2.903 B=70.904
[RELAY] Got status from sub, seq=141
[TX] StatusPacket seq=141 A=2.235 B=59.017
[RELAY] Got status from sub, seq=141
[RX] CmdPacket target=0xFF cmd=0x0 seq=142
[TX] Immediate reply seq=142
[FWD] Forward to sub: cmd=0x0 seq=142
[RELAY] Got status from sub, seq=142
[TX] StatusPacket seq=142 A=1.424 B=46.569
[RELAY] Got status from sub, seq=142
[TX] StatusPacket seq=142 A=0.668 B=34.335
[RELAY] Got status from sub, seq=142
[RX] CmdPacket target=0xFF cmd=0x0 seq=143
[TX] Immediate reply seq=143
[FWD] Forward to sub: cmd=0x0 seq=143
[RELAY] Got status from sub, seq=143
[TX] StatusPacket seq=143 A=0.153 B=23.075
[RELAY] Got status from sub, seq=143
[TX] StatusPacket seq=143 A=0.004 B=13.488
[RELAY] Got status from sub, seq=143
[RX] CmdPacket target=0xFF cmd=0x0 seq=144
[TX] Immediate reply seq=144
[FWD] Forward to sub: cmd=0x0 seq=144
[RELAY] Got status from sub, seq=144
[TX] StatusPacket seq=144 A=0.258 B=6.172
[RELAY] Got status from sub, seq=144
[TX] StatusPacket seq=144 A=0.853 B=1.581
[RELAY] Got status from sub, seq=144
[RX] CmdPacket target=0xFF cmd=0x0 seq=145
[TX] Immediate reply seq=145
[FWD] Forward to sub: cmd=0x0 seq=145
[RELAY] Got status from sub, seq=145
[TX] StatusPacket seq=145 A=1.643 B=0.000
[RELAY] Got status from sub, seq=145
[TX] StatusPacket seq=145 A=2.435 B=1.528
[RELAY] Got status from sub, seq=145
[RX] CmdPacket target=0xFF cmd=0x0 seq=146
[TX] Immediate reply seq=146
[FWD] Forward to sub: cmd=0x0 seq=146
[RELAY] Got status from sub, seq=146
[TX] StatusPacket seq=146 A=3.035 B=6.070
[RELAY] Got status from sub, seq=146
[TX] StatusPacket seq=146 A=3.295 B=13.343
[RELAY] Got status from sub, seq=146
[RX] CmdPacket target=0xFF cmd=0x0 seq=147
[TX] Immediate reply seq=147
[FWD] Forward to sub: cmd=0x0 seq=147
[RELAY] Got status from sub, seq=147
[TX] StatusPacket seq=147 A=3.153 B=22.895
[RELAY] Got status from sub, seq=147
[TX] StatusPacket seq=147 A=2.643 B=34.133
[RELAY] Got status from sub, seq=147
[RX] CmdPacket target=0xFF cmd=0x0 seq=148
[TX] Immediate reply seq=148
[TX] StatusPacket seq=148 A=1.887 B=46.407
[FWD] Forward to sub: cmd=0x0 seq=148
[RELAY] Got status from sub, seq=148
[RELAY] Got status from sub, seq=148
[TX] StatusPacket seq=148 A=1.078 B=58.808
[RELAY] Got status from sub, seq=148
[TX] StatusPacket seq=148 A=0.406 B=70.710
[RX] CmdPacket target=0xFF cmd=0x0 seq=149
[TX] Immediate reply seq=149
[FWD] Forward to sub: cmd=0x0 seq=149
[RELAY] Got status from sub, seq=149
[RELAY] Got status from sub, seq=149
[TX] StatusPacket seq=149 A=0.039 B=81.326
[RELAY] Got status from sub, seq=149
[TX] StatusPacket seq=149 A=0.066 B=89.993
[RX] CmdPacket target=0xFF cmd=0x0 seq=150
[TX] Immediate reply seq=150
[FWD] Forward to sub: cmd=0x0 seq=150
[RELAY] Got status from sub, seq=150
[RELAY] Got status from sub, seq=150
[TX] StatusPacket seq=150 A=0.481 B=96.174
[RELAY] Got status from sub, seq=150
[TX] StatusPacket seq=150 A=1.182 B=99.484
[RX] CmdPacket target=0xFF cmd=0x0 seq=151
[TX] Immediate reply seq=151
[FWD] Forward to sub: cmd=0x0 seq=151
[RELAY] Got status from sub, seq=151
[RELAY] Got status from sub, seq=151
[TX] StatusPacket seq=151 A=1.998 B=99.718
[RELAY] Got status from sub, seq=151
[TX] StatusPacket seq=151 A=2.729 B=96.860
[RX] CmdPacket target=0xFF cmd=0x0 seq=152
[TX] Immediate reply seq=152
[FWD] Forward to sub: cmd=0x0 seq=152
[RELAY] Got status from sub, seq=152
[RELAY] Got status from sub, seq=152
[TX] StatusPacket seq=152 A=3.195 B=91.089
[RELAY] Got status from sub, seq=152
[TX] StatusPacket seq=152 A=3.283 B=82.725
[RX] CmdPacket target=0xFF cmd=0x0 seq=153
[TX] Immediate reply seq=153
[FWD] Forward to sub: cmd=0x0 seq=153
[RELAY] Got status from sub, seq=153
[TX] StatusPacket seq=153 A=2.972 B=72.400
[RELAY] Got status from sub, seq=153
[TX] StatusPacket seq=153 A=2.336 B=60.644
[RELAY] Got status from sub, seq=153
[RX] CmdPacket target=0xFF cmd=0x0 seq=154
[TX] Immediate reply seq=154
[FWD] Forward to sub: cmd=0x0 seq=154
[RELAY] Got status from sub, seq=154
[TX] StatusPacket seq=154 A=1.533 B=48.226
[RELAY] Got status from sub, seq=154
[TX] StatusPacket seq=154 A=0.758 B=35.919
[RELAY] Got status from sub, seq=154
[RX] CmdPacket target=0xFF cmd=0x0 seq=155
[TX] Immediate reply seq=155
[FWD] Forward to sub: cmd=0x0 seq=155
[RELAY] Got status from sub, seq=155
[TX] StatusPacket seq=155 A=0.202 B=24.487
[RELAY] Got status from sub, seq=155
[TX] StatusPacket seq=155 A=0.000 B=14.642
[RELAY] Got status from sub, seq=155
[RX] CmdPacket target=0xFF cmd=0x0 seq=156
[TX] Immediate reply seq=156
[FWD] Forward to sub: cmd=0x0 seq=156
[RELAY] Got status from sub, seq=156
[TX] StatusPacket seq=156 A=0.202 B=6.995
[RELAY] Got status from sub, seq=156
[TX] StatusPacket seq=156 A=0.759 B=2.021
[RELAY] Got status from sub, seq=156
[RX] CmdPacket target=0xFF cmd=0x0 seq=157
[TX] Immediate reply seq=157
[FWD] Forward to sub: cmd=0x0 seq=157
[RELAY] Got status from sub, seq=157
[TX] StatusPacket seq=157 A=1.534 B=0.031
[RELAY] Got status from sub, seq=157
[TX] StatusPacket seq=157 A=2.337 B=1.148
[RELAY] Got status from sub, seq=157
[RX] CmdPacket target=0xFF cmd=0x0 seq=158
[TX] Immediate reply seq=158
[FWD] Forward to sub: cmd=0x0 seq=158
[RELAY] Got status from sub, seq=158
[TX] StatusPacket seq=158 A=2.972 B=5.302
[RELAY] Got status from sub, seq=158
[TX] StatusPacket seq=158 A=3.284 B=12.235
[RELAY] Got status from sub, seq=158
[RX] CmdPacket target=0xFF cmd=0x0 seq=159
[TX] Immediate reply seq=159
[FWD] Forward to sub: cmd=0x0 seq=159
[RELAY] Got status from sub, seq=159
[TX] StatusPacket seq=159 A=3.195 B=21.516
[RELAY] Got status from sub, seq=159
[TX] StatusPacket seq=159 A=2.728 B=32.568
[RELAY] Got status from sub, seq=159
[RX] CmdPacket target=0xFF cmd=0x0 seq=160
[TX] Immediate reply seq=160
[FWD] Forward to sub: cmd=0x0 seq=160
[RELAY] Got status from sub, seq=160
[TX] StatusPacket seq=160 A=1.998 B=44.704
[RELAY] Got status from sub, seq=160
[TX] StatusPacket seq=160 A=1.182 B=57.170
[RELAY] Got status from sub, seq=160
[RX] CmdPacket target=0xFF cmd=0x0 seq=161
[TX] Immediate reply seq=161
[FWD] Forward to sub: cmd=0x0 seq=161
[RELAY] Got status from sub, seq=161
[TX] StatusPacket seq=161 A=0.481 B=69.189
[RELAY] Got status from sub, seq=161
[TX] StatusPacket seq=161 A=0.066 B=80.016
[RELAY] Got status from sub, seq=161
[RX] CmdPacket target=0xFF cmd=0x0 seq=162
[TX] Immediate reply seq=162
[FWD] Forward to sub: cmd=0x0 seq=162
[RELAY] Got status from sub, seq=162
[TX] StatusPacket seq=162 A=0.039 B=88.976
[RELAY] Got status from sub, seq=162
[TX] StatusPacket seq=162 A=0.406 B=95.513
[RELAY] Got status from sub, seq=162
[RX] CmdPacket target=0xFF cmd=0x0 seq=163
[TX] Immediate reply seq=163
[FWD] Forward to sub: cmd=0x0 seq=163
[RELAY] Got status from sub, seq=163
[TX] StatusPacket seq=163 A=1.078 B=99.220
[RELAY] Got status from sub, seq=163
[TX] StatusPacket seq=163 A=1.890 B=99.867
[RELAY] Got status from sub, seq=163
[RX] CmdPacket target=0xFF cmd=0x0 seq=164
[TX] Immediate reply seq=164
[FWD] Forward to sub: cmd=0x0 seq=164
[RELAY] Got status from sub, seq=164
[TX] StatusPacket seq=164 A=2.644 B=97.413
[RELAY] Got status from sub, seq=164
[TX] StatusPacket seq=164 A=3.153 B=92.011
[RELAY] Got status from sub, seq=164
[RX] CmdPacket target=0xFF cmd=0x0 seq=165
[TX] Immediate reply seq=165
[FWD] Forward to sub: cmd=0x0 seq=165
[RELAY] Got status from sub, seq=165
[TX] StatusPacket seq=165 A=3.295 B=83.998
[RELAY] Got status from sub, seq=165
[TX] StatusPacket seq=165 A=3.034 B=73.870
[RELAY] Got status from sub, seq=165
[RX] CmdPacket target=0xFF cmd=0x0 seq=166
[TX] Immediate reply seq=166
[FWD] Forward to sub: cmd=0x0 seq=166
[RELAY] Got status from sub, seq=166
[TX] StatusPacket seq=166 A=2.434 B=62.259
[RELAY] Got status from sub, seq=166
[TX] StatusPacket seq=166 A=1.642 B=49.885
[RELAY] Got status from sub, seq=166
[RX] CmdPacket target=0xFF cmd=0x0 seq=167
[TX] Immediate reply seq=167
[FWD] Forward to sub: cmd=0x0 seq=167
[RELAY] Got status from sub, seq=167
[TX] StatusPacket seq=167 A=0.852 B=37.519
[RELAY] Got status from sub, seq=167
[TX] StatusPacket seq=167 A=0.257 B=25.928
[RELAY] Got status from sub, seq=167
[RX] CmdPacket target=0xFF cmd=0x0 seq=168
[TX] Immediate reply seq=168
[FWD] Forward to sub: cmd=0x0 seq=168
[RELAY] Got status from sub, seq=168
[TX] StatusPacket seq=168 A=0.004 B=15.834
[RELAY] Got status from sub, seq=168
[TX] StatusPacket seq=168 A=0.153 B=7.865
[RELAY] Got status from sub, seq=168
[RX] CmdPacket target=0xFF cmd=0x0 seq=169
[TX] Immediate reply seq=169
[FWD] Forward to sub: cmd=0x0 seq=169
[RELAY] Got status from sub, seq=169
[TX] StatusPacket seq=169 A=0.669 B=2.515
[RELAY] Got status from sub, seq=169
[TX] StatusPacket seq=169 A=1.425 B=0.117
[RELAY] Got status from sub, seq=169
[RX] CmdPacket target=0xFF cmd=0x0 seq=170
[TX] Immediate reply seq=170
[FWD] Forward to sub: cmd=0x0 seq=170
[RELAY] Got status from sub, seq=170
[TX] StatusPacket seq=170 A=2.236 B=0.821
[RELAY] Got status from sub, seq=170
[TX] StatusPacket seq=170 A=2.904 B=4.583
[RELAY] Got status from sub, seq=170
[RX] CmdPacket target=0xFF cmd=0x0 seq=171
[TX] Immediate reply seq=171
[FWD] Forward to sub: cmd=0x0 seq=171
[RELAY] Got status from sub, seq=171
[TX] StatusPacket seq=171 A=3.265 B=11.169
[RELAY] Got status from sub, seq=171
[TX] StatusPacket seq=171 A=3.230 B=20.168
[RELAY] Got status from sub, seq=171
[RX] CmdPacket target=0xFF cmd=0x0 seq=172
[TX] Immediate reply seq=172
[FWD] Forward to sub: cmd=0x0 seq=172
[RELAY] Got status from sub, seq=172
[TX] StatusPacket seq=172 A=2.809 B=31.023
[RELAY] Got status from sub, seq=172
[TX] StatusPacket seq=172 A=2.104 B=43.058
[RELAY] Got status from sub, seq=172
[RX] CmdPacket target=0xFF cmd=0x0 seq=173
[TX] Immediate reply seq=173
[FWD] Forward to sub: cmd=0x0 seq=173
[RELAY] Got status from sub, seq=173
[TX] StatusPacket seq=173 A=1.288 B=55.524
[RELAY] Got status from sub, seq=173
[TX] StatusPacket seq=173 A=0.560 B=67.647
[RELAY] Got status from sub, seq=173
[RX] CmdPacket target=0xFF cmd=0x0 seq=174
[TX] Immediate reply seq=174
[FWD] Forward to sub: cmd=0x0 seq=174
[RELAY] Got status from sub, seq=174
[TX] StatusPacket seq=174 A=0.100 B=78.672
[RELAY] Got status from sub, seq=174
[TX] StatusPacket seq=174 A=0.019 B=87.915
[RELAY] Got status from sub, seq=174
[RX] CmdPacket target=0xFF cmd=0x0 seq=175
[TX] Immediate reply seq=175
[FWD] Forward to sub: cmd=0x0 seq=175
[RELAY] Got status from sub, seq=175
[TX] StatusPacket seq=175 A=0.337 B=94.801
[RELAY] Got status from sub, seq=175
[TX] StatusPacket seq=175 A=0.977 B=98.901
[RELAY] Got status from sub, seq=175
[RX] CmdPacket target=0xFF cmd=0x0 seq=176
[TX] Immediate reply seq=176
[FWD] Forward to sub: cmd=0x0 seq=176
[RELAY] Got status from sub, seq=176
[TX] StatusPacket seq=176 A=1.782 B=99.960
[RELAY] Got status from sub, seq=176
[TX] StatusPacket seq=176 A=2.554 B=97.914
[RELAY] Got status from sub, seq=176
[RX] CmdPacket target=0xFF cmd=0x0 seq=177
[TX] Immediate reply seq=177
[FWD] Forward to sub: cmd=0x0 seq=177
[RELAY] Got status from sub, seq=177
[TX] StatusPacket seq=177 A=3.105 B=92.888
[RELAY] Got status from sub, seq=177
[TX] StatusPacket seq=177 A=3.300 B=85.196
[RELAY] Got status from sub, seq=177
[RX] CmdPacket target=0xFF cmd=0x0 seq=178
[TX] Immediate reply seq=178
[FWD] Forward to sub: cmd=0x0 seq=178
[RELAY] Got status from sub, seq=178
[TX] StatusPacket seq=178 A=3.091 B=75.315
[RELAY] Got status from sub, seq=178
[TX] StatusPacket seq=178 A=2.529 B=63.861
[RELAY] Got status from sub, seq=178
[RX] CmdPacket target=0xFF cmd=0x0 seq=179
[TX] Immediate reply seq=179
[TX] StatusPacket seq=179 A=1.749 B=51.494
[FWD] Forward to sub: cmd=0x0 seq=179
[RELAY] Got status from sub, seq=179
[RELAY] Got status from sub, seq=179
[TX] StatusPacket seq=179 A=0.950 B=39.132
[RELAY] Got status from sub, seq=179
[TX] StatusPacket seq=179 A=0.319 B=27.395
[RX] CmdPacket target=0xFF cmd=0x0 seq=180
[TX] Immediate reply seq=180
[FWD] Forward to sub: cmd=0x0 seq=180
[RELAY] Got status from sub, seq=180
[RELAY] Got status from sub, seq=180
[TX] StatusPacket seq=180 A=0.014 B=17.064
[RELAY] Got status from sub, seq=180
[TX] StatusPacket seq=180 A=0.110 B=8.781
[RX] CmdPacket target=0xFF cmd=0x0 seq=181
[TX] Immediate reply seq=181
[FWD] Forward to sub: cmd=0x0 seq=181
[RELAY] Got status from sub, seq=181
[RELAY] Got status from sub, seq=181
[TX] StatusPacket seq=181 A=0.583 B=3.060
[RELAY] Got status from sub, seq=181
[TX] StatusPacket seq=181 A=1.317 B=0.258
[RX] CmdPacket target=0xFF cmd=0x0 seq=182
[TX] Immediate reply seq=182
[FWD] Forward to sub: cmd=0x0 seq=182
[RELAY] Got status from sub, seq=182
[RELAY] Got status from sub, seq=182
[TX] StatusPacket seq=182 A=2.132 B=0.549
[RELAY] Got status from sub, seq=182
[TX] StatusPacket seq=182 A=2.830 B=3.914
[RX] CmdPacket target=0xFF cmd=0x0 seq=183
[TX] Immediate reply seq=183
[FWD] Forward to sub: cmd=0x0 seq=183
[RELAY] Got status from sub, seq=183
[RELAY] Got status from sub, seq=183
[TX] StatusPacket seq=183 A=3.238 B=10.145
[RELAY] Got status from sub, seq=183
[TX] StatusPacket seq=183 A=3.258 B=18.854
[RX] CmdPacket target=0xFF cmd=0x0 seq=184
[TX] Immediate reply seq=184
[FWD] Forward to sub: cmd=0x0 seq=184
[RELAY] Got status from sub, seq=184
[RELAY] Got status from sub, seq=184
[TX] StatusPacket seq=184 A=2.882 B=29.544
[TX] StatusPacket seq=184 A=2.208 B=41.419
[RELAY] Got status from sub, seq=184
[RX] CmdPacket target=0xFF cmd=0x0 seq=185
[TX] Immediate reply seq=185
[FWD] Forward to sub: cmd=0x0 seq=185
[RELAY] Got status from sub, seq=185
[TX] StatusPacket seq=185 A=1.395 B=53.872
[RELAY] Got status from sub, seq=185
[TX] StatusPacket seq=185 A=0.645 B=66.085
[RELAY] Got status from sub, seq=185
[RX] CmdPacket target=0xFF cmd=0x0 seq=186
[TX] Immediate reply seq=186
[FWD] Forward to sub: cmd=0x0 seq=186
[RELAY] Got status from sub, seq=186
[TX] StatusPacket seq=186 A=0.141 B=77.297
[RELAY] Got status from sub, seq=186
[TX] StatusPacket seq=186 A=0.006 B=86.813
[RELAY] Got status from sub, seq=186
[RX] CmdPacket target=0xFF cmd=0x0 seq=187
[TX] Immediate reply seq=187
[FWD] Forward to sub: cmd=0x0 seq=187
[RELAY] Got status from sub, seq=187
[TX] StatusPacket seq=187 A=0.274 B=94.039
[RELAY] Got status from sub, seq=187
[TX] StatusPacket seq=187 A=0.878 B=98.528
[RELAY] Got status from sub, seq=187
[RX] CmdPacket target=0xFF cmd=0x0 seq=188
[TX] Immediate reply seq=188
[FWD] Forward to sub: cmd=0x0 seq=188
[RELAY] Got status from sub, seq=188
[TX] StatusPacket seq=188 A=1.672 B=99.999
[RELAY] Got status from sub, seq=188
[TX] StatusPacket seq=188 A=2.460 B=98.361
[RELAY] Got status from sub, seq=188
[RX] CmdPacket target=0xFF cmd=0x0 seq=189
[TX] Immediate reply seq=189
[FWD] Forward to sub: cmd=0x0 seq=189
[RELAY] Got status from sub, seq=189
[TX] StatusPacket seq=189 A=3.050 B=93.717
[RELAY] Got status from sub, seq=189
[TX] StatusPacket seq=189 A=3.297 B=86.355
[RELAY] Got status from sub, seq=189
[RX] CmdPacket target=0xFF cmd=0x0 seq=190
[TX] Immediate reply seq=190
[FWD] Forward to sub: cmd=0x0 seq=190
[RELAY] Got status from sub, seq=190
[TX] StatusPacket seq=190 A=3.141 B=76.732
[RELAY] Got status from sub, seq=190
[TX] StatusPacket seq=190 A=2.620 B=65.447
[RELAY] Got status from sub, seq=190
[RX] CmdPacket target=0xFF cmd=0x0 seq=191
[TX] Immediate reply seq=191
[FWD] Forward to sub: cmd=0x0 seq=191
[RELAY] Got status from sub, seq=191
[TX] StatusPacket seq=191 A=1.861 B=53.202
[RELAY] Got status from sub, seq=191
[TX] StatusPacket seq=191 A=1.050 B=40.757
[RELAY] Got status from sub, seq=191
[RX] CmdPacket target=0xFF cmd=0x0 seq=192
[TX] Immediate reply seq=192
[FWD] Forward to sub: cmd=0x0 seq=192
[RELAY] Got status from sub, seq=192
[TX] StatusPacket seq=192 A=0.387 B=28.888
[RELAY] Got status from sub, seq=192
[TX] StatusPacket seq=192 A=0.033 B=18.331
[RELAY] Got status from sub, seq=192
[RX] CmdPacket target=0xFF cmd=0x0 seq=193
[TX] Immediate reply seq=193
[FWD] Forward to sub: cmd=0x0 seq=193
[RELAY] Got status from sub, seq=193
[TX] StatusPacket seq=193 A=0.074 B=9.743
[RELAY] Got status from sub, seq=193
[TX] StatusPacket seq=193 A=0.502 B=3.658
[RELAY] Got status from sub, seq=193
[RX] CmdPacket target=0xFF cmd=0x0 seq=194
[TX] Immediate reply seq=194
[FWD] Forward to sub: cmd=0x0 seq=194
[RELAY] Got status from sub, seq=194
[TX] StatusPacket seq=194 A=1.210 B=0.454
[RELAY] Got status from sub, seq=194
[TX] StatusPacket seq=194 A=2.027 B=0.331
[RELAY] Got status from sub, seq=194
[RX] CmdPacket target=0xFF cmd=0x0 seq=195
[TX] Immediate reply seq=195
[FWD] Forward to sub: cmd=0x0 seq=195
[RELAY] Got status from sub, seq=195
[TX] StatusPacket seq=195 A=2.751 B=3.296
[RELAY] Got status from sub, seq=195
[TX] StatusPacket seq=195 A=3.205 B=9.165
[RELAY] Got status from sub, seq=195
[RX] CmdPacket target=0xFF cmd=0x0 seq=196
[TX] Immediate reply seq=196
[FWD] Forward to sub: cmd=0x0 seq=196
[RELAY] Got status from sub, seq=196
[TX] StatusPacket seq=196 A=3.279 B=17.573
[RELAY] Got status from sub, seq=196
[TX] StatusPacket seq=196 A=2.954 B=27.997
[RELAY] Got status from sub, seq=196
[RX] CmdPacket target=0xFF cmd=0x0 seq=197
[TX] Immediate reply seq=197
[FWD] Forward to sub: cmd=0x0 seq=197
[RELAY] Got status from sub, seq=197
[TX] StatusPacket seq=197 A=2.310 B=39.789
[RELAY] Got status from sub, seq=197
[TX] StatusPacket seq=197 A=1.504 B=52.216
[RELAY] Got status from sub, seq=197
[RX] CmdPacket target=0xFF cmd=0x0 seq=198
[TX] Immediate reply seq=198
[FWD] Forward to sub: cmd=0x0 seq=198
[RELAY] Got status from sub, seq=198
[TX] StatusPacket seq=198 A=0.734 B=64.505
[RELAY] Got status from sub, seq=198
[TX] StatusPacket seq=198 A=0.188 B=75.892
[RELAY] Got status from sub, seq=198
[RX] CmdPacket target=0xFF cmd=0x0 seq=199
[TX] Immediate reply seq=199
[FWD] Forward to sub: cmd=0x0 seq=199
[RELAY] Got status from sub, seq=199
[TX] StatusPacket seq=199 A=0.000 B=85.670
[RELAY] Got status from sub, seq=199
[TX] StatusPacket seq=199 A=0.216 B=93.229
[RELAY] Got status from sub, seq=199
[RX] CmdPacket target=0xFF cmd=0x0 seq=200
[TX] Immediate reply seq=200
[FWD] Forward to sub: cmd=0x0 seq=200
[RELAY] Got status from sub, seq=200
[TX] StatusPacket seq=200 A=0.783 B=98.101
[RELAY] Got status from sub, seq=200
[TX] StatusPacket seq=200 A=1.563 B=99.982
[RELAY] Got status from sub, seq=200
[RX] CmdPacket target=0xFF cmd=0x0 seq=201
[TX] Immediate reply seq=201
[FWD] Forward to sub: cmd=0x0 seq=201
[RELAY] Got status from sub, seq=201
[TX] StatusPacket seq=201 A=2.363 B=98.756
[RELAY] Got status from sub, seq=201
[TX] StatusPacket seq=201 A=2.989 B=94.498
[RELAY] Got status from sub, seq=201
[RX] CmdPacket target=0xFF cmd=0x0 seq=202
[TX] Immediate reply seq=202
[FWD] Forward to sub: cmd=0x0 seq=202
[RELAY] Got status from sub, seq=202
[TX] StatusPacket seq=202 A=3.287 B=87.473
[RELAY] Got status from sub, seq=202
[TX] StatusPacket seq=202 A=3.185 B=78.119
[RELAY] Got status from sub, seq=202
[RX] CmdPacket target=0xFF cmd=0x0 seq=203
[TX] Immediate reply seq=203
[FWD] Forward to sub: cmd=0x0 seq=203
[RELAY] Got status from sub, seq=203
[TX] StatusPacket seq=203 A=2.706 B=67.016
[RELAY] Got status from sub, seq=203
[TX] StatusPacket seq=203 A=1.969 B=54.855
[RELAY] Got status from sub, seq=203
[RX] CmdPacket target=0xFF cmd=0x0 seq=204
[TX] Immediate reply seq=204
[FWD] Forward to sub: cmd=0x0 seq=204
[RELAY] Got status from sub, seq=204
[TX] StatusPacket seq=204 A=1.154 B=42.393
[RELAY] Got status from sub, seq=204
[TX] StatusPacket seq=204 A=0.460 B=30.403
[RELAY] Got status from sub, seq=204
[RX] CmdPacket target=0xFF cmd=0x0 seq=205
[TX] Immediate reply seq=205
[FWD] Forward to sub: cmd=0x0 seq=205
[RELAY] Got status from sub, seq=205
[TX] StatusPacket seq=205 A=0.058 B=19.632
[RELAY] Got status from sub, seq=205
[TX] StatusPacket seq=205 A=0.045 B=10.749
[RELAY] Got status from sub, seq=205
[RX] CmdPacket target=0xFF cmd=0x0 seq=206
[TX] Immediate reply seq=206
[FWD] Forward to sub: cmd=0x0 seq=206
[RELAY] Got status from sub, seq=206
[TX] StatusPacket seq=206 A=0.426 B=4.306
[RELAY] Got status from sub, seq=206
[TX] StatusPacket seq=206 A=1.106 B=0.704
[RELAY] Got status from sub, seq=206
[RX] CmdPacket target=0xFF cmd=0x0 seq=207
[TX] Immediate reply seq=207
[FWD] Forward to sub: cmd=0x0 seq=207
[RELAY] Got status from sub, seq=207
[TX] StatusPacket seq=207 A=1.919 B=0.168
[RELAY] Got status from sub, seq=207
[TX] StatusPacket seq=207 A=2.667 B=2.729
[RELAY] Got status from sub, seq=207
[RX] CmdPacket target=0xFF cmd=0x0 seq=208
[TX] Immediate reply seq=208
[FWD] Forward to sub: cmd=0x0 seq=208
[RELAY] Got status from sub, seq=208
[TX] StatusPacket seq=208 A=3.165 B=8.230
[RELAY] Got status from sub, seq=208
[TX] StatusPacket seq=208 A=3.293 B=16.328
[RELAY] Got status from sub, seq=208
[RX] CmdPacket target=0xFF cmd=0x0 seq=209
[TX] Immediate reply seq=209
[FWD] Forward to sub: cmd=0x0 seq=209
[RELAY] Got status from sub, seq=209
[TX] StatusPacket seq=209 A=3.018 B=26.519
[RELAY] Got status from sub, seq=209
[TX] StatusPacket seq=209 A=2.409 B=38.171
[RELAY] Got status from sub, seq=209
[RX] CmdPacket target=0xFF cmd=0x0 seq=210
[TX] Immediate reply seq=210
[FWD] Forward to sub: cmd=0x0 seq=210
[RELAY] Got status from sub, seq=210
[TX] StatusPacket seq=210 A=1.613 B=50.557
[RELAY] Got status from sub, seq=210
[TX] StatusPacket seq=210 A=0.827 B=62.909
[RELAY] Got status from sub, seq=210
[RX] CmdPacket target=0xFF cmd=0x0 seq=211
[TX] Immediate reply seq=211
[TX] StatusPacket seq=211 A=0.240 B=74.502
[FWD] Forward to sub: cmd=0x0 seq=211
[RELAY] Got status from sub, seq=211
[RELAY] Got status from sub, seq=211
[TX] StatusPacket seq=211 A=0.002 B=84.488
[RELAY] Got status from sub, seq=211
[TX] StatusPacket seq=211 A=0.165 B=92.372
[RX] CmdPacket target=0xFF cmd=0x0 seq=212
[TX] Immediate reply seq=212
[FWD] Forward to sub: cmd=0x0 seq=212
[RELAY] Got status from sub, seq=212
[RELAY] Got status from sub, seq=212
[TX] StatusPacket seq=212 A=0.692 B=97.622
[RELAY] Got status from sub, seq=212
[TX] StatusPacket seq=212 A=1.454 B=99.911
[RX] CmdPacket target=0xFF cmd=0x0 seq=213
[TX] Immediate reply seq=213
[FWD] Forward to sub: cmd=0x0 seq=213
[RELAY] Got status from sub, seq=213
[RELAY] Got status from sub, seq=213
[TX] StatusPacket seq=213 A=2.263 B=99.097
[RELAY] Got status from sub, seq=213
[TX] StatusPacket seq=213 A=2.922 B=95.230
[RX] CmdPacket target=0xFF cmd=0x0 seq=214
[TX] Immediate reply seq=214
[FWD] Forward to sub: cmd=0x0 seq=214
[RELAY] Got status from sub, seq=214
[RELAY] Got status from sub, seq=214
[TX] StatusPacket seq=214 A=3.270 B=88.551
[RELAY] Got status from sub, seq=214
[TX] StatusPacket seq=214 A=3.221 B=79.475
[RX] CmdPacket target=0xFF cmd=0x0 seq=215
[TX] Immediate reply seq=215
[FWD] Forward to sub: cmd=0x0 seq=215
[RELAY] Got status from sub, seq=215
[RELAY] Got status from sub, seq=215
[TX] StatusPacket seq=215 A=2.788 B=68.567
[RELAY] Got status from sub, seq=215
[TX] StatusPacket seq=215 A=2.076 B=56.504
[RX] CmdPacket target=0xFF cmd=0x0 seq=216
[TX] Immediate reply seq=216
[FWD] Forward to sub: cmd=0x0 seq=216
[RELAY] Got status from sub, seq=216
[TX] StatusPacket seq=216 A=1.259 B=44.036
[TX] StatusPacket seq=216 A=0.539 B=31.940
[RX] CmdPacket target=0xFF cmd=0x0 seq=217
[TX] Immediate reply seq=217
[FWD] Forward to sub: cmd=0x0 seq=217
[RELAY] Got status from sub, seq=217
[TX] StatusPacket seq=217 A=0.090 B=20.966
[RELAY] Got status from sub, seq=217
[TX] StatusPacket seq=217 A=0.023 B=11.798
[RELAY] Got status from sub, seq=217
[RX] CmdPacket target=0xFF cmd=0x0 seq=218
[TX] Immediate reply seq=218
[FWD] Forward to sub: cmd=0x0 seq=218
[RELAY] Got status from sub, seq=218
[TX] StatusPacket seq=218 A=0.355 B=5.005
[RELAY] Got status from sub, seq=218
[TX] StatusPacket seq=218 A=1.004 B=1.009
[RELAY] Got status from sub, seq=218
[RX] CmdPacket target=0xFF cmd=0x0 seq=219
[TX] Immediate reply seq=219
[FWD] Forward to sub: cmd=0x0 seq=219
[RELAY] Got status from sub, seq=219
[TX] StatusPacket seq=219 A=1.811 B=0.059
[RELAY] Got status from sub, seq=219
[TX] StatusPacket seq=219 A=2.578 B=2.215
[RELAY] Got status from sub, seq=219
[RX] CmdPacket target=0xFF cmd=0x0 seq=220
[TX] Immediate reply seq=220
[FWD] Forward to sub: cmd=0x0 seq=220
[RELAY] Got status from sub, seq=220
[TX] StatusPacket seq=220 A=3.119 B=7.341
[RELAY] Got status from sub, seq=220
[TX] StatusPacket seq=220 A=3.299 B=15.120
[RELAY] Got status from sub, seq=220
[RX] CmdPacket target=0xFF cmd=0x0 seq=221
[TX] Immediate reply seq=221
[FWD] Forward to sub: cmd=0x0 seq=221
[RELAY] Got status from sub, seq=221
[TX] StatusPacket seq=221 A=3.076 B=25.068
[RELAY] Got status from sub, seq=221
[TX] StatusPacket seq=221 A=2.504 B=36.565
[RELAY] Got status from sub, seq=221
[RX] CmdPacket target=0xFF cmd=0x0 seq=222
[TX] Immediate reply seq=222
[FWD] Forward to sub: cmd=0x0 seq=222
[RELAY] Got status from sub, seq=222
[TX] StatusPacket seq=222 A=1.723 B=48.898
[RELAY] Got status from sub, seq=222
[TX] StatusPacket seq=222 A=0.924 B=61.300
[RELAY] Got status from sub, seq=222
[RX] CmdPacket target=0xFF cmd=0x0 seq=223
[TX] Immediate reply seq=223
[FWD] Forward to sub: cmd=0x0 seq=223
[RELAY] Got status from sub, seq=223
[TX] StatusPacket seq=223 A=0.302 B=72.999
[RELAY] Got status from sub, seq=223
[TX] StatusPacket seq=223 A=0.011 B=83.267
[RELAY] Got status from sub, seq=223
[RX] CmdPacket target=0xFF cmd=0x0 seq=224
[TX] Immediate reply seq=224
[FWD] Forward to sub: cmd=0x0 seq=224
[RELAY] Got status from sub, seq=224
[TX] StatusPacket seq=224 A=0.121 B=91.468
[RELAY] Got status from sub, seq=224
[TX] StatusPacket seq=224 A=0.605 B=97.090
[RELAY] Got status from sub, seq=224
[RX] CmdPacket target=0xFF cmd=0x0 seq=225
[TX] Immediate reply seq=225
[FWD] Forward to sub: cmd=0x0 seq=225
[RELAY] Got status from sub, seq=225
[TX] StatusPacket seq=225 A=1.345 B=99.785
[RELAY] Got status from sub, seq=225
[TX] StatusPacket seq=225 A=2.160 B=99.384
[RELAY] Got status from sub, seq=225
[RX] CmdPacket target=0xFF cmd=0x0 seq=226
[TX] Immediate reply seq=226
[FWD] Forward to sub: cmd=0x0 seq=226
[RELAY] Got status from sub, seq=226
[TX] StatusPacket seq=226 A=2.850 B=95.912
[RELAY] Got status from sub, seq=226
[TX] StatusPacket seq=226 A=3.246 B=89.586
[RELAY] Got status from sub, seq=226
[RX] CmdPacket target=0xFF cmd=0x0 seq=227
[TX] Immediate reply seq=227
[FWD] Forward to sub: cmd=0x0 seq=227
[RELAY] Got status from sub, seq=227
[TX] StatusPacket seq=227 A=3.251 B=80.799
[RELAY] Got status from sub, seq=227
[TX] StatusPacket seq=227 A=2.865 B=70.097
[RELAY] Got status from sub, seq=227
[RX] CmdPacket target=0xFF cmd=0x0 seq=228
[TX] Immediate reply seq=228
[FWD] Forward to sub: cmd=0x0 seq=228
[RELAY] Got status from sub, seq=228
[TX] StatusPacket seq=228 A=2.180 B=58.145
[RELAY] Got status from sub, seq=228
[TX] StatusPacket seq=228 A=1.366 B=45.687
[RELAY] Got status from sub, seq=228
[RX] CmdPacket target=0xFF cmd=0x0 seq=229
[TX] Immediate reply seq=229
[FWD] Forward to sub: cmd=0x0 seq=229
[RELAY] Got status from sub, seq=229
[TX] StatusPacket seq=229 A=0.622 B=33.497
[RELAY] Got status from sub, seq=229
[TX] StatusPacket seq=229 A=0.129 B=22.333
[RELAY] Got status from sub, seq=229
[RX] CmdPacket target=0xFF cmd=0x0 seq=230
[TX] Immediate reply seq=230
[FWD] Forward to sub: cmd=0x0 seq=230
[RELAY] Got status from sub, seq=230
[TX] StatusPacket seq=230 A=0.009 B=12.889
[RELAY] Got status from sub, seq=230
[TX] StatusPacket seq=230 A=0.290 B=5.753
[RELAY] Got status from sub, seq=230
[RX] CmdPacket target=0xFF cmd=0x0 seq=231
[TX] Immediate reply seq=231
[FWD] Forward to sub: cmd=0x0 seq=231
[RELAY] Got status from sub, seq=231
[TX] StatusPacket seq=231 A=0.904 B=1.368
[RELAY] Got status from sub, seq=231
[TX] StatusPacket seq=231 A=1.701 B=0.006
[RELAY] Got status from sub, seq=231
[RX] CmdPacket target=0xFF cmd=0x0 seq=232
[TX] Immediate reply seq=232
[FWD] Forward to sub: cmd=0x0 seq=232
[RELAY] Got status from sub, seq=232
[TX] StatusPacket seq=232 A=2.486 B=1.753
[RELAY] Got status from sub, seq=232
[TX] StatusPacket seq=232 A=3.066 B=6.499
[RELAY] Got status from sub, seq=232
[RX] CmdPacket target=0xFF cmd=0x0 seq=233
[TX] Immediate reply seq=233
[FWD] Forward to sub: cmd=0x0 seq=233
[RELAY] Got status from sub, seq=233
[TX] StatusPacket seq=233 A=3.299 B=13.951
[RELAY] Got status from sub, seq=233
[TX] StatusPacket seq=233 A=3.128 B=23.643
[RELAY] Got status from sub, seq=233
[RX] CmdPacket target=0xFF cmd=0x0 seq=234
[TX] Immediate reply seq=234
[FWD] Forward to sub: cmd=0x0 seq=234
[RELAY] Got status from sub, seq=234
[TX] StatusPacket seq=234 A=2.596 B=34.975
[RELAY] Got status from sub, seq=234
[TX] StatusPacket seq=234 A=1.832 B=47.240
[RELAY] Got status from sub, seq=234
[RX] CmdPacket target=0xFF cmd=0x0 seq=235
[TX] Immediate reply seq=235
[FWD] Forward to sub: cmd=0x0 seq=235
[RELAY] Got status from sub, seq=235
[TX] StatusPacket seq=235 A=1.023 B=59.677
[RELAY] Got status from sub, seq=235
[TX] StatusPacket seq=235 A=0.368 B=71.513
[RELAY] Got status from sub, seq=235
[RX] CmdPacket target=0xFF cmd=0x0 seq=236
[TX] Immediate reply seq=236
[FWD] Forward to sub: cmd=0x0 seq=236
[RELAY] Got status from sub, seq=236
[TX] StatusPacket seq=236 A=0.027 B=82.011
[RELAY] Got status from sub, seq=236
[TX] StatusPacket seq=236 A=0.083 B=90.518
[RELAY] Got status from sub, seq=236
[RX] CmdPacket target=0xFF cmd=0x0 seq=237
[TX] Immediate reply seq=237
[FWD] Forward to sub: cmd=0x0 seq=237
[RELAY] Got status from sub, seq=237
[TX] StatusPacket seq=237 A=0.523 B=96.507
[RELAY] Got status from sub, seq=237
[TX] StatusPacket seq=237 A=1.239 B=99.604
[RELAY] Got status from sub, seq=237
[RX] CmdPacket target=0xFF cmd=0x0 seq=238
[TX] Immediate reply seq=238
[FWD] Forward to sub: cmd=0x0 seq=238
[RELAY] Got status from sub, seq=238
[TX] StatusPacket seq=238 A=2.055 B=99.616
[RELAY] Got status from sub, seq=238
[TX] StatusPacket seq=238 A=2.772 B=96.544
[RELAY] Got status from sub, seq=238
[RX] CmdPacket target=0xFF cmd=0x0 seq=239
[TX] Immediate reply seq=239
[FWD] Forward to sub: cmd=0x0 seq=239
[RELAY] Got status from sub, seq=239
[TX] StatusPacket seq=239 A=3.215 B=90.578
[RELAY] Got status from sub, seq=239
[TX] StatusPacket seq=239 A=3.274 B=82.089
[RELAY] Got status from sub, seq=239
[RX] CmdPacket target=0xFF cmd=0x0 seq=240
[TX] Immediate reply seq=240
[FWD] Forward to sub: cmd=0x0 seq=240
[RELAY] Got status from sub, seq=240
[TX] StatusPacket seq=240 A=2.936 B=71.605
[RELAY] Got status from sub, seq=240
[TX] StatusPacket seq=240 A=2.283 B=59.777
[RELAY] Got status from sub, seq=240
[RX] CmdPacket target=0xFF cmd=0x0 seq=241
[TX] Immediate reply seq=241
[FWD] Forward to sub: cmd=0x0 seq=241
[RELAY] Got status from sub, seq=241
[TX] StatusPacket seq=241 A=1.475 B=47.342
[RELAY] Got status from sub, seq=241
[TX] StatusPacket seq=241 A=0.710 B=35.072
[RELAY] Got status from sub, seq=241
[RX] CmdPacket target=0xFF cmd=0x0 seq=242
[TX] Immediate reply seq=242
[FWD] Forward to sub: cmd=0x0 seq=242
[RELAY] Got status from sub, seq=242
[TX] StatusPacket seq=242 A=0.174 B=23.709
[RELAY] Got status from sub, seq=242
[TX] StatusPacket seq=242 A=0.001 B=14.021
[RELAY] Got status from sub, seq=242
[TX] StatusPacket seq=242 A=0.231 B=6.550
[RX] CmdPacket target=0xFF cmd=0x0 seq=243
[TX] Immediate reply seq=243
[FWD] Forward to sub: cmd=0x0 seq=243
[RELAY] Got status from sub, seq=243
[RELAY] Got status from sub, seq=243
[TX] StatusPacket seq=243 A=0.808 B=1.780
[RELAY] Got status from sub, seq=243
[TX] StatusPacket seq=243 A=1.592 B=0.008
[RX] CmdPacket target=0xFF cmd=0x0 seq=244
[TX] Immediate reply seq=244
[FWD] Forward to sub: cmd=0x0 seq=244
[RELAY] Got status from sub, seq=244
[RELAY] Got status from sub, seq=244
[TX] StatusPacket seq=244 A=2.390 B=1.344
[RELAY] Got status from sub, seq=244
[TX] StatusPacket seq=244 A=3.006 B=5.706
[RX] CmdPacket target=0xFF cmd=0x0 seq=245
[TX] Immediate reply seq=245
[FWD] Forward to sub: cmd=0x0 seq=245
[RELAY] Got status from sub, seq=245
[RELAY] Got status from sub, seq=245
[TX] StatusPacket seq=245 A=3.291 B=12.821
[RELAY] Got status from sub, seq=245
[TX] StatusPacket seq=245 A=3.174 B=22.248
[RX] CmdPacket target=0xFF cmd=0x0 seq=246
[TX] Immediate reply seq=246
[FWD] Forward to sub: cmd=0x0 seq=246
[RELAY] Got status from sub, seq=246
[RELAY] Got status from sub, seq=246
[TX] StatusPacket seq=246 A=2.683 B=33.401
[RELAY] Got status from sub, seq=246
[TX] StatusPacket seq=246 A=1.940 B=45.585
[RX] CmdPacket target=0xFF cmd=0x0 seq=247
[TX] Immediate reply seq=247
[FWD] Forward to sub: cmd=0x0 seq=247
[RELAY] Got status from sub, seq=247
[RELAY] Got status from sub, seq=247
[TX] StatusPacket seq=247 A=1.126 B=58.044
[TX] StatusPacket seq=247 A=0.440 B=70.003
[TX] StatusPacket seq=247 A=0.050 B=80.719
[RELAY] Got status from sub, seq=247
[TX] StatusPacket seq=247 A=0.052 B=89.524
[RELAY] Got status from sub, seq=247
[RX] CmdPacket target=0xFF cmd=0x0 seq=249
[TX] Immediate reply seq=249
[FWD] Forward to sub: cmd=0x0 seq=249
[RELAY] Got status from sub, seq=249
[TX] StatusPacket seq=249 A=0.445 B=95.872
[RELAY] Got status from sub, seq=249
[TX] StatusPacket seq=249 A=1.133 B=99.368
[RELAY] Got status from sub, seq=249
[RX] CmdPacket target=0xFF cmd=0x0 seq=250
[TX] Immediate reply seq=250
[FWD] Forward to sub: cmd=0x0 seq=250
[RELAY] Got status from sub, seq=250
[TX] StatusPacket seq=250 A=1.948 B=99.794
[RELAY] Got status from sub, seq=250
[TX] StatusPacket seq=250 A=2.690 B=97.124
[RELAY] Got status from sub, seq=250
[RX] CmdPacket target=0xFF cmd=0x0 seq=251
[TX] Immediate reply seq=251
[FWD] Forward to sub: cmd=0x0 seq=251
[RELAY] Got status from sub, seq=251
[TX] StatusPacket seq=251 A=3.177 B=91.525
[RELAY] Got status from sub, seq=251
[TX] StatusPacket seq=251 A=3.290 B=83.344
[RELAY] Got status from sub, seq=251
[RX] CmdPacket target=0xFF cmd=0x0 seq=252
[TX] Immediate reply seq=252
[FWD] Forward to sub: cmd=0x0 seq=252
[RELAY] Got status from sub, seq=252
[TX] StatusPacket seq=252 A=3.002 B=73.089
[RELAY] Got status from sub, seq=252
[TX] StatusPacket seq=252 A=2.383 B=61.399
[RELAY] Got status from sub, seq=252
[RX] CmdPacket target=0xFF cmd=0x0 seq=253
[TX] Immediate reply seq=253
[FWD] Forward to sub: cmd=0x0 seq=253
[RELAY] Got status from sub, seq=253
[TX] StatusPacket seq=253 A=1.584 B=49.000
[RELAY] Got status from sub, seq=253
[TX] StatusPacket seq=253 A=0.802 B=36.663
[RELAY] Got status from sub, seq=253
[RX] CmdPacket target=0xFF cmd=0x0 seq=254
[TX] Immediate reply seq=254
[FWD] Forward to sub: cmd=0x0 seq=254
[RELAY] Got status from sub, seq=254
[TX] StatusPacket seq=254 A=0.227 B=25.156
[RELAY] Got status from sub, seq=254
[TX] StatusPacket seq=254 A=0.001 B=15.193
[RELAY] Got status from sub, seq=254
[RX] CmdPacket target=0xFF cmd=0x0 seq=255
[TX] Immediate reply seq=255
[FWD] Forward to sub: cmd=0x0 seq=255
[RELAY] Got status from sub, seq=255
[TX] StatusPacket seq=255 A=0.178 B=7.395
[RELAY] Got status from sub, seq=255
[TX] StatusPacket seq=255 A=0.716 B=2.245
[RELAY] Got status from sub, seq=255
[RX] CmdPacket target=0xFF cmd=0x0 seq=256
[TX] Immediate reply seq=256
[FWD] Forward to sub: cmd=0x0 seq=256
[RELAY] Got status from sub, seq=256
[TX] StatusPacket seq=256 A=1.483 B=0.064
[RELAY] Got status from sub, seq=256
[TX] StatusPacket seq=256 A=2.290 B=0.989
[RELAY] Got status from sub, seq=256
[RX] CmdPacket target=0xFF cmd=0x0 seq=257
[TX] Immediate reply seq=257
[FWD] Forward to sub: cmd=0x0 seq=257
[RELAY] Got status from sub, seq=257
[TX] StatusPacket seq=257 A=2.941 B=4.960
[RELAY] Got status from sub, seq=257
[TX] StatusPacket seq=257 A=3.276 B=11.732
[RELAY] Got status from sub, seq=257
[RX] CmdPacket target=0xFF cmd=0x0 seq=258
[TX] Immediate reply seq=258
[FWD] Forward to sub: cmd=0x0 seq=258
[RELAY] Got status from sub, seq=258
[TX] StatusPacket seq=258 A=3.212 B=20.883
[RELAY] Got status from sub, seq=258
[TX] StatusPacket seq=258 A=2.766 B=31.845
[RELAY] Got status from sub, seq=258
[RX] CmdPacket target=0xFF cmd=0x0 seq=259
[TX] Immediate reply seq=259
[FWD] Forward to sub: cmd=0x0 seq=259
[RELAY] Got status from sub, seq=259
[TX] StatusPacket seq=259 A=2.047 B=43.935
[RELAY] Got status from sub, seq=259
[TX] StatusPacket seq=259 A=1.231 B=56.403
[RELAY] Got status from sub, seq=259
[RX] CmdPacket target=0xFF cmd=0x0 seq=260
[TX] Immediate reply seq=260
[FWD] Forward to sub: cmd=0x0 seq=260
[RELAY] Got status from sub, seq=260
[TX] StatusPacket seq=260 A=0.517 B=68.472
[RELAY] Got status from sub, seq=260
[TX] StatusPacket seq=260 A=0.081 B=79.393
[RELAY] Got status from sub, seq=260
[RX] CmdPacket target=0xFF cmd=0x0 seq=261
[TX] Immediate reply seq=261
[FWD] Forward to sub: cmd=0x0 seq=261
[RELAY] Got status from sub, seq=261
[TX] StatusPacket seq=261 A=0.028 B=88.486
[RELAY] Got status from sub, seq=261
[TX] StatusPacket seq=261 A=0.373 B=95.187
[RELAY] Got status from sub, seq=261
[RX] CmdPacket target=0xFF cmd=0x0 seq=262
[TX] Immediate reply seq=262
[FWD] Forward to sub: cmd=0x0 seq=262
[RELAY] Got status from sub, seq=262
[TX] StatusPacket seq=262 A=1.031 B=99.078
[RELAY] Got status from sub, seq=262
[TX] StatusPacket seq=262 A=1.840 B=99.917
[RELAY] Got status from sub, seq=262
[RX] CmdPacket target=0xFF cmd=0x0 seq=263
[TX] Immediate reply seq=263
[FWD] Forward to sub: cmd=0x0 seq=263
[RELAY] Got status from sub, seq=263
[TX] StatusPacket seq=263 A=2.602 B=97.653
[RELAY] Got status from sub, seq=263
[TX] StatusPacket seq=263 A=3.132 B=92.426
[RELAY] Got status from sub, seq=263
[RX] CmdPacket target=0xFF cmd=0x0 seq=264
[TX] Immediate reply seq=264
[FWD] Forward to sub: cmd=0x0 seq=264
[RELAY] Got status from sub, seq=264
[TX] StatusPacket seq=264 A=3.298 B=84.561
[RELAY] Got status from sub, seq=264
[TX] StatusPacket seq=264 A=3.061 B=74.548
[RELAY] Got status from sub, seq=264
[RX] CmdPacket target=0xFF cmd=0x0 seq=265
[TX] Immediate reply seq=265
[FWD] Forward to sub: cmd=0x0 seq=265
[RELAY] Got status from sub, seq=265
[TX] StatusPacket seq=265 A=2.479 B=63.008
[RELAY] Got status from sub, seq=265
[TX] StatusPacket seq=265 A=1.694 B=50.659
[RELAY] Got status from sub, seq=265
[RX] CmdPacket target=0xFF cmd=0x0 seq=266
[TX] Immediate reply seq=266
[FWD] Forward to sub: cmd=0x0 seq=266
[RELAY] Got status from sub, seq=266
[TX] StatusPacket seq=266 A=0.897 B=38.270
[RELAY] Got status from sub, seq=266
[TX] StatusPacket seq=266 A=0.286 B=26.609
[RELAY] Got status from sub, seq=266
[RX] CmdPacket target=0xFF cmd=0x0 seq=267
[TX] Immediate reply seq=267
[FWD] Forward to sub: cmd=0x0 seq=267
[RELAY] Got status from sub, seq=267
[TX] StatusPacket seq=267 A=0.008 B=16.403
[RELAY] Got status from sub, seq=267
[TX] StatusPacket seq=267 A=0.132 B=8.286
[RELAY] Got status from sub, seq=267
[RX] CmdPacket target=0xFF cmd=0x0 seq=268
[TX] Immediate reply seq=268
[FWD] Forward to sub: cmd=0x0 seq=268
[RELAY] Got status from sub, seq=268
[TX] StatusPacket seq=268 A=0.628 B=2.763
[RELAY] Got status from sub, seq=268
[TX] StatusPacket seq=268 A=1.374 B=0.176
[RELAY] Got status from sub, seq=268
[RX] CmdPacket target=0xFF cmd=0x0 seq=269
[TX] Immediate reply seq=269
[FWD] Forward to sub: cmd=0x0 seq=269
[RELAY] Got status from sub, seq=269
[TX] StatusPacket seq=269 A=2.188 B=0.687
[RELAY] Got status from sub, seq=269
[TX] StatusPacket seq=269 A=2.870 B=4.265
[RELAY] Got status from sub, seq=269
[RX] CmdPacket target=0xFF cmd=0x0 seq=270
[TX] Immediate reply seq=270
[FWD] Forward to sub: cmd=0x0 seq=270
[RELAY] Got status from sub, seq=270
[TX] StatusPacket seq=270 A=3.253 B=10.686
[RELAY] Got status from sub, seq=270
[TX] StatusPacket seq=270 A=3.244 B=19.551
[RELAY] Got status from sub, seq=270
[RX] CmdPacket target=0xFF cmd=0x0 seq=271
[TX] Immediate reply seq=271
[FWD] Forward to sub: cmd=0x0 seq=271
[RELAY] Got status from sub, seq=271
[TX] StatusPacket seq=271 A=2.845 B=30.309
[RELAY] Got status from sub, seq=271
[TX] StatusPacket seq=271 A=2.153 B=42.292
[RELAY] Got status from sub, seq=271
[RX] CmdPacket target=0xFF cmd=0x0 seq=272
[TX] Immediate reply seq=272
[FWD] Forward to sub: cmd=0x0 seq=272
[RELAY] Got status from sub, seq=272
[TX] StatusPacket seq=272 A=1.338 B=54.754
[RELAY] Got status from sub, seq=272
[TX] StatusPacket seq=272 A=0.599 B=66.920
[RELAY] Got status from sub, seq=272
[RX] CmdPacket target=0xFF cmd=0x0 seq=273
[TX] Immediate reply seq=273
[TX] StatusPacket seq=273 A=0.118 B=78.035
[FWD] Forward to sub: cmd=0x0 seq=273
[RELAY] Got status from sub, seq=273
[RELAY] Got status from sub, seq=273
[TX] StatusPacket seq=273 A=0.012 B=87.406
[RELAY] Got status from sub, seq=273
[TX] StatusPacket seq=273 A=0.307 B=94.451
[RX] CmdPacket target=0xFF cmd=0x0 seq=274
[TX] Immediate reply seq=274
[FWD] Forward to sub: cmd=0x0 seq=274
[RELAY] Got status from sub, seq=274
[RELAY] Got status from sub, seq=274
[TX] StatusPacket seq=274 A=0.931 B=98.733
[RELAY] Got status from sub, seq=274
[TX] StatusPacket seq=274 A=1.731 B=99.985
[RX] CmdPacket target=0xFF cmd=0x0 seq=275
[TX] Immediate reply seq=275
[FWD] Forward to sub: cmd=0x0 seq=275
[RELAY] Got status from sub, seq=275
[RELAY] Got status from sub, seq=275
[TX] StatusPacket seq=275 A=2.511 B=98.129
[RELAY] Got status from sub, seq=275
[TX] StatusPacket seq=275 A=3.080 B=93.281
[RX] CmdPacket target=0xFF cmd=0x0 seq=276
[TX] Immediate reply seq=276
[FWD] Forward to sub: cmd=0x0 seq=276
[RELAY] Got status from sub, seq=276
[RELAY] Got status from sub, seq=276
[TX] StatusPacket seq=276 A=3.300 B=85.741
[RELAY] Got status from sub, seq=276
[TX] StatusPacket seq=276 A=3.115 B=75.980
[RX] CmdPacket target=0xFF cmd=0x0 seq=277
[TX] Immediate reply seq=277
[FWD] Forward to sub: cmd=0x0 seq=277
[RELAY] Got status from sub, seq=277
[RELAY] Got status from sub, seq=277
[TX] StatusPacket seq=277 A=2.572 B=64.603
[RELAY] Got status from sub, seq=277
[TX] StatusPacket seq=277 A=1.803 B=52.318
[RX] CmdPacket target=0xFF cmd=0x0 seq=278
[TX] Immediate reply seq=278
[FWD] Forward to sub: cmd=0x0 seq=278
[RELAY] Got status from sub, seq=278
[RELAY] Got status from sub, seq=278
[TX] StatusPacket seq=278 A=0.993 B=39.840
[TX] StatusPacket seq=278 A=0.350 B=28.089
[RELAY] Got status from sub, seq=278
[RX] CmdPacket target=0xFF cmd=0x0 seq=279
[TX] Immediate reply seq=279
[FWD] Forward to sub: cmd=0x0 seq=279
[RELAY] Got status from sub, seq=279
[TX] StatusPacket seq=279 A=0.022 B=17.651
[RELAY] Got status from sub, seq=279
[TX] StatusPacket seq=279 A=0.093 B=9.224
[RELAY] Got status from sub, seq=279
[RX] CmdPacket target=0xFF cmd=0x0 seq=280
[TX] Immediate reply seq=280
[FWD] Forward to sub: cmd=0x0 seq=280
[RELAY] Got status from sub, seq=280
[TX] StatusPacket seq=280 A=0.544 B=3.333
[RELAY] Got status from sub, seq=280
[TX] StatusPacket seq=280 A=1.267 B=0.343
[RELAY] Got status from sub, seq=280
[RX] CmdPacket target=0xFF cmd=0x0 seq=281
[TX] Immediate reply seq=281
[FWD] Forward to sub: cmd=0x0 seq=281
[RELAY] Got status from sub, seq=281
[TX] StatusPacket seq=281 A=2.083 B=0.440
[RELAY] Got status from sub, seq=281
[TX] StatusPacket seq=281 A=2.793 B=3.619
[RELAY] Got status from sub, seq=281
[RX] CmdPacket target=0xFF cmd=0x0 seq=282
[TX] Immediate reply seq=282
[FWD] Forward to sub: cmd=0x0 seq=282
[RELAY] Got status from sub, seq=282
[TX] StatusPacket seq=282 A=3.224 B=9.682
[RELAY] Got status from sub, seq=282
[TX] StatusPacket seq=282 A=3.269 B=18.252
[RELAY] Got status from sub, seq=282
[RX] CmdPacket target=0xFF cmd=0x0 seq=283
[TX] Immediate reply seq=283
[FWD] Forward to sub: cmd=0x0 seq=283
[RELAY] Got status from sub, seq=283
[TX] StatusPacket seq=283 A=2.917 B=28.795
[RELAY] Got status from sub, seq=283
[TX] StatusPacket seq=283 A=2.256 B=40.657
[RELAY] Got status from sub, seq=283
[RX] CmdPacket target=0xFF cmd=0x0 seq=284
[TX] Immediate reply seq=284
[FWD] Forward to sub: cmd=0x0 seq=284
[RELAY] Got status from sub, seq=284
[TX] StatusPacket seq=284 A=1.446 B=53.100
[RELAY] Got status from sub, seq=284
[TX] StatusPacket seq=284 A=0.686 B=65.350
[RELAY] Got status from sub, seq=284
[RX] CmdPacket target=0xFF cmd=0x0 seq=285
[TX] Immediate reply seq=285
[FWD] Forward to sub: cmd=0x0 seq=285
[RELAY] Got status from sub, seq=285
[TX] StatusPacket seq=285 A=0.162 B=76.645
[RELAY] Got status from sub, seq=285
[TX] StatusPacket seq=285 A=0.002 B=86.284
[RELAY] Got status from sub, seq=285
[RX] CmdPacket target=0xFF cmd=0x0 seq=286
[TX] Immediate reply seq=286
[FWD] Forward to sub: cmd=0x0 seq=286
[RELAY] Got status from sub, seq=286
[TX] StatusPacket seq=286 A=0.246 B=93.667
[RELAY] Got status from sub, seq=286
[TX] StatusPacket seq=286 A=0.834 B=98.335
[RELAY] Got status from sub, seq=286
[RX] CmdPacket target=0xFF cmd=0x0 seq=287
[TX] Immediate reply seq=287
[FWD] Forward to sub: cmd=0x0 seq=287
[RELAY] Got status from sub, seq=287
[TX] StatusPacket seq=287 A=1.621 B=99.998
[RELAY] Got status from sub, seq=287
[TX] StatusPacket seq=287 A=2.416 B=98.552
[RELAY] Got status from sub, seq=287
[RX] CmdPacket target=0xFF cmd=0x0 seq=288
[TX] Immediate reply seq=288
[FWD] Forward to sub: cmd=0x0 seq=288
[RELAY] Got status from sub, seq=288
[TX] StatusPacket seq=288 A=3.023 B=94.087
[RELAY] Got status from sub, seq=288
[TX] StatusPacket seq=288 A=3.294 B=86.882
[RELAY] Got status from sub, seq=288
[RX] CmdPacket target=0xFF cmd=0x0 seq=289
[TX] Immediate reply seq=289
[FWD] Forward to sub: cmd=0x0 seq=289
[RELAY] Got status from sub, seq=289
[TX] StatusPacket seq=289 A=3.162 B=77.383
[RELAY] Got status from sub, seq=289
[TX] StatusPacket seq=289 A=2.660 B=66.181
[RELAY] Got status from sub, seq=289
[RX] CmdPacket target=0xFF cmd=0x0 seq=290
[TX] Immediate reply seq=290
[FWD] Forward to sub: cmd=0x0 seq=290
[RELAY] Got status from sub, seq=290
[TX] StatusPacket seq=290 A=1.911 B=53.974
[RELAY] Got status from sub, seq=290
[TX] StatusPacket seq=290 A=1.098 B=41.519
[RELAY] Got status from sub, seq=290
[RX] CmdPacket target=0xFF cmd=0x0 seq=291
[TX] Immediate reply seq=291
[FWD] Forward to sub: cmd=0x0 seq=291
[RELAY] Got status from sub, seq=291
[TX] StatusPacket seq=291 A=0.420 B=29.592
[RELAY] Got status from sub, seq=291
[TX] StatusPacket seq=291 A=0.043 B=18.933
[RELAY] Got status from sub, seq=291
[RX] CmdPacket target=0xFF cmd=0x0 seq=292
[TX] Immediate reply seq=292
[FWD] Forward to sub: cmd=0x0 seq=292
[RELAY] Got status from sub, seq=292
[TX] StatusPacket seq=292 A=0.060 B=10.207
[RELAY] Got status from sub, seq=292
[TX] StatusPacket seq=292 A=0.466 B=3.954
[RELAY] Got status from sub, seq=292
[RX] CmdPacket target=0xFF cmd=0x0 seq=293
[TX] Immediate reply seq=293
[FWD] Forward to sub: cmd=0x0 seq=293
[RELAY] Got status from sub, seq=293
[TX] StatusPacket seq=293 A=1.161 B=0.564
[RELAY] Got status from sub, seq=293
[TX] StatusPacket seq=293 A=1.977 B=0.248
[RELAY] Got status from sub, seq=293
[RX] CmdPacket target=0xFF cmd=0x0 seq=294
[TX] Immediate reply seq=294
[FWD] Forward to sub: cmd=0x0 seq=294
[RELAY] Got status from sub, seq=294
[TX] StatusPacket seq=294 A=2.712 B=3.025
[RELAY] Got status from sub, seq=294
[TX] StatusPacket seq=294 A=3.187 B=8.723
[RELAY] Got status from sub, seq=294
[RX] CmdPacket target=0xFF cmd=0x0 seq=295
[TX] Immediate reply seq=295
[FWD] Forward to sub: cmd=0x0 seq=295
[RELAY] Got status from sub, seq=295
[TX] StatusPacket seq=295 A=3.286 B=16.988
[RELAY] Got status from sub, seq=295
[TX] StatusPacket seq=295 A=2.985 B=27.304
[RELAY] Got status from sub, seq=295
[RX] CmdPacket target=0xFF cmd=0x0 seq=296
[TX] Immediate reply seq=296
[FWD] Forward to sub: cmd=0x0 seq=296
[RELAY] Got status from sub, seq=296
[TX] StatusPacket seq=296 A=2.356 B=39.032
[RELAY] Got status from sub, seq=296
[TX] StatusPacket seq=296 A=1.555 B=51.442
[RELAY] Got status from sub, seq=296
[RX] CmdPacket target=0xFF cmd=0x0 seq=297
[TX] Immediate reply seq=297
[FWD] Forward to sub: cmd=0x0 seq=297
[RELAY] Got status from sub, seq=297
[TX] StatusPacket seq=297 A=0.777 B=63.763
[RELAY] Got status from sub, seq=297
[TX] StatusPacket seq=297 A=0.212 B=75.227
[RELAY] Got status from sub, seq=297
[RX] CmdPacket target=0xFF cmd=0x0 seq=298
[TX] Immediate reply seq=298
[FWD] Forward to sub: cmd=0x0 seq=298
[RELAY] Got status from sub, seq=298
[TX] StatusPacket seq=298 A=0.000 B=85.123
[RELAY] Got status from sub, seq=298
[TX] StatusPacket seq=298 A=0.192 B=92.835
[RELAY] Got status from sub, seq=298
[RX] CmdPacket target=0xFF cmd=0x0 seq=299
[TX] Immediate reply seq=299
[FWD] Forward to sub: cmd=0x0 seq=299
[RELAY] Got status from sub, seq=299
[TX] StatusPacket seq=299 A=0.740 B=97.884
[RELAY] Got status from sub, seq=299
[TX] StatusPacket seq=299 A=1.512 B=99.956
[RELAY] Got status from sub, seq=299
[RX] CmdPacket target=0xFF cmd=0x0 seq=300
[TX] Immediate reply seq=300
[FWD] Forward to sub: cmd=0x0 seq=300
[RELAY] Got status from sub, seq=300
[TX] StatusPacket seq=300 A=2.317 B=98.922
[RELAY] Got status from sub, seq=300
[TX] StatusPacket seq=300 A=2.959 B=94.846
[RELAY] Got status from sub, seq=300
[RX] CmdPacket target=0xFF cmd=0x0 seq=301
[TX] Immediate reply seq=301
[FWD] Forward to sub: cmd=0x0 seq=301
[RELAY] Got status from sub, seq=301
[TX] StatusPacket seq=301 A=3.280 B=87.981
[RELAY] Got status from sub, seq=301
[TX] StatusPacket seq=301 A=3.203 B=78.756
[RELAY] Got status from sub, seq=301
[RX] CmdPacket target=0xFF cmd=0x0 seq=302
[TX] Immediate reply seq=302
[FWD] Forward to sub: cmd=0x0 seq=302
[RELAY] Got status from sub, seq=302
[TX] StatusPacket seq=302 A=2.745 B=67.742
[RELAY] Got status from sub, seq=302
[TX] StatusPacket seq=302 A=2.019 B=55.625
[RELAY] Got status from sub, seq=302
[RX] CmdPacket target=0xFF cmd=0x0 seq=303
[TX] Immediate reply seq=303
[FWD] Forward to sub: cmd=0x0 seq=303
[RELAY] Got status from sub, seq=303
[TX] StatusPacket seq=303 A=1.200 B=43.110
[RELAY] Got status from sub, seq=303
[TX] StatusPacket seq=303 A=0.496 B=31.117
[RELAY] Got status from sub, seq=303
[RX] CmdPacket target=0xFF cmd=0x0 seq=304
[TX] Immediate reply seq=304
[TX] StatusPacket seq=304 A=0.071 B=20.210
[FWD] Forward to sub: cmd=0x0 seq=304
[RELAY] Got status from sub, seq=304
[RELAY] Got status from sub, seq=304
[TX] StatusPacket seq=304 A=0.034 B=11.233
[RELAY] Got status from sub, seq=304
[TX] StatusPacket seq=304 A=0.392 B=4.626
[RX] CmdPacket target=0xFF cmd=0x0 seq=305
[TX] Immediate reply seq=305
[FWD] Forward to sub: cmd=0x0 seq=305
[RELAY] Got status from sub, seq=305
[RELAY] Got status from sub, seq=305
[TX] StatusPacket seq=305 A=1.058 B=0.840
[RELAY] Got status from sub, seq=305
[TX] StatusPacket seq=305 A=1.869 B=0.110
[RX] CmdPacket target=0xFF cmd=0x0 seq=306
[TX] Immediate reply seq=306
[FWD] Forward to sub: cmd=0x0 seq=306
[RELAY] Got status from sub, seq=306
[RELAY] Got status from sub, seq=306
[TX] StatusPacket seq=306 A=2.626 B=2.483
[RELAY] Got status from sub, seq=306
[TX] StatusPacket seq=306 A=3.144 B=7.810
[RX] CmdPacket target=0xFF cmd=0x0 seq=307
[TX] Immediate reply seq=307
[FWD] Forward to sub: cmd=0x0 seq=307
[RELAY] Got status from sub, seq=307
[RELAY] Got status from sub, seq=307
[TX] StatusPacket seq=307 A=3.297 B=15.760
[RELAY] Got status from sub, seq=307
[TX] StatusPacket seq=307 A=3.046 B=25.839
[RX] CmdPacket target=0xFF cmd=0x0 seq=308
[TX] Immediate reply seq=308
[FWD] Forward to sub: cmd=0x0 seq=308
[RELAY] Got status from sub, seq=308
[RELAY] Got status from sub, seq=308
[TX] StatusPacket seq=308 A=2.454 B=37.420
[RELAY] Got status from sub, seq=308
[TX] StatusPacket seq=308 A=1.664 B=49.783
[RX] CmdPacket target=0xFF cmd=0x0 seq=309
[TX] Immediate reply seq=309
[FWD] Forward to sub: cmd=0x0 seq=309
[RELAY] Got status from sub, seq=309
[TX] StatusPacket seq=309 A=0.872 B=62.160
[TX] StatusPacket seq=309 A=0.269 B=73.781
[RX] CmdPacket target=0xFF cmd=0x0 seq=310
[TX] Immediate reply seq=310
[FWD] Forward to sub: cmd=0x0 seq=310
[RELAY] Got status from sub, seq=310
[TX] StatusPacket seq=310 A=0.005 B=83.923
[RELAY] Got status from sub, seq=310
[TX] StatusPacket seq=310 A=0.144 B=91.956
[RELAY] Got status from sub, seq=310
[RX] CmdPacket target=0xFF cmd=0x0 seq=311
[TX] Immediate reply seq=311
[FWD] Forward to sub: cmd=0x0 seq=311
[RELAY] Got status from sub, seq=311
[TX] StatusPacket seq=311 A=0.651 B=97.380
[RELAY] Got status from sub, seq=311
[TX] StatusPacket seq=311 A=1.403 B=99.859
[RELAY] Got status from sub, seq=311
[RX] CmdPacket target=0xFF cmd=0x0 seq=312
[TX] Immediate reply seq=312
[FWD] Forward to sub: cmd=0x0 seq=312
[RELAY] Got status from sub, seq=312
[TX] StatusPacket seq=312 A=2.215 B=99.237
[RELAY] Got status from sub, seq=312
[TX] StatusPacket seq=312 A=2.889 B=95.555
[RELAY] Got status from sub, seq=312
[RX] CmdPacket target=0xFF cmd=0x0 seq=313
[TX] Immediate reply seq=313
[FWD] Forward to sub: cmd=0x0 seq=313
[RELAY] Got status from sub, seq=313
[TX] StatusPacket seq=313 A=3.260 B=89.039
[RELAY] Got status from sub, seq=313
[TX] StatusPacket seq=313 A=3.236 B=80.097
[RELAY] Got status from sub, seq=313
[RX] CmdPacket target=0xFF cmd=0x0 seq=314
[TX] Immediate reply seq=314
[FWD] Forward to sub: cmd=0x0 seq=314
[RELAY] Got status from sub, seq=314
[TX] StatusPacket seq=314 A=2.824 B=69.283
[RELAY] Got status from sub, seq=314
[TX] StatusPacket seq=314 A=2.125 B=57.271
[RELAY] Got status from sub, seq=314
[RX] CmdPacket target=0xFF cmd=0x0 seq=315
[TX] Immediate reply seq=315
[FWD] Forward to sub: cmd=0x0 seq=315
[RELAY] Got status from sub, seq=315
[TX] StatusPacket seq=315 A=1.309 B=44.806
[RELAY] Got status from sub, seq=315
[TX] StatusPacket seq=315 A=0.577 B=32.664
[RELAY] Got status from sub, seq=315
[RX] CmdPacket target=0xFF cmd=0x0 seq=316
[TX] Immediate reply seq=316
[FWD] Forward to sub: cmd=0x0 seq=316
[RELAY] Got status from sub, seq=316
[TX] StatusPacket seq=316 A=0.107 B=21.600
[RELAY] Got status from sub, seq=316
[TX] StatusPacket seq=316 A=0.016 B=12.302
[RELAY] Got status from sub, seq=316
[RX] CmdPacket target=0xFF cmd=0x0 seq=317
[TX] Immediate reply seq=317
[FWD] Forward to sub: cmd=0x0 seq=317
[RELAY] Got status from sub, seq=317
[TX] StatusPacket seq=317 A=0.324 B=5.348
[RELAY] Got status from sub, seq=317
[TX] StatusPacket seq=317 A=0.957 B=1.170
[RELAY] Got status from sub, seq=317
[RX] CmdPacket target=0xFF cmd=0x0 seq=318
[TX] Immediate reply seq=318
[FWD] Forward to sub: cmd=0x0 seq=318
[RELAY] Got status from sub, seq=318
[TX] StatusPacket seq=318 A=1.760 B=0.028
[RELAY] Got status from sub, seq=318
[TX] StatusPacket seq=318 A=2.536 B=1.993
[RELAY] Got status from sub, seq=318
[RX] CmdPacket target=0xFF cmd=0x0 seq=319
[TX] Immediate reply seq=319
[FWD] Forward to sub: cmd=0x0 seq=319
[RELAY] Got status from sub, seq=319
[TX] StatusPacket seq=319 A=3.095 B=6.943
[RELAY] Got status from sub, seq=319
[TX] StatusPacket seq=319 A=3.300 B=14.570
[RELAY] Got status from sub, seq=319
[RX] CmdPacket target=0xFF cmd=0x0 seq=320
[TX] Immediate reply seq=320
[FWD] Forward to sub: cmd=0x0 seq=320
[RELAY] Got status from sub, seq=320
[TX] StatusPacket seq=320 A=3.101 B=24.400
[RELAY] Got status from sub, seq=320
[TX] StatusPacket seq=320 A=2.547 B=35.821
[RELAY] Got status from sub, seq=320
[RX] CmdPacket target=0xFF cmd=0x0 seq=321
[TX] Immediate reply seq=321
[FWD] Forward to sub: cmd=0x0 seq=321
[RELAY] Got status from sub, seq=321
[TX] StatusPacket seq=321 A=1.774 B=48.124
[RELAY] Got status from sub, seq=321
[TX] StatusPacket seq=321 A=0.970 B=60.544
[RELAY] Got status from sub, seq=321
[RX] CmdPacket target=0xFF cmd=0x0 seq=322
[TX] Immediate reply seq=322
[FWD] Forward to sub: cmd=0x0 seq=322
[RELAY] Got status from sub, seq=322
[TX] StatusPacket seq=322 A=0.332 B=72.308
[RELAY] Got status from sub, seq=322
[TX] StatusPacket seq=322 A=0.018 B=82.686
[RELAY] Got status from sub, seq=322
[RX] CmdPacket target=0xFF cmd=0x0 seq=323
[TX] Immediate reply seq=323
[FWD] Forward to sub: cmd=0x0 seq=323
[RELAY] Got status from sub, seq=323
[TX] StatusPacket seq=323 A=0.102 B=91.031
[RELAY] Got status from sub, seq=323
[TX] StatusPacket seq=323 A=0.566 B=96.824
[RELAY] Got status from sub, seq=323
[RX] CmdPacket target=0xFF cmd=0x0 seq=324
[TX] Immediate reply seq=324
[FWD] Forward to sub: cmd=0x0 seq=324
[RELAY] Got status from sub, seq=324
[TX] StatusPacket seq=324 A=1.295 B=99.707
[RELAY] Got status from sub, seq=324
[TX] StatusPacket seq=324 A=2.111 B=99.499
[RELAY] Got status from sub, seq=324
[RX] CmdPacket target=0xFF cmd=0x0 seq=325
[TX] Immediate reply seq=325
[FWD] Forward to sub: cmd=0x0 seq=325
[RELAY] Got status from sub, seq=325
[TX] StatusPacket seq=325 A=2.814 B=96.213
[RELAY] Got status from sub, seq=325
[TX] StatusPacket seq=325 A=3.232 B=90.054
[RELAY] Got status from sub, seq=325
[RX] CmdPacket target=0xFF cmd=0x0 seq=326
[TX] Immediate reply seq=326
[FWD] Forward to sub: cmd=0x0 seq=326
[RELAY] Got status from sub, seq=326
[TX] StatusPacket seq=326 A=3.263 B=81.405
[RELAY] Got status from sub, seq=326
[TX] StatusPacket seq=326 A=2.899 B=70.803
[RELAY] Got status from sub, seq=326
[RX] CmdPacket target=0xFF cmd=0x0 seq=327
[TX] Immediate reply seq=327
[FWD] Forward to sub: cmd=0x0 seq=327
[RELAY] Got status from sub, seq=327
[TX] StatusPacket seq=327 A=2.229 B=58.908
[RELAY] Got status from sub, seq=327
[TX] StatusPacket seq=327 A=1.417 B=46.459
[RELAY] Got status from sub, seq=327
[RX] CmdPacket target=0xFF cmd=0x0 seq=328
[TX] Immediate reply seq=328
[FWD] Forward to sub: cmd=0x0 seq=328
[RELAY] Got status from sub, seq=328
[TX] StatusPacket seq=328 A=0.662 B=34.230
[RELAY] Got status from sub, seq=328
[TX] StatusPacket seq=328 A=0.150 B=22.981
[RELAY] Got status from sub, seq=328
[RX] CmdPacket target=0xFF cmd=0x0 seq=329
[TX] Immediate reply seq=329
[FWD] Forward to sub: cmd=0x0 seq=329
[RELAY] Got status from sub, seq=329
[TX] StatusPacket seq=329 A=0.004 B=13.412
[RELAY] Got status from sub, seq=329
[TX] StatusPacket seq=329 A=0.262 B=6.119
[RELAY] Got status from sub, seq=329
[RX] CmdPacket target=0xFF cmd=0x0 seq=330
[TX] Immediate reply seq=330
[FWD] Forward to sub: cmd=0x0 seq=330
[RELAY] Got status from sub, seq=330
[TX] StatusPacket seq=330 A=0.859 B=1.553
[RELAY] Got status from sub, seq=330
[TX] StatusPacket seq=330 A=1.650 B=0.000
[RELAY] Got status from sub, seq=330
[RX] CmdPacket target=0xFF cmd=0x0 seq=331
[TX] Immediate reply seq=331
[FWD] Forward to sub: cmd=0x0 seq=331
[RELAY] Got status from sub, seq=331
[TX] StatusPacket seq=331 A=2.441 B=1.556
[RELAY] Got status from sub, seq=331
[TX] StatusPacket seq=331 A=3.039 B=6.123
[RELAY] Got status from sub, seq=331
[RX] CmdPacket target=0xFF cmd=0x0 seq=332
[TX] Immediate reply seq=332
[FWD] Forward to sub: cmd=0x0 seq=332
[RELAY] Got status from sub, seq=332
[TX] StatusPacket seq=332 A=3.296 B=13.419
[RELAY] Got status from sub, seq=332
[TX] StatusPacket seq=332 A=3.150 B=22.989
[RELAY] Got status from sub, seq=332
[RX] CmdPacket target=0xFF cmd=0x0 seq=333
[TX] Immediate reply seq=333
[FWD] Forward to sub: cmd=0x0 seq=333
[RELAY] Got status from sub, seq=333
[TX] StatusPacket seq=333 A=2.637 B=34.238
[RELAY] Got status from sub, seq=333
[TX] StatusPacket seq=333 A=1.883 B=46.468
[RELAY] Got status from sub, seq=333
[RX] CmdPacket target=0xFF cmd=0x0 seq=334
[TX] Immediate reply seq=334
[FWD] Forward to sub: cmd=0x0 seq=334
[RELAY] Got status from sub, seq=334
[TX] StatusPacket seq=334 A=1.068 B=58.966
[RELAY] Got status from sub, seq=334
[TX] StatusPacket seq=334 A=0.401 B=70.811
[RELAY] Got status from sub, seq=334
[TX] StatusPacket seq=334 A=0.037 B=81.412
[RELAY] Got status from sub, seq=334
[TX] StatusPacket seq=334 A=0.068 B=90.060
[RELAY] Got status from sub, seq=334
[TX] StatusPacket seq=334 A=0.486 B=96.217
[RX] CmdPacket target=0xFF cmd=0x0 seq=336
[TX] Immediate reply seq=336
[FWD] Forward to sub: cmd=0x0 seq=336
[RELAY] Got status from sub, seq=336
[RELAY] Got status from sub, seq=336
[TX] StatusPacket seq=336 A=1.189 B=99.500
[RELAY] Got status from sub, seq=336
[TX] StatusPacket seq=336 A=2.005 B=99.706
[RX] CmdPacket target=0xFF cmd=0x0 seq=337
[TX] Immediate reply seq=337
[FWD] Forward to sub: cmd=0x0 seq=337
[RELAY] Got status from sub, seq=337
[RELAY] Got status from sub, seq=337
[TX] StatusPacket seq=337 A=2.734 B=96.821
[RELAY] Got status from sub, seq=337
[TX] StatusPacket seq=337 A=3.198 B=91.025
[RX] CmdPacket target=0xFF cmd=0x0 seq=338
[TX] Immediate reply seq=338
[FWD] Forward to sub: cmd=0x0 seq=338
[RELAY] Got status from sub, seq=338
[RELAY] Got status from sub, seq=338
[TX] StatusPacket seq=338 A=3.282 B=82.679
[RELAY] Got status from sub, seq=338
[TX] StatusPacket seq=338 A=2.967 B=72.300
[RX] CmdPacket target=0xFF cmd=0x0 seq=339
[TX] Immediate reply seq=339
[FWD] Forward to sub: cmd=0x0 seq=339
[RELAY] Got status from sub, seq=339
[RELAY] Got status from sub, seq=339
[TX] StatusPacket seq=339 A=2.330 B=60.535
[TX] StatusPacket seq=339 A=1.526 B=48.115
[TX] StatusPacket seq=339 A=0.752 B=35.813
[RELAY] Got status from sub, seq=339
[TX] StatusPacket seq=339 A=0.198 B=24.392
[RELAY] Got status from sub, seq=339
[RX] CmdPacket target=0xFF cmd=0x0 seq=341
[TX] Immediate reply seq=341
[FWD] Forward to sub: cmd=0x0 seq=341
[RELAY] Got status from sub, seq=341
[TX] StatusPacket seq=341 A=0.000 B=14.563
[RELAY] Got status from sub, seq=341
[TX] StatusPacket seq=341 A=0.206 B=6.938
[RELAY] Got status from sub, seq=341
[RX] CmdPacket target=0xFF cmd=0x0 seq=342
[TX] Immediate reply seq=342
[FWD] Forward to sub: cmd=0x0 seq=342
[RELAY] Got status from sub, seq=342
[TX] StatusPacket seq=342 A=0.765 B=1.990
[RELAY] Got status from sub, seq=342
[TX] StatusPacket seq=342 A=1.541 B=0.027
[RELAY] Got status from sub, seq=342
[RX] CmdPacket target=0xFF cmd=0x0 seq=343
[TX] Immediate reply seq=343
[FWD] Forward to sub: cmd=0x0 seq=343
[RELAY] Got status from sub, seq=343
[TX] StatusPacket seq=343 A=2.344 B=1.172
[RELAY] Got status from sub, seq=343
[TX] StatusPacket seq=343 A=2.976 B=5.352
[RELAY] Got status from sub, seq=343
[RX] CmdPacket target=0xFF cmd=0x0 seq=344
[TX] Immediate reply seq=344
[FWD] Forward to sub: cmd=0x0 seq=344
[RELAY] Got status from sub, seq=344
[TX] StatusPacket seq=344 A=3.285 B=12.308
[RELAY] Got status from sub, seq=344
[TX] StatusPacket seq=344 A=3.192 B=21.608
[RELAY] Got status from sub, seq=344
[RX] CmdPacket target=0xFF cmd=0x0 seq=345
[TX] Immediate reply seq=345
[FWD] Forward to sub: cmd=0x0 seq=345
[RELAY] Got status from sub, seq=345
[TX] StatusPacket seq=345 A=2.723 B=32.672
[RELAY] Got status from sub, seq=345
[TX] StatusPacket seq=345 A=1.990 B=44.815
[RELAY] Got status from sub, seq=345
[RX] CmdPacket target=0xFF cmd=0x0 seq=346
[TX] Immediate reply seq=346
[FWD] Forward to sub: cmd=0x0 seq=346
[RELAY] Got status from sub, seq=346
[TX] StatusPacket seq=346 A=1.175 B=57.279
[RELAY] Got status from sub, seq=346
[TX] StatusPacket seq=346 A=0.475 B=69.292
[RELAY] Got status from sub, seq=346
[RX] CmdPacket target=0xFF cmd=0x0 seq=347
[TX] Immediate reply seq=347
[FWD] Forward to sub: cmd=0x0 seq=347
[RELAY] Got status from sub, seq=347
[TX] StatusPacket seq=347 A=0.064 B=80.104
[RELAY] Got status from sub, seq=347
[TX] StatusPacket seq=347 A=0.040 B=89.045
[RELAY] Got status from sub, seq=347
[RX] CmdPacket target=0xFF cmd=0x0 seq=348
[TX] Immediate reply seq=348
[FWD] Forward to sub: cmd=0x0 seq=348
[RELAY] Got status from sub, seq=348
[TX] StatusPacket seq=348 A=0.411 B=95.558
[RELAY] Got status from sub, seq=348
[TX] StatusPacket seq=348 A=1.085 B=99.239
[RELAY] Got status from sub, seq=348
[RX] CmdPacket target=0xFF cmd=0x0 seq=349
[TX] Immediate reply seq=349
[FWD] Forward to sub: cmd=0x0 seq=349
[RELAY] Got status from sub, seq=349
[TX] StatusPacket seq=349 A=1.898 B=99.858
[RELAY] Got status from sub, seq=349
[TX] StatusPacket seq=349 A=2.649 B=97.378
[RELAY] Got status from sub, seq=349
[RX] CmdPacket target=0xFF cmd=0x0 seq=350
[TX] Immediate reply seq=350
[FWD] Forward to sub: cmd=0x0 seq=350
[RELAY] Got status from sub, seq=350
[TX] StatusPacket seq=350 A=3.156 B=91.951
[RELAY] Got status from sub, seq=350
[TX] StatusPacket seq=350 A=3.295 B=83.916
[RELAY] Got status from sub, seq=350
[RX] CmdPacket target=0xFF cmd=0x0 seq=351
[TX] Immediate reply seq=351
[FWD] Forward to sub: cmd=0x0 seq=351
[RELAY] Got status from sub, seq=351
[TX] StatusPacket seq=351 A=3.030 B=73.773
[RELAY] Got status from sub, seq=351
[TX] StatusPacket seq=351 A=2.428 B=62.151
[RELAY] Got status from sub, seq=351
[RX] CmdPacket target=0xFF cmd=0x0 seq=352
[TX] Immediate reply seq=352
[FWD] Forward to sub: cmd=0x0 seq=352
[RELAY] Got status from sub, seq=352
[TX] StatusPacket seq=352 A=1.635 B=49.774
[RELAY] Got status from sub, seq=352
[TX] StatusPacket seq=352 A=0.846 B=37.411
[RELAY] Got status from sub, seq=352
[RX] CmdPacket target=0xFF cmd=0x0 seq=353
[TX] Immediate reply seq=353
[FWD] Forward to sub: cmd=0x0 seq=353
[RELAY] Got status from sub, seq=353
[TX] StatusPacket seq=353 A=0.254 B=25.831
[RELAY] Got status from sub, seq=353
[TX] StatusPacket seq=353 A=0.003 B=15.753
[RELAY] Got status from sub, seq=353
[RX] CmdPacket target=0xFF cmd=0x0 seq=354
[TX] Immediate reply seq=354
[FWD] Forward to sub: cmd=0x0 seq=354
[RELAY] Got status from sub, seq=354
[TX] StatusPacket seq=354 A=0.156 B=7.805
[RELAY] Got status from sub, seq=354
[TX] StatusPacket seq=354 A=0.675 B=2.480
[RELAY] Got status from sub, seq=354
[RX] CmdPacket target=0xFF cmd=0x0 seq=355
[TX] Immediate reply seq=355
[FWD] Forward to sub: cmd=0x0 seq=355
[RELAY] Got status from sub, seq=355
[TX] StatusPacket seq=355 A=1.432 B=0.110
[RELAY] Got status from sub, seq=355
[TX] StatusPacket seq=355 A=2.243 B=0.841
[RELAY] Got status from sub, seq=355
[RX] CmdPacket target=0xFF cmd=0x0 seq=356
[TX] Immediate reply seq=356
[FWD] Forward to sub: cmd=0x0 seq=356
[RELAY] Got status from sub, seq=356
[TX] StatusPacket seq=356 A=2.908 B=4.630
[RELAY] Got status from sub, seq=356
[TX] StatusPacket seq=356 A=3.266 B=11.239
[RELAY] Got status from sub, seq=356
[RX] CmdPacket target=0xFF cmd=0x0 seq=357
[TX] Immediate reply seq=357
[FWD] Forward to sub: cmd=0x0 seq=357
[RELAY] Got status from sub, seq=357
[TX] StatusPacket seq=357 A=3.228 B=20.258
[RELAY] Got status from sub, seq=357
[TX] StatusPacket seq=357 A=2.804 B=31.126
[RELAY] Got status from sub, seq=357
[RX] CmdPacket target=0xFF cmd=0x0 seq=358
[TX] Immediate reply seq=358
[FWD] Forward to sub: cmd=0x0 seq=358
[RELAY] Got status from sub, seq=358
[TX] StatusPacket seq=358 A=2.097 B=43.168
[RELAY] Got status from sub, seq=358
[TX] StatusPacket seq=358 A=1.281 B=55.634
[RELAY] Got status from sub, seq=358
[RX] CmdPacket target=0xFF cmd=0x0 seq=359
[TX] Immediate reply seq=359
[FWD] Forward to sub: cmd=0x0 seq=359
[RELAY] Got status from sub, seq=359
[TX] StatusPacket seq=359 A=0.555 B=67.750
[RELAY] Got status from sub, seq=359
[TX] StatusPacket seq=359 A=0.097 B=78.763
[RELAY] Got status from sub, seq=359
[RX] CmdPacket target=0xFF cmd=0x0 seq=360
[TX] Immediate reply seq=360
[FWD] Forward to sub: cmd=0x0 seq=360
[RELAY] Got status from sub, seq=360
[TX] StatusPacket seq=360 A=0.020 B=87.987
[RELAY] Got status from sub, seq=360
[TX] StatusPacket seq=360 A=0.342 B=94.850
[RELAY] Got status from sub, seq=360
[RX] CmdPacket target=0xFF cmd=0x0 seq=361
[TX] Immediate reply seq=361
[FWD] Forward to sub: cmd=0x0 seq=361
[RELAY] Got status from sub, seq=361
[TX] StatusPacket seq=361 A=0.984 B=98.924
[RELAY] Got status from sub, seq=361
[TX] StatusPacket seq=361 A=1.789 B=99.956
[RELAY] Got status from sub, seq=361
[RX] CmdPacket target=0xFF cmd=0x0 seq=362
[TX] Immediate reply seq=362
[FWD] Forward to sub: cmd=0x0 seq=362
[RELAY] Got status from sub, seq=362
[TX] StatusPacket seq=362 A=2.560 B=97.882
[RELAY] Got status from sub, seq=362
[TX] StatusPacket seq=362 A=3.109 B=92.831
[RELAY] Got status from sub, seq=362
[RX] CmdPacket target=0xFF cmd=0x0 seq=363
[TX] Immediate reply seq=363
[FWD] Forward to sub: cmd=0x0 seq=363
[RELAY] Got status from sub, seq=363
[TX] StatusPacket seq=363 A=3.300 B=85.117
[RELAY] Got status from sub, seq=363
[TX] StatusPacket seq=363 A=3.087 B=75.219
[RELAY] Got status from sub, seq=363
[RX] CmdPacket target=0xFF cmd=0x0 seq=364
[TX] Immediate reply seq=364
[FWD] Forward to sub: cmd=0x0 seq=364
[RELAY] Got status from sub, seq=364
[TX] StatusPacket seq=364 A=2.523 B=63.754
[RELAY] Got status from sub, seq=364
[TX] StatusPacket seq=364 A=1.745 B=51.433
[RELAY] Got status from sub, seq=364
[RX] CmdPacket target=0xFF cmd=0x0 seq=365
[TX] Immediate reply seq=365
[TX] StatusPacket seq=365 A=0.943 B=39.024
[FWD] Forward to sub: cmd=0x0 seq=365
[RELAY] Got status from sub, seq=365
[RELAY] Got status from sub, seq=365
[TX] StatusPacket seq=365 A=0.315 B=27.296
[RELAY] Got status from sub, seq=365
[TX] StatusPacket seq=365 A=0.014 B=16.981
[RX] CmdPacket target=0xFF cmd=0x0 seq=366
[TX] Immediate reply seq=366
[FWD] Forward to sub: cmd=0x0 seq=366
[RELAY] Got status from sub, seq=366
[RELAY] Got status from sub, seq=366
[TX] StatusPacket seq=366 A=0.113 B=8.718
[RELAY] Got status from sub, seq=366
[TX] StatusPacket seq=366 A=0.588 B=3.022
[RX] CmdPacket target=0xFF cmd=0x0 seq=367
[TX] Immediate reply seq=367
[FWD] Forward to sub: cmd=0x0 seq=367
[RELAY] Got status from sub, seq=367
[RELAY] Got status from sub, seq=367
[TX] StatusPacket seq=367 A=1.324 B=0.247
[RELAY] Got status from sub, seq=367
[TX] StatusPacket seq=367 A=2.139 B=0.565
[RX] CmdPacket target=0xFF cmd=0x0 seq=368
[TX] Immediate reply seq=368
[FWD] Forward to sub: cmd=0x0 seq=368
[RELAY] Got status from sub, seq=368
[RELAY] Got status from sub, seq=368
[TX] StatusPacket seq=368 A=2.835 B=3.957
[RELAY] Got status from sub, seq=368
[TX] StatusPacket seq=368 A=3.240 B=10.212
[RX] CmdPacket target=0xFF cmd=0x0 seq=369
[TX] Immediate reply seq=369
[FWD] Forward to sub: cmd=0x0 seq=369
[RELAY] Got status from sub, seq=369
[RELAY] Got status from sub, seq=369
[TX] StatusPacket seq=369 A=3.256 B=18.940
[RELAY] Got status from sub, seq=369
[TX] StatusPacket seq=369 A=2.879 B=29.600
[RX] CmdPacket target=0xFF cmd=0x0 seq=370
[TX] Immediate reply seq=370
[FWD] Forward to sub: cmd=0x0 seq=370
[RELAY] Got status from sub, seq=370
[TX] StatusPacket seq=370 A=2.201 B=41.528
[TX] StatusPacket seq=370 A=1.388 B=53.983
[RX] CmdPacket target=0xFF cmd=0x0 seq=371
[TX] Immediate reply seq=371
[FWD] Forward to sub: cmd=0x0 seq=371
[RELAY] Got status from sub, seq=371
[TX] StatusPacket seq=371 A=0.639 B=66.190
[RELAY] Got status from sub, seq=371
[TX] StatusPacket seq=371 A=0.138 B=77.390
[RELAY] Got status from sub, seq=371
[RX] CmdPacket target=0xFF cmd=0x0 seq=372
[TX] Immediate reply seq=372
[FWD] Forward to sub: cmd=0x0 seq=372
[RELAY] Got status from sub, seq=372
[TX] StatusPacket seq=372 A=0.006 B=86.888
[RELAY] Got status from sub, seq=372
[TX] StatusPacket seq=372 A=0.278 B=94.092
[RELAY] Got status from sub, seq=372
[RX] CmdPacket target=0xFF cmd=0x0 seq=373
[TX] Immediate reply seq=373
[FWD] Forward to sub: cmd=0x0 seq=373
[RELAY] Got status from sub, seq=373
[TX] StatusPacket seq=373 A=0.885 B=98.554
[RELAY] Got status from sub, seq=373
[TX] StatusPacket seq=373 A=1.680 B=99.998
[RELAY] Got status from sub, seq=373
[RX] CmdPacket target=0xFF cmd=0x0 seq=374
[TX] Immediate reply seq=374
[FWD] Forward to sub: cmd=0x0 seq=374
[RELAY] Got status from sub, seq=374
[TX] StatusPacket seq=374 A=2.467 B=98.333
[RELAY] Got status from sub, seq=374
[TX] StatusPacket seq=374 A=3.054 B=93.663
[RELAY] Got status from sub, seq=374
[RX] CmdPacket target=0xFF cmd=0x0 seq=375
[TX] Immediate reply seq=375
[FWD] Forward to sub: cmd=0x0 seq=375
[RELAY] Got status from sub, seq=375
[TX] StatusPacket seq=375 A=3.298 B=86.278
[RELAY] Got status from sub, seq=375
[TX] StatusPacket seq=375 A=3.138 B=76.638
[RELAY] Got status from sub, seq=375
[RX] CmdPacket target=0xFF cmd=0x0 seq=376
[TX] Immediate reply seq=376
[FWD] Forward to sub: cmd=0x0 seq=376
[RELAY] Got status from sub, seq=376
[TX] StatusPacket seq=376 A=2.614 B=65.341
[RELAY] Got status from sub, seq=376
[TX] StatusPacket seq=376 A=1.854 B=53.091
[RELAY] Got status from sub, seq=376
[RX] CmdPacket target=0xFF cmd=0x0 seq=377
[TX] Immediate reply seq=377
[FWD] Forward to sub: cmd=0x0 seq=377
[RELAY] Got status from sub, seq=377
[TX] StatusPacket seq=377 A=1.044 B=40.648
[RELAY] Got status from sub, seq=377
[TX] StatusPacket seq=377 A=0.382 B=28.787
[RELAY] Got status from sub, seq=377
[RX] CmdPacket target=0xFF cmd=0x0 seq=378
[TX] Immediate reply seq=378
[FWD] Forward to sub: cmd=0x0 seq=378
[RELAY] Got status from sub, seq=378
[TX] StatusPacket seq=378 A=0.031 B=18.245
[RELAY] Got status from sub, seq=378
[TX] StatusPacket seq=378 A=0.076 B=9.677
[RELAY] Got status from sub, seq=378
[RX] CmdPacket target=0xFF cmd=0x0 seq=379
[TX] Immediate reply seq=379
[FWD] Forward to sub: cmd=0x0 seq=379
[RELAY] Got status from sub, seq=379
[TX] StatusPacket seq=379 A=0.507 B=3.616
[RELAY] Got status from sub, seq=379
[TX] StatusPacket seq=379 A=1.217 B=0.439
[RELAY] Got status from sub, seq=379
[RX] CmdPacket target=0xFF cmd=0x0 seq=380
[TX] Immediate reply seq=380
[FWD] Forward to sub: cmd=0x0 seq=380
[RELAY] Got status from sub, seq=380
[TX] StatusPacket seq=380 A=2.034 B=0.344
[RELAY] Got status from sub, seq=380
[TX] StatusPacket seq=380 A=2.756 B=3.336
[RELAY] Got status from sub, seq=380
[RX] CmdPacket target=0xFF cmd=0x0 seq=381
[TX] Immediate reply seq=381
[FWD] Forward to sub: cmd=0x0 seq=381
[RELAY] Got status from sub, seq=381
[TX] StatusPacket seq=381 A=3.208 B=9.229
[RELAY] Got status from sub, seq=381
[TX] StatusPacket seq=381 A=3.278 B=17.657
[RELAY] Got status from sub, seq=381
[RX] CmdPacket target=0xFF cmd=0x0 seq=382
[TX] Immediate reply seq=382
[FWD] Forward to sub: cmd=0x0 seq=382
[RELAY] Got status from sub, seq=382
[TX] StatusPacket seq=382 A=2.950 B=28.097
[RELAY] Got status from sub, seq=382
[TX] StatusPacket seq=382 A=2.303 B=39.898
[RELAY] Got status from sub, seq=382
[RX] CmdPacket target=0xFF cmd=0x0 seq=383
[TX] Immediate reply seq=383
[FWD] Forward to sub: cmd=0x0 seq=383
[RELAY] Got status from sub, seq=383
[TX] StatusPacket seq=383 A=1.497 B=52.327
[RELAY] Got status from sub, seq=383
[TX] StatusPacket seq=383 A=0.728 B=64.611
[RELAY] Got status from sub, seq=383
[RX] CmdPacket target=0xFF cmd=0x0 seq=384
[TX] Immediate reply seq=384
[FWD] Forward to sub: cmd=0x0 seq=384
[RELAY] Got status from sub, seq=384
[TX] StatusPacket seq=384 A=0.185 B=75.987
[RELAY] Got status from sub, seq=384
[TX] StatusPacket seq=384 A=0.000 B=85.748
[RELAY] Got status from sub, seq=384
[RX] CmdPacket target=0xFF cmd=0x0 seq=385
[TX] Immediate reply seq=385
[FWD] Forward to sub: cmd=0x0 seq=385
[RELAY] Got status from sub, seq=385
[TX] StatusPacket seq=385 A=0.220 B=93.285
[RELAY] Got status from sub, seq=385
[TX] StatusPacket seq=385 A=0.790 B=98.132
[RELAY] Got status from sub, seq=385
[RX] CmdPacket target=0xFF cmd=0x0 seq=386
[TX] Immediate reply seq=386
[FWD] Forward to sub: cmd=0x0 seq=386
[RELAY] Got status from sub, seq=386
[TX] StatusPacket seq=386 A=1.570 B=99.985
[RELAY] Got status from sub, seq=386
[TX] StatusPacket seq=386 A=2.370 B=98.731
[RELAY] Got status from sub, seq=386
[RX] CmdPacket target=0xFF cmd=0x0 seq=387
[TX] Immediate reply seq=387
[FWD] Forward to sub: cmd=0x0 seq=387
[RELAY] Got status from sub, seq=387
[TX] StatusPacket seq=387 A=2.994 B=94.447
[RELAY] Got status from sub, seq=387
[TX] StatusPacket seq=387 A=3.288 B=87.400
[RELAY] Got status from sub, seq=387
[RX] CmdPacket target=0xFF cmd=0x0 seq=388
[TX] Immediate reply seq=388
[FWD] Forward to sub: cmd=0x0 seq=388
[RELAY] Got status from sub, seq=388
[TX] StatusPacket seq=388 A=3.182 B=78.027
[RELAY] Got status from sub, seq=388
[TX] StatusPacket seq=388 A=2.700 B=66.912
[RELAY] Got status from sub, seq=388
[RX] CmdPacket target=0xFF cmd=0x0 seq=389
[TX] Immediate reply seq=389
[FWD] Forward to sub: cmd=0x0 seq=389
[RELAY] Got status from sub, seq=389
[TX] StatusPacket seq=389 A=1.962 B=54.745
[RELAY] Got status from sub, seq=389
[TX] StatusPacket seq=389 A=1.147 B=42.283
[RELAY] Got status from sub, seq=389
[RX] CmdPacket target=0xFF cmd=0x0 seq=390
[TX] Immediate reply seq=390
[FWD] Forward to sub: cmd=0x0 seq=390
[RELAY] Got status from sub, seq=390
[TX] StatusPacket seq=390 A=0.455 B=30.301
[RELAY] Got status from sub, seq=390
[TX] StatusPacket seq=390 A=0.056 B=19.544
[RELAY] Got status from sub, seq=390
[RX] CmdPacket target=0xFF cmd=0x0 seq=391
[TX] Immediate reply seq=391
[FWD] Forward to sub: cmd=0x0 seq=391
[RELAY] Got status from sub, seq=391
[TX] StatusPacket seq=391 A=0.047 B=10.680
[RELAY] Got status from sub, seq=391
[TX] StatusPacket seq=391 A=0.431 B=4.261
[RELAY] Got status from sub, seq=391
[RX] CmdPacket target=0xFF cmd=0x0 seq=392
[TX] Immediate reply seq=392
[FWD] Forward to sub: cmd=0x0 seq=392
[RELAY] Got status from sub, seq=392
[TX] StatusPacket seq=392 A=1.113 B=0.686
[RELAY] Got status from sub, seq=392
[TX] StatusPacket seq=392 A=1.926 B=0.177
[RELAY] Got status from sub, seq=392
[RX] CmdPacket target=0xFF cmd=0x0 seq=393
[TX] Immediate reply seq=393
[FWD] Forward to sub: cmd=0x0 seq=393
[RELAY] Got status from sub, seq=393
[TX] StatusPacket seq=393 A=2.672 B=2.766
[RELAY] Got status from sub, seq=393
[TX] StatusPacket seq=393 A=3.168 B=8.291
[RELAY] Got status from sub, seq=393
[RX] CmdPacket target=0xFF cmd=0x0 seq=394
[TX] Immediate reply seq=394
[FWD] Forward to sub: cmd=0x0 seq=394
[RELAY] Got status from sub, seq=394
[TX] StatusPacket seq=394 A=3.292 B=16.410
[RELAY] Got status from sub, seq=394
[TX] StatusPacket seq=394 A=3.014 B=26.617
[RELAY] Got status from sub, seq=394
[RX] CmdPacket target=0xFF cmd=0x0 seq=395
[TX] Immediate reply seq=395
[FWD] Forward to sub: cmd=0x0 seq=395
[RELAY] Got status from sub, seq=395
[TX] StatusPacket seq=395 A=2.402 B=38.279
[RELAY] Got status from sub, seq=395
[TX] StatusPacket seq=395 A=1.606 B=50.668
[RELAY] Got status from sub, seq=395
[RX] CmdPacket target=0xFF cmd=0x0 seq=396
[TX] Immediate reply seq=396
[TX] StatusPacket seq=396 A=0.821 B=63.017
[FWD] Forward to sub: cmd=0x0 seq=396
[RELAY] Got status from sub, seq=396
[RELAY] Got status from sub, seq=396
[TX] StatusPacket seq=396 A=0.238 B=74.556
[RELAY] Got status from sub, seq=396
[TX] StatusPacket seq=396 A=0.002 B=84.568
[RX] CmdPacket target=0xFF cmd=0x0 seq=397
[TX] Immediate reply seq=397
[FWD] Forward to sub: cmd=0x0 seq=397
[RELAY] Got status from sub, seq=397
[RELAY] Got status from sub, seq=397
[TX] StatusPacket seq=397 A=0.169 B=92.431
[RELAY] Got status from sub, seq=397
[TX] StatusPacket seq=397 A=0.698 B=97.656
[RX] CmdPacket target=0xFF cmd=0x0 seq=398
[TX] Immediate reply seq=398
[FWD] Forward to sub: cmd=0x0 seq=398
[RELAY] Got status from sub, seq=398
[RELAY] Got status from sub, seq=398
[TX] StatusPacket seq=398 A=1.461 B=99.918
[RELAY] Got status from sub, seq=398
[TX] StatusPacket seq=398 A=2.270 B=99.076
[RX] CmdPacket target=0xFF cmd=0x0 seq=399
[TX] Immediate reply seq=399
[FWD] Forward to sub: cmd=0x0 seq=399
[RELAY] Got status from sub, seq=399
[RELAY] Got status from sub, seq=399
[TX] StatusPacket seq=399 A=2.927 B=95.183
[RELAY] Got status from sub, seq=399
[TX] StatusPacket seq=399 A=3.272 B=88.480
[RX] CmdPacket target=0xFF cmd=0x0 seq=400
[TX] Immediate reply seq=400
[FWD] Forward to sub: cmd=0x0 seq=400
[RELAY] Got status from sub, seq=400
[RELAY] Got status from sub, seq=400
[TX] StatusPacket seq=400 A=3.219 B=79.385
[RELAY] Got status from sub, seq=400
[TX] StatusPacket seq=400 A=2.782 B=68.464
[RX] CmdPacket target=0xFF cmd=0x0 seq=401
[TX] Immediate reply seq=401
[FWD] Forward to sub: cmd=0x0 seq=401
[RELAY] Got status from sub, seq=401
[RELAY] Got status from sub, seq=401
[TX] StatusPacket seq=401 A=2.065 B=56.344
[TX] StatusPacket seq=401 A=1.252 B=43.926
[RELAY] Got status from sub, seq=401
[RX] CmdPacket target=0xFF cmd=0x0 seq=402
[TX] Immediate reply seq=402
[FWD] Forward to sub: cmd=0x0 seq=402
[RELAY] Got status from sub, seq=402
[TX] StatusPacket seq=402 A=0.533 B=31.837
[RELAY] Got status from sub, seq=402
[TX] StatusPacket seq=402 A=0.088 B=20.876
[RELAY] Got status from sub, seq=402
[RX] CmdPacket target=0xFF cmd=0x0 seq=403
[TX] Immediate reply seq=403
[FWD] Forward to sub: cmd=0x0 seq=403
[RELAY] Got status from sub, seq=403
[TX] StatusPacket seq=403 A=0.025 B=11.726
[RELAY] Got status from sub, seq=403
[TX] StatusPacket seq=403 A=0.360 B=4.956
[RELAY] Got status from sub, seq=403
[RX] CmdPacket target=0xFF cmd=0x0 seq=404
[TX] Immediate reply seq=404
[FWD] Forward to sub: cmd=0x0 seq=404
[RELAY] Got status from sub, seq=404
[TX] StatusPacket seq=404 A=1.010 B=0.987
[RELAY] Got status from sub, seq=404
[TX] StatusPacket seq=404 A=1.818 B=0.065
[RELAY] Got status from sub, seq=404
[RX] CmdPacket target=0xFF cmd=0x0 seq=405
[TX] Immediate reply seq=405
[FWD] Forward to sub: cmd=0x0 seq=405
[RELAY] Got status from sub, seq=405
[TX] StatusPacket seq=405 A=2.584 B=2.248
[RELAY] Got status from sub, seq=405
[TX] StatusPacket seq=405 A=3.122 B=7.399
[RELAY] Got status from sub, seq=405
[RX] CmdPacket target=0xFF cmd=0x0 seq=406
[TX] Immediate reply seq=406
[FWD] Forward to sub: cmd=0x0 seq=406
[RELAY] Got status from sub, seq=406
[TX] StatusPacket seq=406 A=3.299 B=15.200
[RELAY] Got status from sub, seq=406
[TX] StatusPacket seq=406 A=3.073 B=25.164
[RELAY] Got status from sub, seq=406
[RX] CmdPacket target=0xFF cmd=0x0 seq=407
[TX] Immediate reply seq=407
[FWD] Forward to sub: cmd=0x0 seq=407
[RELAY] Got status from sub, seq=407
[TX] StatusPacket seq=407 A=2.498 B=36.672
[RELAY] Got status from sub, seq=407
[TX] StatusPacket seq=407 A=1.715 B=49.009
[RELAY] Got status from sub, seq=407
[RX] CmdPacket target=0xFF cmd=0x0 seq=408
[TX] Immediate reply seq=408
[FWD] Forward to sub: cmd=0x0 seq=408
[RELAY] Got status from sub, seq=408
[TX] StatusPacket seq=408 A=0.917 B=61.408
[RELAY] Got status from sub, seq=408
[TX] StatusPacket seq=408 A=0.298 B=73.097
[RELAY] Got status from sub, seq=408
[RX] CmdPacket target=0xFF cmd=0x0 seq=409
[TX] Immediate reply seq=409
[FWD] Forward to sub: cmd=0x0 seq=409
[RELAY] Got status from sub, seq=409
[TX] StatusPacket seq=409 A=0.010 B=83.350
[RELAY] Got status from sub, seq=409
[TX] StatusPacket seq=409 A=0.124 B=91.530
[RELAY] Got status from sub, seq=409
[RX] CmdPacket target=0xFF cmd=0x0 seq=410
[TX] Immediate reply seq=410
[FWD] Forward to sub: cmd=0x0 seq=410
[RELAY] Got status from sub, seq=410
[TX] StatusPacket seq=410 A=0.611 B=97.127
[RELAY] Got status from sub, seq=410
[TX] StatusPacket seq=410 A=1.353 B=99.795
[RELAY] Got status from sub, seq=410
[RX] CmdPacket target=0xFF cmd=0x0 seq=411
[TX] Immediate reply seq=411
[FWD] Forward to sub: cmd=0x0 seq=411
[RELAY] Got status from sub, seq=411
[TX] StatusPacket seq=411 A=2.167 B=99.366
[RELAY] Got status from sub, seq=411
[TX] StatusPacket seq=411 A=2.855 B=95.868
[RELAY] Got status from sub, seq=411
[RX] CmdPacket target=0xFF cmd=0x0 seq=412
[TX] Immediate reply seq=412
[FWD] Forward to sub: cmd=0x0 seq=412
[RELAY] Got status from sub, seq=412
[TX] StatusPacket seq=412 A=3.248 B=89.518
[RELAY] Got status from sub, seq=412
[TX] StatusPacket seq=412 A=3.250 B=80.712
[RELAY] Got status from sub, seq=412
[RX] CmdPacket target=0xFF cmd=0x0 seq=413
[TX] Immediate reply seq=413
[FWD] Forward to sub: cmd=0x0 seq=413
[RELAY] Got status from sub, seq=413
[TX] StatusPacket seq=413 A=2.860 B=69.995
[RELAY] Got status from sub, seq=413
[TX] StatusPacket seq=413 A=2.173 B=58.036
[RELAY] Got status from sub, seq=413
[RX] CmdPacket target=0xFF cmd=0x0 seq=414
[TX] Immediate reply seq=414
[FWD] Forward to sub: cmd=0x0 seq=414
[RELAY] Got status from sub, seq=414
[TX] StatusPacket seq=414 A=1.359 B=45.576
[RELAY] Got status from sub, seq=414
[TX] StatusPacket seq=414 A=0.616 B=33.392
[RELAY] Got status from sub, seq=414
[RX] CmdPacket target=0xFF cmd=0x0 seq=415
[TX] Immediate reply seq=415
[FWD] Forward to sub: cmd=0x0 seq=415
[RELAY] Got status from sub, seq=415
[TX] StatusPacket seq=415 A=0.126 B=22.241
[RELAY] Got status from sub, seq=415
[TX] StatusPacket seq=415 A=0.009 B=12.815
[RELAY] Got status from sub, seq=415
[RX] CmdPacket target=0xFF cmd=0x0 seq=416
[TX] Immediate reply seq=416
[FWD] Forward to sub: cmd=0x0 seq=416
[RELAY] Got status from sub, seq=416
[TX] StatusPacket seq=416 A=0.294 B=5.701
[RELAY] Got status from sub, seq=416
[TX] StatusPacket seq=416 A=0.911 B=1.342
[RELAY] Got status from sub, seq=416
[RX] CmdPacket target=0xFF cmd=0x0 seq=417
[TX] Immediate reply seq=417
[FWD] Forward to sub: cmd=0x0 seq=417
[RELAY] Got status from sub, seq=417
[TX] StatusPacket seq=417 A=1.709 B=0.008
[RELAY] Got status from sub, seq=417
[TX] StatusPacket seq=417 A=2.492 B=1.782
[RELAY] Got status from sub, seq=417
[RX] CmdPacket target=0xFF cmd=0x0 seq=418
[TX] Immediate reply seq=418
[FWD] Forward to sub: cmd=0x0 seq=418
[RELAY] Got status from sub, seq=418
[TX] StatusPacket seq=418 A=3.069 B=6.554
[RELAY] Got status from sub, seq=418
[TX] StatusPacket seq=418 A=3.299 B=14.028
[RELAY] Got status from sub, seq=418
[RX] CmdPacket target=0xFF cmd=0x0 seq=419
[TX] Immediate reply seq=419
[FWD] Forward to sub: cmd=0x0 seq=419
[RELAY] Got status from sub, seq=419
[TX] StatusPacket seq=419 A=3.125 B=23.738
[RELAY] Got status from sub, seq=419
[TX] StatusPacket seq=419 A=2.590 B=35.081
[RELAY] Got status from sub, seq=419
[RX] CmdPacket target=0xFF cmd=0x0 seq=420
[TX] Immediate reply seq=420
[FWD] Forward to sub: cmd=0x0 seq=420
[RELAY] Got status from sub, seq=420
[TX] StatusPacket seq=420 A=1.825 B=47.351
[RELAY] Got status from sub, seq=420
[TX] StatusPacket seq=420 A=1.017 B=59.786
[RELAY] Got status from sub, seq=420
[RX] CmdPacket target=0xFF cmd=0x0 seq=421
[TX] Immediate reply seq=421
[FWD] Forward to sub: cmd=0x0 seq=421
[RELAY] Got status from sub, seq=421
[TX] StatusPacket seq=421 A=0.364 B=71.613
[RELAY] Got status from sub, seq=421
[TX] StatusPacket seq=421 A=0.026 B=82.096
[RELAY] Got status from sub, seq=421
[RX] CmdPacket target=0xFF cmd=0x0 seq=422
[TX] Immediate reply seq=422
[FWD] Forward to sub: cmd=0x0 seq=422
[RELAY] Got status from sub, seq=422
[TX] StatusPacket seq=422 A=0.085 B=90.583
[RELAY] Got status from sub, seq=422
[TX] StatusPacket seq=422 A=0.528 B=96.547
[RELAY] Got status from sub, seq=422
[RX] CmdPacket target=0xFF cmd=0x0 seq=423
[TX] Immediate reply seq=423
[FWD] Forward to sub: cmd=0x0 seq=423
[RELAY] Got status from sub, seq=423
[TX] StatusPacket seq=423 A=1.246 B=99.617
[RELAY] Got status from sub, seq=423
[TX] StatusPacket seq=423 A=2.062 B=99.602
[RELAY] Got status from sub, seq=423
[RX] CmdPacket target=0xFF cmd=0x0 seq=424
[TX] Immediate reply seq=424
[FWD] Forward to sub: cmd=0x0 seq=424
[RELAY] Got status from sub, seq=424
[TX] StatusPacket seq=424 A=2.778 B=96.503
[RELAY] Got status from sub, seq=424
[TX] StatusPacket seq=424 A=3.217 B=90.513
[RELAY] Got status from sub, seq=424
[RX] CmdPacket target=0xFF cmd=0x0 seq=425
[TX] Immediate reply seq=425
[FWD] Forward to sub: cmd=0x0 seq=425
[RELAY] Got status from sub, seq=425
[TX] StatusPacket seq=425 A=3.273 B=82.004
[RELAY] Got status from sub, seq=425
[TX] StatusPacket seq=425 A=2.931 B=71.505
[RELAY] Got status from sub, seq=425
[RX] CmdPacket target=0xFF cmd=0x0 seq=426
[TX] Immediate reply seq=426
[FWD] Forward to sub: cmd=0x0 seq=426
[RELAY] Got status from sub, seq=426
[TX] StatusPacket seq=426 A=2.273 B=59.620
[RELAY] Got status from sub, seq=426
[TX] StatusPacket seq=426 A=1.468 B=47.231
[RELAY] Got status from sub, seq=426
[RX] CmdPacket target=0xFF cmd=0x0 seq=427
[TX] Immediate reply seq=427
[TX] StatusPacket seq=427 A=0.701 B=34.919
[FWD] Forward to sub: cmd=0x0 seq=427
[RELAY] Got status from sub, seq=427
[RELAY] Got status from sub, seq=427
[TX] StatusPacket seq=427 A=0.172 B=23.636
[RELAY] Got status from sub, seq=427
[TX] StatusPacket seq=427 A=0.001 B=13.944
[RX] CmdPacket target=0xFF cmd=0x0 seq=428
[TX] Immediate reply seq=428
[FWD] Forward to sub: cmd=0x0 seq=428
[RELAY] Got status from sub, seq=428
[RELAY] Got status from sub, seq=428
[TX] StatusPacket seq=428 A=0.235 B=6.495
[RELAY] Got status from sub, seq=428
[TX] StatusPacket seq=428 A=0.815 B=1.751
[RX] CmdPacket target=0xFF cmd=0x0 seq=429
[TX] Immediate reply seq=429
[FWD] Forward to sub: cmd=0x0 seq=429
[RELAY] Got status from sub, seq=429
[RELAY] Got status from sub, seq=429
[TX] StatusPacket seq=429 A=1.599 B=0.006
[RELAY] Got status from sub, seq=429
[TX] StatusPacket seq=429 A=2.396 B=1.370
[RX] CmdPacket target=0xFF cmd=0x0 seq=430
[TX] Immediate reply seq=430
[FWD] Forward to sub: cmd=0x0 seq=430
[RELAY] Got status from sub, seq=430
[RELAY] Got status from sub, seq=430
[TX] StatusPacket seq=430 A=3.010 B=5.757
[RELAY] Got status from sub, seq=430
[TX] StatusPacket seq=430 A=3.291 B=12.895
[RX] CmdPacket target=0xFF cmd=0x0 seq=431
[TX] Immediate reply seq=431
[FWD] Forward to sub: cmd=0x0 seq=431
[RELAY] Got status from sub, seq=431
[RELAY] Got status from sub, seq=431
[TX] StatusPacket seq=431 A=3.171 B=22.341
[TX] StatusPacket seq=431 A=2.678 B=33.505
[TX] StatusPacket seq=431 A=1.933 B=45.696
[RELAY] Got status from sub, seq=431
[TX] StatusPacket seq=431 A=1.119 B=58.154
[RELAY] Got status from sub, seq=431
[RX] CmdPacket target=0xFF cmd=0x0 seq=433
[TX] Immediate reply seq=433
[FWD] Forward to sub: cmd=0x0 seq=433
[RELAY] Got status from sub, seq=433
[TX] StatusPacket seq=433 A=0.435 B=70.105
[RELAY] Got status from sub, seq=433
[TX] StatusPacket seq=433 A=0.049 B=80.806
[RELAY] Got status from sub, seq=433
[RX] CmdPacket target=0xFF cmd=0x0 seq=434
[TX] Immediate reply seq=434
[FWD] Forward to sub: cmd=0x0 seq=434
[RELAY] Got status from sub, seq=434
[TX] StatusPacket seq=434 A=0.054 B=89.592
[RELAY] Got status from sub, seq=434
[TX] StatusPacket seq=434 A=0.450 B=95.916
[RELAY] Got status from sub, seq=434
[RX] CmdPacket target=0xFF cmd=0x0 seq=435
[TX] Immediate reply seq=435
[FWD] Forward to sub: cmd=0x0 seq=435
[RELAY] Got status from sub, seq=435
[TX] StatusPacket seq=435 A=1.140 B=99.385
[RELAY] Got status from sub, seq=435
[TX] StatusPacket seq=435 A=1.955 B=99.784
[RELAY] Got status from sub, seq=435
[RX] CmdPacket target=0xFF cmd=0x0 seq=436
[TX] Immediate reply seq=436
[FWD] Forward to sub: cmd=0x0 seq=436
[RELAY] Got status from sub, seq=436
[TX] StatusPacket seq=436 A=2.695 B=97.087
[RELAY] Got status from sub, seq=436
[TX] StatusPacket seq=436 A=3.179 B=91.463
[RELAY] Got status from sub, seq=436
[RX] CmdPacket target=0xFF cmd=0x0 seq=437
[TX] Immediate reply seq=437
[FWD] Forward to sub: cmd=0x0 seq=437
[RELAY] Got status from sub, seq=437
[TX] StatusPacket seq=437 A=3.289 B=83.261
[RELAY] Got status from sub, seq=437
[TX] StatusPacket seq=437 A=2.997 B=72.990
[RELAY] Got status from sub, seq=437
[RX] CmdPacket target=0xFF cmd=0x0 seq=438
[TX] Immediate reply seq=438
[FWD] Forward to sub: cmd=0x0 seq=438
[RELAY] Got status from sub, seq=438
[TX] StatusPacket seq=438 A=2.376 B=61.291
[RELAY] Got status from sub, seq=438
[TX] StatusPacket seq=438 A=1.577 B=48.889
[RELAY] Got status from sub, seq=438
[RX] CmdPacket target=0xFF cmd=0x0 seq=439
[TX] Immediate reply seq=439
[FWD] Forward to sub: cmd=0x0 seq=439
[RELAY] Got status from sub, seq=439
[TX] StatusPacket seq=439 A=0.795 B=36.557
[RELAY] Got status from sub, seq=439
[TX] StatusPacket seq=439 A=0.223 B=25.060
[RELAY] Got status from sub, seq=439
[RX] CmdPacket target=0xFF cmd=0x0 seq=440
[TX] Immediate reply seq=440
[FWD] Forward to sub: cmd=0x0 seq=440
[RELAY] Got status from sub, seq=440
[TX] StatusPacket seq=440 A=0.001 B=15.114
[RELAY] Got status from sub, seq=440
[TX] StatusPacket seq=440 A=0.182 B=7.337
[RELAY] Got status from sub, seq=440
[RX] CmdPacket target=0xFF cmd=0x0 seq=441
[TX] Immediate reply seq=441
[FWD] Forward to sub: cmd=0x0 seq=441
[RELAY] Got status from sub, seq=441
[TX] StatusPacket seq=441 A=0.722 B=2.212
[RELAY] Got status from sub, seq=441
[TX] StatusPacket seq=441 A=1.490 B=0.059
[RELAY] Got status from sub, seq=441
[RX] CmdPacket target=0xFF cmd=0x0 seq=442
[TX] Immediate reply seq=442
[FWD] Forward to sub: cmd=0x0 seq=442
[RELAY] Got status from sub, seq=442
[TX] StatusPacket seq=442 A=2.297 B=1.011
[RELAY] Got status from sub, seq=442
[TX] StatusPacket seq=442 A=2.945 B=5.009
[RELAY] Got status from sub, seq=442
[RX] CmdPacket target=0xFF cmd=0x0 seq=443
[TX] Immediate reply seq=443
[FWD] Forward to sub: cmd=0x0 seq=443
[RELAY] Got status from sub, seq=443
[TX] StatusPacket seq=443 A=3.277 B=11.804
[RELAY] Got status from sub, seq=443
[TX] StatusPacket seq=443 A=3.210 B=20.974
[RELAY] Got status from sub, seq=443
[RX] CmdPacket target=0xFF cmd=0x0 seq=444
[TX] Immediate reply seq=444
[FWD] Forward to sub: cmd=0x0 seq=444
[RELAY] Got status from sub, seq=444
[TX] StatusPacket seq=444 A=2.761 B=31.948
[RELAY] Got status from sub, seq=444
[TX] StatusPacket seq=444 A=2.040 B=44.045
[RELAY] Got status from sub, seq=444
[RX] CmdPacket target=0xFF cmd=0x0 seq=445
[TX] Immediate reply seq=445
[FWD] Forward to sub: cmd=0x0 seq=445
[RELAY] Got status from sub, seq=445
[TX] StatusPacket seq=445 A=1.224 B=56.513
[RELAY] Got status from sub, seq=445
[TX] StatusPacket seq=445 A=0.512 B=68.575
[RELAY] Got status from sub, seq=445
[RX] CmdPacket target=0xFF cmd=0x0 seq=446
[TX] Immediate reply seq=446
[FWD] Forward to sub: cmd=0x0 seq=446
[RELAY] Got status from sub, seq=446
[TX] StatusPacket seq=446 A=0.078 B=79.483
[RELAY] Got status from sub, seq=446
[TX] StatusPacket seq=446 A=0.030 B=88.557
[RELAY] Got status from sub, seq=446
[RX] CmdPacket target=0xFF cmd=0x0 seq=447
[TX] Immediate reply seq=447
[FWD] Forward to sub: cmd=0x0 seq=447
[RELAY] Got status from sub, seq=447
[TX] StatusPacket seq=447 A=0.378 B=95.234
[RELAY] Got status from sub, seq=447
[TX] StatusPacket seq=447 A=1.037 B=99.099
[RELAY] Got status from sub, seq=447
[RX] CmdPacket target=0xFF cmd=0x0 seq=448
[TX] Immediate reply seq=448
[FWD] Forward to sub: cmd=0x0 seq=448
[RELAY] Got status from sub, seq=448
[TX] StatusPacket seq=448 A=1.847 B=99.911
[RELAY] Got status from sub, seq=448
[TX] StatusPacket seq=448 A=2.608 B=97.619
[RELAY] Got status from sub, seq=448
[RX] CmdPacket target=0xFF cmd=0x0 seq=449
[TX] Immediate reply seq=449
[FWD] Forward to sub: cmd=0x0 seq=449
[RELAY] Got status from sub, seq=449
[TX] StatusPacket seq=449 A=3.135 B=92.367
[RELAY] Got status from sub, seq=449
[TX] StatusPacket seq=449 A=3.298 B=84.481
[RELAY] Got status from sub, seq=449
[RX] CmdPacket target=0xFF cmd=0x0 seq=450
[TX] Immediate reply seq=450
[FWD] Forward to sub: cmd=0x0 seq=450
[RELAY] Got status from sub, seq=450
[TX] StatusPacket seq=450 A=3.058 B=74.451
[RELAY] Got status from sub, seq=450
[TX] StatusPacket seq=450 A=2.473 B=62.901
[RELAY] Got status from sub, seq=450
[RX] CmdPacket target=0xFF cmd=0x0 seq=451
[TX] Immediate reply seq=451
[FWD] Forward to sub: cmd=0x0 seq=451
[RELAY] Got status from sub, seq=451
[TX] StatusPacket seq=451 A=1.686 B=50.548
[RELAY] Got status from sub, seq=451
[TX] StatusPacket seq=451 A=0.891 B=38.162
[RELAY] Got status from sub, seq=451
[RX] CmdPacket target=0xFF cmd=0x0 seq=452
[TX] Immediate reply seq=452
[FWD] Forward to sub: cmd=0x0 seq=452
[RELAY] Got status from sub, seq=452
[TX] StatusPacket seq=452 A=0.281 B=26.511
[RELAY] Got status from sub, seq=452
[TX] StatusPacket seq=452 A=0.007 B=16.321
[RELAY] Got status from sub, seq=452
[RX] CmdPacket target=0xFF cmd=0x0 seq=453
[TX] Immediate reply seq=453
[FWD] Forward to sub: cmd=0x0 seq=453
[RELAY] Got status from sub, seq=453
[TX] StatusPacket seq=453 A=0.135 B=8.225
[RELAY] Got status from sub, seq=453
[TX] StatusPacket seq=453 A=0.634 B=2.727
[RELAY] Got status from sub, seq=453
[RX] CmdPacket target=0xFF cmd=0x0 seq=454
[TX] Immediate reply seq=454
[FWD] Forward to sub: cmd=0x0 seq=454
[RELAY] Got status from sub, seq=454
[TX] StatusPacket seq=454 A=1.381 B=0.167
[RELAY] Got status from sub, seq=454
[TX] StatusPacket seq=454 A=2.195 B=0.706
[RELAY] Got status from sub, seq=454
[RX] CmdPacket target=0xFF cmd=0x0 seq=455
[TX] Immediate reply seq=455
[FWD] Forward to sub: cmd=0x0 seq=455
[RELAY] Got status from sub, seq=455
[TX] StatusPacket seq=455 A=2.875 B=4.310
[RELAY] Got status from sub, seq=455
[TX] StatusPacket seq=455 A=3.255 B=10.754
[RELAY] Got status from sub, seq=455
[RX] CmdPacket target=0xFF cmd=0x0 seq=456
[TX] Immediate reply seq=456
[TX] StatusPacket seq=456 A=3.242 B=19.639
[FWD] Forward to sub: cmd=0x0 seq=456
[RELAY] Got status from sub, seq=456
[RELAY] Got status from sub, seq=456
[TX] StatusPacket seq=456 A=2.840 B=30.411
[RELAY] Got status from sub, seq=456
[TX] StatusPacket seq=456 A=2.146 B=42.402
[RX] CmdPacket target=0xFF cmd=0x0 seq=457
[TX] Immediate reply seq=457
[FWD] Forward to sub: cmd=0x0 seq=457
[RELAY] Got status from sub, seq=457
[RELAY] Got status from sub, seq=457
[TX] StatusPacket seq=457 A=1.330 B=54.864
[RELAY] Got status from sub, seq=457
[TX] StatusPacket seq=457 A=0.594 B=67.025
[RX] CmdPacket target=0xFF cmd=0x0 seq=458
[TX] Immediate reply seq=458
[FWD] Forward to sub: cmd=0x0 seq=458
[RELAY] Got status from sub, seq=458
[RELAY] Got status from sub, seq=458
[TX] StatusPacket seq=458 A=0.115 B=78.126
[RELAY] Got status from sub, seq=458
[TX] StatusPacket seq=458 A=0.013 B=87.479
[RX] CmdPacket target=0xFF cmd=0x0 seq=459
[TX] Immediate reply seq=459
[FWD] Forward to sub: cmd=0x0 seq=459
[RELAY] Got status from sub, seq=459
[RELAY] Got status from sub, seq=459
[TX] StatusPacket seq=459 A=0.311 B=94.502
[RELAY] Got status from sub, seq=459
[TX] StatusPacket seq=459 A=0.937 B=98.758
[RX] CmdPacket target=0xFF cmd=0x0 seq=460
[TX] Immediate reply seq=460
[FWD] Forward to sub: cmd=0x0 seq=460
[RELAY] Got status from sub, seq=460
[RELAY] Got status from sub, seq=460
[TX] StatusPacket seq=460 A=1.738 B=99.982
[RELAY] Got status from sub, seq=460
[TX] StatusPacket seq=460 A=2.517 B=98.099
[RX] CmdPacket target=0xFF cmd=0x0 seq=461
[TX] Immediate reply seq=461
[FWD] Forward to sub: cmd=0x0 seq=461
[RELAY] Got status from sub, seq=461
[RELAY] Got status from sub, seq=461
[TX] StatusPacket seq=461 A=3.086 B=93.200
[TX] StatusPacket seq=461 A=3.300 B=85.663
[RELAY] Got status from sub, seq=461
[RX] CmdPacket target=0xFF cmd=0x0 seq=462
[TX] Immediate reply seq=462
[FWD] Forward to sub: cmd=0x0 seq=462
[RELAY] Got status from sub, seq=462
[TX] StatusPacket seq=462 A=3.112 B=75.885
[RELAY] Got status from sub, seq=462
[TX] StatusPacket seq=462 A=2.566 B=64.496
[RELAY] Got status from sub, seq=462
[RX] CmdPacket target=0xFF cmd=0x0 seq=463
[TX] Immediate reply seq=463
[FWD] Forward to sub: cmd=0x0 seq=463
[RELAY] Got status from sub, seq=463
[TX] StatusPacket seq=463 A=1.796 B=52.207
[RELAY] Got status from sub, seq=463
[TX] StatusPacket seq=463 A=0.990 B=39.780
[RELAY] Got status from sub, seq=463
[RX] CmdPacket target=0xFF cmd=0x0 seq=464
[TX] Immediate reply seq=464
[FWD] Forward to sub: cmd=0x0 seq=464
[RELAY] Got status from sub, seq=464
[TX] StatusPacket seq=464 A=0.346 B=27.989
[RELAY] Got status from sub, seq=464
[TX] StatusPacket seq=464 A=0.021 B=17.566
[RELAY] Got status from sub, seq=464
[RX] CmdPacket target=0xFF cmd=0x0 seq=465
[TX] Immediate reply seq=465
[FWD] Forward to sub: cmd=0x0 seq=465
[RELAY] Got status from sub, seq=465
[TX] StatusPacket seq=465 A=0.095 B=9.160
[RELAY] Got status from sub, seq=465
[TX] StatusPacket seq=465 A=0.550 B=3.293
[RELAY] Got status from sub, seq=465
[RX] CmdPacket target=0xFF cmd=0x0 seq=466
[TX] Immediate reply seq=466
[FWD] Forward to sub: cmd=0x0 seq=466
[RELAY] Got status from sub, seq=466
[TX] StatusPacket seq=466 A=1.274 B=0.330
[RELAY] Got status from sub, seq=466
[TX] StatusPacket seq=466 A=2.090 B=0.455
[RELAY] Got status from sub, seq=466
[RX] CmdPacket target=0xFF cmd=0x0 seq=467
[TX] Immediate reply seq=467
[FWD] Forward to sub: cmd=0x0 seq=467
[RELAY] Got status from sub, seq=467
[TX] StatusPacket seq=467 A=2.799 B=3.661
[RELAY] Got status from sub, seq=467
[TX] StatusPacket seq=467 A=3.226 B=9.748
[RELAY] Got status from sub, seq=467
[RX] CmdPacket target=0xFF cmd=0x0 seq=468
[TX] Immediate reply seq=468
[FWD] Forward to sub: cmd=0x0 seq=468
[RELAY] Got status from sub, seq=468
[TX] StatusPacket seq=468 A=3.267 B=18.338
[RELAY] Got status from sub, seq=468
[TX] StatusPacket seq=468 A=2.913 B=28.896
[RELAY] Got status from sub, seq=468
[RX] CmdPacket target=0xFF cmd=0x0 seq=469
[TX] Immediate reply seq=469
[FWD] Forward to sub: cmd=0x0 seq=469
[RELAY] Got status from sub, seq=469
[TX] StatusPacket seq=469 A=2.249 B=40.766
[RELAY] Got status from sub, seq=469
[TX] StatusPacket seq=469 A=1.439 B=53.211
[RELAY] Got status from sub, seq=469
[RX] CmdPacket target=0xFF cmd=0x0 seq=470
[TX] Immediate reply seq=470
[FWD] Forward to sub: cmd=0x0 seq=470
[RELAY] Got status from sub, seq=470
[TX] StatusPacket seq=470 A=0.680 B=65.455
[RELAY] Got status from sub, seq=470
[TX] StatusPacket seq=470 A=0.159 B=76.739
[RELAY] Got status from sub, seq=470
[RX] CmdPacket target=0xFF cmd=0x0 seq=471
[TX] Immediate reply seq=471
[FWD] Forward to sub: cmd=0x0 seq=471
[RELAY] Got status from sub, seq=471
[TX] StatusPacket seq=471 A=0.003 B=86.361
[RELAY] Got status from sub, seq=471
[TX] StatusPacket seq=471 A=0.250 B=93.721
[RELAY] Got status from sub, seq=471
[RX] CmdPacket target=0xFF cmd=0x0 seq=472
[TX] Immediate reply seq=472
[FWD] Forward to sub: cmd=0x0 seq=472
[RELAY] Got status from sub, seq=472
[TX] StatusPacket seq=472 A=0.840 B=98.364
[RELAY] Got status from sub, seq=472
[TX] StatusPacket seq=472 A=1.628 B=99.999
[RELAY] Got status from sub, seq=472
[RX] CmdPacket target=0xFF cmd=0x0 seq=473
[TX] Immediate reply seq=473
[FWD] Forward to sub: cmd=0x0 seq=473
[RELAY] Got status from sub, seq=473
[TX] StatusPacket seq=473 A=2.422 B=98.525
[RELAY] Got status from sub, seq=473
[TX] StatusPacket seq=473 A=3.027 B=94.035
[RELAY] Got status from sub, seq=473
[RX] CmdPacket target=0xFF cmd=0x0 seq=474
[TX] Immediate reply seq=474
[FWD] Forward to sub: cmd=0x0 seq=474
[RELAY] Got status from sub, seq=474
[TX] StatusPacket seq=474 A=3.294 B=86.807
[RELAY] Got status from sub, seq=474
[TX] StatusPacket seq=474 A=3.159 B=77.290
[RELAY] Got status from sub, seq=474
[RX] CmdPacket target=0xFF cmd=0x0 seq=475
[TX] Immediate reply seq=475
[FWD] Forward to sub: cmd=0x0 seq=475
[RELAY] Got status from sub, seq=475
[TX] StatusPacket seq=475 A=2.655 B=66.076
[RELAY] Got status from sub, seq=475
[TX] StatusPacket seq=475 A=1.904 B=53.863
[RELAY] Got status from sub, seq=475
[RX] CmdPacket target=0xFF cmd=0x0 seq=476
[TX] Immediate reply seq=476
[FWD] Forward to sub: cmd=0x0 seq=476
[RELAY] Got status from sub, seq=476
[TX] StatusPacket seq=476 A=1.091 B=41.410
[RELAY] Got status from sub, seq=476
[TX] StatusPacket seq=476 A=0.415 B=29.490
[RELAY] Got status from sub, seq=476
[RX] CmdPacket target=0xFF cmd=0x0 seq=477
[TX] Immediate reply seq=477
[FWD] Forward to sub: cmd=0x0 seq=477
[RELAY] Got status from sub, seq=477
[TX] StatusPacket seq=477 A=0.042 B=18.846
[RELAY] Got status from sub, seq=477
[TX] StatusPacket seq=477 A=0.062 B=10.139
[RELAY] Got status from sub, seq=477
[RX] CmdPacket target=0xFF cmd=0x0 seq=478
[TX] Immediate reply seq=478
[FWD] Forward to sub: cmd=0x0 seq=478
[RELAY] Got status from sub, seq=478
[TX] StatusPacket seq=478 A=0.471 B=3.911
[RELAY] Got status from sub, seq=478
[TX] StatusPacket seq=478 A=1.168 B=0.548
[RELAY] Got status from sub, seq=478
[RX] CmdPacket target=0xFF cmd=0x0 seq=479
[TX] Immediate reply seq=479
[FWD] Forward to sub: cmd=0x0 seq=479
[RELAY] Got status from sub, seq=479
[TX] StatusPacket seq=479 A=1.984 B=0.259
[RELAY] Got status from sub, seq=479
[TX] StatusPacket seq=479 A=2.718 B=3.063
[RELAY] Got status from sub, seq=479
[RX] CmdPacket target=0xFF cmd=0x0 seq=480
[TX] Immediate reply seq=480
[FWD] Forward to sub: cmd=0x0 seq=480
[RELAY] Got status from sub, seq=480
[TX] StatusPacket seq=480 A=3.190 B=8.786
[RELAY] Got status from sub, seq=480
[TX] StatusPacket seq=480 A=3.285 B=17.071
[RELAY] Got status from sub, seq=480
[RX] CmdPacket target=0xFF cmd=0x0 seq=481
[TX] Immediate reply seq=481
[FWD] Forward to sub: cmd=0x0 seq=481
[RELAY] Got status from sub, seq=481
[TX] StatusPacket seq=481 A=2.980 B=27.403
[RELAY] Got status from sub, seq=481
[TX] StatusPacket seq=481 A=2.350 B=39.141
[RELAY] Got status from sub, seq=481
[RX] CmdPacket target=0xFF cmd=0x0 seq=482
[TX] Immediate reply seq=482
[FWD] Forward to sub: cmd=0x0 seq=482
[RELAY] Got status from sub, seq=482
[TX] StatusPacket seq=482 A=1.548 B=51.553
[RELAY] Got status from sub, seq=482
[TX] StatusPacket seq=482 A=0.771 B=63.869
[RELAY] Got status from sub, seq=482
[RX] CmdPacket target=0xFF cmd=0x0 seq=483
[TX] Immediate reply seq=483
[FWD] Forward to sub: cmd=0x0 seq=483
[RELAY] Got status from sub, seq=483
[TX] StatusPacket seq=483 A=0.209 B=75.323
[RELAY] Got status from sub, seq=483
[TX] StatusPacket seq=483 A=0.000 B=85.202
[RELAY] Got status from sub, seq=483
[RX] CmdPacket target=0xFF cmd=0x0 seq=484
[TX] Immediate reply seq=484
[FWD] Forward to sub: cmd=0x0 seq=484
[RELAY] Got status from sub, seq=484
[TX] StatusPacket seq=484 A=0.195 B=92.892
[RELAY] Got status from sub, seq=484
[TX] StatusPacket seq=484 A=0.747 B=97.916
[RELAY] Got status from sub, seq=484
[RX] CmdPacket target=0xFF cmd=0x0 seq=485
[TX] Immediate reply seq=485
[FWD] Forward to sub: cmd=0x0 seq=485
[RELAY] Got status from sub, seq=485
[TX] StatusPacket seq=485 A=1.519 B=99.961
[RELAY] Got status from sub, seq=485
[TX] StatusPacket seq=485 A=2.324 B=98.899
[RELAY] Got status from sub, seq=485
[RX] CmdPacket target=0xFF cmd=0x0 seq=486
[TX] Immediate reply seq=486
[TX] StatusPacket seq=486 A=2.963 B=94.797
[FWD] Forward to sub: cmd=0x0 seq=486
[RELAY] Got status from sub, seq=486
[RELAY] Got status from sub, seq=486
[TX] StatusPacket seq=486 A=3.281 B=87.909
[RELAY] Got status from sub, seq=486
[TX] StatusPacket seq=486 A=3.200 B=78.665
[RX] CmdPacket target=0xFF cmd=0x0 seq=487
[TX] Immediate reply seq=487
[FWD] Forward to sub: cmd=0x0 seq=487
[RELAY] Got status from sub, seq=487
[RELAY] Got status from sub, seq=487
[TX] StatusPacket seq=487 A=2.739 B=67.638
[RELAY] Got status from sub, seq=487
[TX] StatusPacket seq=487 A=2.012 B=55.515
[RX] CmdPacket target=0xFF cmd=0x0 seq=488
[TX] Immediate reply seq=488
[FWD] Forward to sub: cmd=0x0 seq=488
[RELAY] Got status from sub, seq=488
[RELAY] Got status from sub, seq=488
[TX] StatusPacket seq=488 A=1.196 B=43.049
[RELAY] Got status from sub, seq=488
[TX] StatusPacket seq=488 A=0.491 B=31.015
[RX] CmdPacket target=0xFF cmd=0x0 seq=489
[TX] Immediate reply seq=489
[FWD] Forward to sub: cmd=0x0 seq=489
[RELAY] Got status from sub, seq=489
[RELAY] Got status from sub, seq=489
[TX] StatusPacket seq=489 A=0.070 B=20.161
[RELAY] Got status from sub, seq=489
[TX] StatusPacket seq=489 A=0.036 B=11.163
[RX] CmdPacket target=0xFF cmd=0x0 seq=490
[TX] Immediate reply seq=490
[FWD] Forward to sub: cmd=0x0 seq=490
[RELAY] Got status from sub, seq=490
[RELAY] Got status from sub, seq=490
[TX] StatusPacket seq=490 A=0.397 B=4.579
[RELAY] Got status from sub, seq=490
[TX] StatusPacket seq=490 A=1.065 B=0.820
[RX] CmdPacket target=0xFF cmd=0x0 seq=491
[TX] Immediate reply seq=491
[FWD] Forward to sub: cmd=0x0 seq=491
[RELAY] Got status from sub, seq=491
[TX] StatusPacket seq=491 A=1.876 B=0.118
[TX] StatusPacket seq=491 A=2.632 B=2.518
[RX] CmdPacket target=0xFF cmd=0x0 seq=492
[TX] Immediate reply seq=492
[FWD] Forward to sub: cmd=0x0 seq=492
[RELAY] Got status from sub, seq=492
[TX] StatusPacket seq=492 A=3.147 B=7.869
[RELAY] Got status from sub, seq=492
[TX] StatusPacket seq=492 A=3.296 B=15.841
[RELAY] Got status from sub, seq=492
[RX] CmdPacket target=0xFF cmd=0x0 seq=493
[TX] Immediate reply seq=493
[FWD] Forward to sub: cmd=0x0 seq=493
[RELAY] Got status from sub, seq=493
[TX] StatusPacket seq=493 A=3.042 B=25.936
[RELAY] Got status from sub, seq=493
[TX] StatusPacket seq=493 A=2.447 B=37.527
[RELAY] Got status from sub, seq=493
[RX] CmdPacket target=0xFF cmd=0x0 seq=494
[TX] Immediate reply seq=494
[FWD] Forward to sub: cmd=0x0 seq=494
[RELAY] Got status from sub, seq=494
[TX] StatusPacket seq=494 A=1.657 B=49.894
[RELAY] Got status from sub, seq=494
[TX] StatusPacket seq=494 A=0.865 B=62.268
[RELAY] Got status from sub, seq=494
[RX] CmdPacket target=0xFF cmd=0x0 seq=495
[TX] Immediate reply seq=495
[FWD] Forward to sub: cmd=0x0 seq=495
[RELAY] Got status from sub, seq=495
[TX] StatusPacket seq=495 A=0.265 B=73.878
[RELAY] Got status from sub, seq=495
[TX] StatusPacket seq=495 A=0.005 B=84.005
[RELAY] Got status from sub, seq=495
[RX] CmdPacket target=0xFF cmd=0x0 seq=496
[TX] Immediate reply seq=496
[FWD] Forward to sub: cmd=0x0 seq=496
[RELAY] Got status from sub, seq=496
[TX] StatusPacket seq=496 A=0.147 B=92.016
[RELAY] Got status from sub, seq=496
[TX] StatusPacket seq=496 A=0.657 B=97.416
[RELAY] Got status from sub, seq=496
[RX] CmdPacket target=0xFF cmd=0x0 seq=497
[TX] Immediate reply seq=497
[FWD] Forward to sub: cmd=0x0 seq=497
[RELAY] Got status from sub, seq=497
[TX] StatusPacket seq=497 A=1.410 B=99.867
[RELAY] Got status from sub, seq=497
[TX] StatusPacket seq=497 A=2.222 B=99.218
[RELAY] Got status from sub, seq=497
[RX] CmdPacket target=0xFF cmd=0x0 seq=498
[TX] Immediate reply seq=498
[FWD] Forward to sub: cmd=0x0 seq=498
[RELAY] Got status from sub, seq=498
[TX] StatusPacket seq=498 A=2.894 B=95.509
[RELAY] Got status from sub, seq=498
[TX] StatusPacket seq=498 A=3.261 B=88.970
[RELAY] Got status from sub, seq=498
[RX] CmdPacket target=0xFF cmd=0x0 seq=499
[TX] Immediate reply seq=499
[FWD] Forward to sub: cmd=0x0 seq=499
[RELAY] Got status from sub, seq=499
[TX] StatusPacket seq=499 A=3.234 B=80.008
[RELAY] Got status from sub, seq=499
[TX] StatusPacket seq=499 A=2.819 B=69.181
[RELAY] Got status from sub, seq=499
[RX] CmdPacket target=0xFF cmd=0x0 seq=500
[TX] Immediate reply seq=500
[FWD] Forward to sub: cmd=0x0 seq=500
[RELAY] Got status from sub, seq=500
[TX] StatusPacket seq=500 A=2.118 B=57.161
[RELAY] Got status from sub, seq=500
[TX] StatusPacket seq=500 A=1.302 B=44.695
[RELAY] Got status from sub, seq=500
[RX] CmdPacket target=0xFF cmd=0x0 seq=501
[TX] Immediate reply seq=501
[FWD] Forward to sub: cmd=0x0 seq=501
[RELAY] Got status from sub, seq=501
[TX] StatusPacket seq=501 A=0.571 B=32.560
[RELAY] Got status from sub, seq=501
[TX] StatusPacket seq=501 A=0.105 B=21.509
[RELAY] Got status from sub, seq=501
[RX] CmdPacket target=0xFF cmd=0x0 seq=502
[TX] Immediate reply seq=502
[FWD] Forward to sub: cmd=0x0 seq=502
[RELAY] Got status from sub, seq=502
[TX] StatusPacket seq=502 A=0.017 B=12.229
[RELAY] Got status from sub, seq=502
[TX] StatusPacket seq=502 A=0.328 B=5.298
[RELAY] Got status from sub, seq=502
[RX] CmdPacket target=0xFF cmd=0x0 seq=503
[TX] Immediate reply seq=503
[FWD] Forward to sub: cmd=0x0 seq=503
[RELAY] Got status from sub, seq=503
[TX] StatusPacket seq=503 A=0.964 B=1.146
[RELAY] Got status from sub, seq=503
[TX] StatusPacket seq=503 A=1.767 B=0.031
[RELAY] Got status from sub, seq=503
[RX] CmdPacket target=0xFF cmd=0x0 seq=504
[TX] Immediate reply seq=504
[FWD] Forward to sub: cmd=0x0 seq=504
[RELAY] Got status from sub, seq=504
[TX] StatusPacket seq=504 A=2.542 B=2.024
[RELAY] Got status from sub, seq=504
[TX] StatusPacket seq=504 A=3.098 B=6.999
[RELAY] Got status from sub, seq=504
[RX] CmdPacket target=0xFF cmd=0x0 seq=505
[TX] Immediate reply seq=505
[FWD] Forward to sub: cmd=0x0 seq=505
[RELAY] Got status from sub, seq=505
[TX] StatusPacket seq=505 A=3.300 B=14.648
[RELAY] Got status from sub, seq=505
[TX] StatusPacket seq=505 A=3.098 B=24.495
[RELAY] Got status from sub, seq=505
[RX] CmdPacket target=0xFF cmd=0x0 seq=506
[TX] Immediate reply seq=506
[FWD] Forward to sub: cmd=0x0 seq=506
[RELAY] Got status from sub, seq=506
[TX] StatusPacket seq=506 A=2.541 B=35.928
[RELAY] Got status from sub, seq=506
[TX] StatusPacket seq=506 A=1.766 B=48.235
[RELAY] Got status from sub, seq=506
[RX] CmdPacket target=0xFF cmd=0x0 seq=507
[TX] Immediate reply seq=507
[FWD] Forward to sub: cmd=0x0 seq=507
[RELAY] Got status from sub, seq=507
[TX] StatusPacket seq=507 A=0.963 B=60.652
[RELAY] Got status from sub, seq=507
[TX] StatusPacket seq=507 A=0.328 B=72.407
[RELAY] Got status from sub, seq=507
[RX] CmdPacket target=0xFF cmd=0x0 seq=508
[TX] Immediate reply seq=508
[FWD] Forward to sub: cmd=0x0 seq=508
[RELAY] Got status from sub, seq=508
[TX] StatusPacket seq=508 A=0.016 B=82.769
[RELAY] Got status from sub, seq=508
[TX] StatusPacket seq=508 A=0.105 B=91.093
[RELAY] Got status from sub, seq=508
[RX] CmdPacket target=0xFF cmd=0x0 seq=509
[TX] Immediate reply seq=509
[FWD] Forward to sub: cmd=0x0 seq=509
[RELAY] Got status from sub, seq=509
[TX] StatusPacket seq=509 A=0.572 B=96.863
[RELAY] Got status from sub, seq=509
[TX] StatusPacket seq=509 A=1.302 B=99.719
[RELAY] Got status from sub, seq=509
[RX] CmdPacket target=0xFF cmd=0x0 seq=510
[TX] Immediate reply seq=510
[FWD] Forward to sub: cmd=0x0 seq=510
[RELAY] Got status from sub, seq=510
[TX] StatusPacket seq=510 A=2.118 B=99.483
[RELAY] Got status from sub, seq=510
[TX] StatusPacket seq=510 A=2.819 B=96.171
[RELAY] Got status from sub, seq=510
[RX] CmdPacket target=0xFF cmd=0x0 seq=511
[TX] Immediate reply seq=511
[FWD] Forward to sub: cmd=0x0 seq=511
[RELAY] Got status from sub, seq=511
[TX] StatusPacket seq=511 A=3.234 B=89.988
[RELAY] Got status from sub, seq=511
[TX] StatusPacket seq=511 A=3.261 B=81.319
[RELAY] Got status from sub, seq=511
[RX] CmdPacket target=0xFF cmd=0x0 seq=512
[TX] Immediate reply seq=512
[FWD] Forward to sub: cmd=0x0 seq=512
[RELAY] Got status from sub, seq=512
[TX] StatusPacket seq=512 A=2.894 B=70.703
[RELAY] Got status from sub, seq=512
[TX] StatusPacket seq=512 A=2.222 B=58.799
[RELAY] Got status from sub, seq=512
[RX] CmdPacket target=0xFF cmd=0x0 seq=513
[TX] Immediate reply seq=513
[FWD] Forward to sub: cmd=0x0 seq=513
[RELAY] Got status from sub, seq=513
[TX] StatusPacket seq=513 A=1.410 B=46.349
[RELAY] Got status from sub, seq=513
[TX] StatusPacket seq=513 A=0.656 B=34.125
[RELAY] Got status from sub, seq=513
[RX] CmdPacket target=0xFF cmd=0x0 seq=514
[TX] Immediate reply seq=514
[FWD] Forward to sub: cmd=0x0 seq=514
[RELAY] Got status from sub, seq=514
[TX] StatusPacket seq=514 A=0.147 B=22.888
[RELAY] Got status from sub, seq=514
[TX] StatusPacket seq=514 A=0.005 B=13.337
[RELAY] Got status from sub, seq=514
[RX] CmdPacket target=0xFF cmd=0x0 seq=515
[TX] Immediate reply seq=515
[FWD] Forward to sub: cmd=0x0 seq=515
[RELAY] Got status from sub, seq=515
[TX] StatusPacket seq=515 A=0.267 B=6.042
[RELAY] Got status from sub, seq=515
[TX] StatusPacket seq=515 A=0.866 B=1.526
[RELAY] Got status from sub, seq=515
[RX] CmdPacket target=0xFF cmd=0x0 seq=516
[TX] Immediate reply seq=516
[TX] StatusPacket seq=516 A=1.661 B=0.000
[FWD] Forward to sub: cmd=0x0 seq=516
[RELAY] Got status from sub, seq=516
[RELAY] Got status from sub, seq=516
[TX] StatusPacket seq=516 A=2.448 B=1.583
[RELAY] Got status from sub, seq=516
[TX] StatusPacket seq=516 A=3.043 B=6.176
[RX] CmdPacket target=0xFF cmd=0x0 seq=517
[TX] Immediate reply seq=517
[FWD] Forward to sub: cmd=0x0 seq=517
[RELAY] Got status from sub, seq=517
[RELAY] Got status from sub, seq=517
[TX] StatusPacket seq=517 A=3.296 B=13.494
[RELAY] Got status from sub, seq=517
[TX] StatusPacket seq=517 A=3.147 B=23.082
[RX] CmdPacket target=0xFF cmd=0x0 seq=518
[TX] Immediate reply seq=518
[FWD] Forward to sub: cmd=0x0 seq=518
[RELAY] Got status from sub, seq=518
[RELAY] Got status from sub, seq=518
[TX] StatusPacket seq=518 A=2.631 B=34.343
[RELAY] Got status from sub, seq=518
[TX] StatusPacket seq=518 A=1.875 B=46.578
[RX] CmdPacket target=0xFF cmd=0x0 seq=519
[TX] Immediate reply seq=519
[FWD] Forward to sub: cmd=0x0 seq=519
[RELAY] Got status from sub, seq=519
[RELAY] Got status from sub, seq=519
[TX] StatusPacket seq=519 A=1.064 B=59.025
[RELAY] Got status from sub, seq=519
[TX] StatusPacket seq=519 A=0.396 B=70.912
[RX] CmdPacket target=0xFF cmd=0x0 seq=520
[TX] Immediate reply seq=520
[FWD] Forward to sub: cmd=0x0 seq=520
[RELAY] Got status from sub, seq=520
[RELAY] Got status from sub, seq=520
[TX] StatusPacket seq=520 A=0.035 B=81.498
[TX] StatusPacket seq=520 A=0.070 B=90.126
[TX] StatusPacket seq=520 A=0.491 B=96.259
[RELAY] Got status from sub, seq=520
[TX] StatusPacket seq=520 A=1.196 B=99.516
[RELAY] Got status from sub, seq=520
[RX] CmdPacket target=0xFF cmd=0x0 seq=522
[TX] Immediate reply seq=522
[FWD] Forward to sub: cmd=0x0 seq=522
[RELAY] Got status from sub, seq=522
[TX] StatusPacket seq=522 A=2.012 B=99.694
[RELAY] Got status from sub, seq=522
[TX] StatusPacket seq=522 A=2.740 B=96.782
[RELAY] Got status from sub, seq=522
[RX] CmdPacket target=0xFF cmd=0x0 seq=523
[TX] Immediate reply seq=523
[FWD] Forward to sub: cmd=0x0 seq=523
[RELAY] Got status from sub, seq=523
[TX] StatusPacket seq=523 A=3.200 B=90.962
[RELAY] Got status from sub, seq=523
[TX] StatusPacket seq=523 A=3.281 B=82.595
[RELAY] Got status from sub, seq=523
[RX] CmdPacket target=0xFF cmd=0x0 seq=524
[TX] Immediate reply seq=524
[FWD] Forward to sub: cmd=0x0 seq=524
[RELAY] Got status from sub, seq=524
[TX] StatusPacket seq=524 A=2.963 B=72.202
[RELAY] Got status from sub, seq=524
[TX] StatusPacket seq=524 A=2.323 B=60.428
[RELAY] Got status from sub, seq=524
[RX] CmdPacket target=0xFF cmd=0x0 seq=525
[TX] Immediate reply seq=525
[FWD] Forward to sub: cmd=0x0 seq=525
[RELAY] Got status from sub, seq=525
[TX] StatusPacket seq=525 A=1.518 B=48.005
[RELAY] Got status from sub, seq=525
[TX] StatusPacket seq=525 A=0.746 B=35.707
[RELAY] Got status from sub, seq=525
[RX] CmdPacket target=0xFF cmd=0x0 seq=526
[TX] Immediate reply seq=526
[FWD] Forward to sub: cmd=0x0 seq=526
[RELAY] Got status from sub, seq=526
[TX] StatusPacket seq=526 A=0.195 B=24.297
[RELAY] Got status from sub, seq=526
[TX] StatusPacket seq=526 A=0.000 B=14.486
[RELAY] Got status from sub, seq=526
[RX] CmdPacket target=0xFF cmd=0x0 seq=527
[TX] Immediate reply seq=527
[FWD] Forward to sub: cmd=0x0 seq=527
[RELAY] Got status from sub, seq=527
[TX] StatusPacket seq=527 A=0.209 B=6.882
[RELAY] Got status from sub, seq=527
[TX] StatusPacket seq=527 A=0.771 B=1.960
[RELAY] Got status from sub, seq=527
[RX] CmdPacket target=0xFF cmd=0x0 seq=528
[TX] Immediate reply seq=528
[FWD] Forward to sub: cmd=0x0 seq=528
[RELAY] Got status from sub, seq=528
[TX] StatusPacket seq=528 A=1.548 B=0.024
[RELAY] Got status from sub, seq=528
[TX] StatusPacket seq=528 A=2.350 B=1.195
[RELAY] Got status from sub, seq=528
[RX] CmdPacket target=0xFF cmd=0x0 seq=529
[TX] Immediate reply seq=529
[FWD] Forward to sub: cmd=0x0 seq=529
[RELAY] Got status from sub, seq=529
[TX] StatusPacket seq=529 A=2.981 B=5.401
[RELAY] Got status from sub, seq=529
[TX] StatusPacket seq=529 A=3.286 B=12.380
[RELAY] Got status from sub, seq=529
[RX] CmdPacket target=0xFF cmd=0x0 seq=530
[TX] Immediate reply seq=530
[FWD] Forward to sub: cmd=0x0 seq=530
[RELAY] Got status from sub, seq=530
[TX] StatusPacket seq=530 A=3.190 B=21.698
[RELAY] Got status from sub, seq=530
[TX] StatusPacket seq=530 A=2.717 B=32.776
[RELAY] Got status from sub, seq=530
[RX] CmdPacket target=0xFF cmd=0x0 seq=531
[TX] Immediate reply seq=531
[FWD] Forward to sub: cmd=0x0 seq=531
[RELAY] Got status from sub, seq=531
[TX] StatusPacket seq=531 A=1.983 B=44.924
[RELAY] Got status from sub, seq=531
[TX] StatusPacket seq=531 A=1.168 B=57.389
[RELAY] Got status from sub, seq=531
[RX] CmdPacket target=0xFF cmd=0x0 seq=532
[TX] Immediate reply seq=532
[FWD] Forward to sub: cmd=0x0 seq=532
[RELAY] Got status from sub, seq=532
[TX] StatusPacket seq=532 A=0.470 B=69.393
[RELAY] Got status from sub, seq=532
[TX] StatusPacket seq=532 A=0.062 B=80.192
[RELAY] Got status from sub, seq=532
[RX] CmdPacket target=0xFF cmd=0x0 seq=533
[TX] Immediate reply seq=533
[FWD] Forward to sub: cmd=0x0 seq=533
[RELAY] Got status from sub, seq=533
[TX] StatusPacket seq=533 A=0.042 B=89.114
[RELAY] Got status from sub, seq=533
[TX] StatusPacket seq=533 A=0.416 B=95.604
[RELAY] Got status from sub, seq=533
[RX] CmdPacket target=0xFF cmd=0x0 seq=534
[TX] Immediate reply seq=534
[FWD] Forward to sub: cmd=0x0 seq=534
[RELAY] Got status from sub, seq=534
[TX] StatusPacket seq=534 A=1.092 B=99.258
[RELAY] Got status from sub, seq=534
[TX] StatusPacket seq=534 A=1.905 B=99.850
[RELAY] Got status from sub, seq=534
[RX] CmdPacket target=0xFF cmd=0x0 seq=535
[TX] Immediate reply seq=535
[FWD] Forward to sub: cmd=0x0 seq=535
[RELAY] Got status from sub, seq=535
[TX] StatusPacket seq=535 A=2.655 B=97.342
[RELAY] Got status from sub, seq=535
[TX] StatusPacket seq=535 A=3.159 B=91.891
[RELAY] Got status from sub, seq=535
[RX] CmdPacket target=0xFF cmd=0x0 seq=536
[TX] Immediate reply seq=536
[FWD] Forward to sub: cmd=0x0 seq=536
[RELAY] Got status from sub, seq=536
[TX] StatusPacket seq=536 A=3.294 B=83.835
[RELAY] Got status from sub, seq=536
[TX] StatusPacket seq=536 A=3.026 B=73.676
[RELAY] Got status from sub, seq=536
[RX] CmdPacket target=0xFF cmd=0x0 seq=537
[TX] Immediate reply seq=537
[FWD] Forward to sub: cmd=0x0 seq=537
[RELAY] Got status from sub, seq=537
[TX] StatusPacket seq=537 A=2.422 B=62.044
[RELAY] Got status from sub, seq=537
[TX] StatusPacket seq=537 A=1.628 B=49.664
[RELAY] Got status from sub, seq=537
[RX] CmdPacket target=0xFF cmd=0x0 seq=538
[TX] Immediate reply seq=538
[FWD] Forward to sub: cmd=0x0 seq=538
[RELAY] Got status from sub, seq=538
[TX] StatusPacket seq=538 A=0.840 B=37.304
[RELAY] Got status from sub, seq=538
[TX] StatusPacket seq=538 A=0.250 B=25.734
[RELAY] Got status from sub, seq=538
[RX] CmdPacket target=0xFF cmd=0x0 seq=539
[TX] Immediate reply seq=539
[FWD] Forward to sub: cmd=0x0 seq=539
[RELAY] Got status from sub, seq=539
[TX] StatusPacket seq=539 A=0.003 B=15.673
[RELAY] Got status from sub, seq=539
[TX] StatusPacket seq=539 A=0.159 B=7.746
[RELAY] Got status from sub, seq=539
[RX] CmdPacket target=0xFF cmd=0x0 seq=540
[TX] Immediate reply seq=540
[FWD] Forward to sub: cmd=0x0 seq=540
[RELAY] Got status from sub, seq=540
[TX] StatusPacket seq=540 A=0.680 B=2.446
[RELAY] Got status from sub, seq=540
[TX] StatusPacket seq=540 A=1.439 B=0.103
[RELAY] Got status from sub, seq=540
[RX] CmdPacket target=0xFF cmd=0x0 seq=541
[TX] Immediate reply seq=541
[FWD] Forward to sub: cmd=0x0 seq=541
[RELAY] Got status from sub, seq=541
[TX] StatusPacket seq=541 A=2.250 B=0.862
[RELAY] Got status from sub, seq=541
[TX] StatusPacket seq=541 A=2.913 B=4.676
[RELAY] Got status from sub, seq=541
[RX] CmdPacket target=0xFF cmd=0x0 seq=542
[TX] Immediate reply seq=542
[FWD] Forward to sub: cmd=0x0 seq=542
[RELAY] Got status from sub, seq=542
[TX] StatusPacket seq=542 A=3.267 B=11.308
[RELAY] Got status from sub, seq=542
[TX] StatusPacket seq=542 A=3.226 B=20.346
[RELAY] Got status from sub, seq=542
[RX] CmdPacket target=0xFF cmd=0x0 seq=543
[TX] Immediate reply seq=543
[FWD] Forward to sub: cmd=0x0 seq=543
[RELAY] Got status from sub, seq=543
[TX] StatusPacket seq=543 A=2.798 B=31.228
[RELAY] Got status from sub, seq=543
[TX] StatusPacket seq=543 A=2.090 B=43.277
[RELAY] Got status from sub, seq=543
[RX] CmdPacket target=0xFF cmd=0x0 seq=544
[TX] Immediate reply seq=544
[FWD] Forward to sub: cmd=0x0 seq=544
[RELAY] Got status from sub, seq=544
[TX] StatusPacket seq=544 A=1.273 B=55.744
[RELAY] Got status from sub, seq=544
[TX] StatusPacket seq=544 A=0.549 B=67.853
[RELAY] Got status from sub, seq=544
[RX] CmdPacket target=0xFF cmd=0x0 seq=545
[TX] Immediate reply seq=545
[FWD] Forward to sub: cmd=0x0 seq=545
[RELAY] Got status from sub, seq=545
[TX] StatusPacket seq=545 A=0.094 B=78.894
[RELAY] Got status from sub, seq=545
[TX] StatusPacket seq=545 A=0.021 B=88.059
[RELAY] Got status from sub, seq=545
[RX] CmdPacket target=0xFF cmd=0x0 seq=546
[TX] Immediate reply seq=546
[TX] StatusPacket seq=546 A=0.348 B=94.921
[FWD] Forward to sub: cmd=0x0 seq=546
[RELAY] Got status from sub, seq=546
[RELAY] Got status from sub, seq=546
[TX] StatusPacket seq=546 A=0.990 B=98.946
[RELAY] Got status from sub, seq=546
[TX] StatusPacket seq=546 A=1.796 B=99.951
[RX] CmdPacket target=0xFF cmd=0x0 seq=547
[TX] Immediate reply seq=547
[FWD] Forward to sub: cmd=0x0 seq=547
[RELAY] Got status from sub, seq=547
[RELAY] Got status from sub, seq=547
[TX] StatusPacket seq=547 A=2.566 B=97.850
[RELAY] Got status from sub, seq=547
[TX] StatusPacket seq=547 A=3.112 B=92.774
[RX] CmdPacket target=0xFF cmd=0x0 seq=548
[TX] Immediate reply seq=548
[FWD] Forward to sub: cmd=0x0 seq=548
[RELAY] Got status from sub, seq=548
[RELAY] Got status from sub, seq=548
[TX] StatusPacket seq=548 A=3.300 B=85.038
[RELAY] Got status from sub, seq=548
[TX] StatusPacket seq=548 A=3.084 B=75.124
[RX] CmdPacket target=0xFF cmd=0x0 seq=549
[TX] Immediate reply seq=549
[FWD] Forward to sub: cmd=0x0 seq=549
[RELAY] Got status from sub, seq=549
[RELAY] Got status from sub, seq=549
[TX] StatusPacket seq=549 A=2.517 B=63.648
[RELAY] Got status from sub, seq=549
[TX] StatusPacket seq=549 A=1.737 B=51.323
[RX] CmdPacket target=0xFF cmd=0x0 seq=550
[TX] Immediate reply seq=550
[FWD] Forward to sub: cmd=0x0 seq=550
[RELAY] Got status from sub, seq=550
[RELAY] Got status from sub, seq=550
[TX] StatusPacket seq=550 A=0.937 B=38.916
[TX] StatusPacket seq=550 A=0.311 B=27.198
[TX] StatusPacket seq=550 A=0.013 B=16.898
[RELAY] Got status from sub, seq=550
[TX] StatusPacket seq=550 A=0.115 B=8.656
[RELAY] Got status from sub, seq=550
[RX] CmdPacket target=0xFF cmd=0x0 seq=552
[TX] Immediate reply seq=552
[FWD] Forward to sub: cmd=0x0 seq=552
[RELAY] Got status from sub, seq=552
[TX] StatusPacket seq=552 A=0.594 B=2.985
[RELAY] Got status from sub, seq=552
[TX] StatusPacket seq=552 A=1.331 B=0.236
[RELAY] Got status from sub, seq=552
[RX] CmdPacket target=0xFF cmd=0x0 seq=553
[TX] Immediate reply seq=553
[FWD] Forward to sub: cmd=0x0 seq=553
[RELAY] Got status from sub, seq=553
[TX] StatusPacket seq=553 A=2.146 B=0.582
[RELAY] Got status from sub, seq=553
[TX] StatusPacket seq=553 A=2.840 B=4.000
[RELAY] Got status from sub, seq=553
[RX] CmdPacket target=0xFF cmd=0x0 seq=554
[TX] Immediate reply seq=554
[FWD] Forward to sub: cmd=0x0 seq=554
[RELAY] Got status from sub, seq=554
[TX] StatusPacket seq=554 A=3.242 B=10.279
[RELAY] Got status from sub, seq=554
[TX] StatusPacket seq=554 A=3.255 B=19.027
[RELAY] Got status from sub, seq=554
[RX] CmdPacket target=0xFF cmd=0x0 seq=555
[TX] Immediate reply seq=555
[FWD] Forward to sub: cmd=0x0 seq=555
[RELAY] Got status from sub, seq=555
[TX] StatusPacket seq=555 A=2.874 B=29.701
[RELAY] Got status from sub, seq=555
[TX] StatusPacket seq=555 A=2.194 B=41.637
[RELAY] Got status from sub, seq=555
[RX] CmdPacket target=0xFF cmd=0x0 seq=556
[TX] Immediate reply seq=556
[FWD] Forward to sub: cmd=0x0 seq=556
[RELAY] Got status from sub, seq=556
[TX] StatusPacket seq=556 A=1.381 B=54.093
[RELAY] Got status from sub, seq=556
[TX] StatusPacket seq=556 A=0.633 B=66.294
[RELAY] Got status from sub, seq=556
[RX] CmdPacket target=0xFF cmd=0x0 seq=557
[TX] Immediate reply seq=557
[FWD] Forward to sub: cmd=0x0 seq=557
[RELAY] Got status from sub, seq=557
[TX] StatusPacket seq=557 A=0.135 B=77.482
[RELAY] Got status from sub, seq=557
[TX] StatusPacket seq=557 A=0.007 B=86.962
[RELAY] Got status from sub, seq=557
[RX] CmdPacket target=0xFF cmd=0x0 seq=558
[TX] Immediate reply seq=558
[FWD] Forward to sub: cmd=0x0 seq=558
[RELAY] Got status from sub, seq=558
[TX] StatusPacket seq=558 A=0.282 B=94.144
[RELAY] Got status from sub, seq=558
[TX] StatusPacket seq=558 A=0.891 B=98.581
[RELAY] Got status from sub, seq=558
[RX] CmdPacket target=0xFF cmd=0x0 seq=559
[TX] Immediate reply seq=559
[FWD] Forward to sub: cmd=0x0 seq=559
[RELAY] Got status from sub, seq=559
[TX] StatusPacket seq=559 A=1.687 B=99.997
[RELAY] Got status from sub, seq=559
[TX] StatusPacket seq=559 A=2.473 B=98.305
[RELAY] Got status from sub, seq=559
[RX] CmdPacket target=0xFF cmd=0x0 seq=560
[TX] Immediate reply seq=560
[FWD] Forward to sub: cmd=0x0 seq=560
[RELAY] Got status from sub, seq=560
[TX] StatusPacket seq=560 A=3.058 B=93.609
[RELAY] Got status from sub, seq=560
[TX] StatusPacket seq=560 A=3.298 B=86.202
[RELAY] Got status from sub, seq=560
[RX] CmdPacket target=0xFF cmd=0x0 seq=561
[TX] Immediate reply seq=561
[FWD] Forward to sub: cmd=0x0 seq=561
[RELAY] Got status from sub, seq=561
[TX] StatusPacket seq=561 A=3.135 B=76.544
[RELAY] Got status from sub, seq=561
[TX] StatusPacket seq=561 A=2.608 B=65.236
[RELAY] Got status from sub, seq=561
[RX] CmdPacket target=0xFF cmd=0x0 seq=562
[TX] Immediate reply seq=562
[FWD] Forward to sub: cmd=0x0 seq=562
[RELAY] Got status from sub, seq=562
[TX] StatusPacket seq=562 A=1.846 B=52.981
[RELAY] Got status from sub, seq=562
[TX] StatusPacket seq=562 A=1.037 B=40.540
[RELAY] Got status from sub, seq=562
[RX] CmdPacket target=0xFF cmd=0x0 seq=563
[TX] Immediate reply seq=563
[FWD] Forward to sub: cmd=0x0 seq=563
[RELAY] Got status from sub, seq=563
[TX] StatusPacket seq=563 A=0.378 B=28.687
[RELAY] Got status from sub, seq=563
[TX] StatusPacket seq=563 A=0.030 B=18.160
[RELAY] Got status from sub, seq=563
[RX] CmdPacket target=0xFF cmd=0x0 seq=564
[TX] Immediate reply seq=564
[FWD] Forward to sub: cmd=0x0 seq=564
[RELAY] Got status from sub, seq=564
[TX] StatusPacket seq=564 A=0.079 B=9.612
[RELAY] Got status from sub, seq=564
[TX] StatusPacket seq=564 A=0.512 B=3.575
[RELAY] Got status from sub, seq=564
[RX] CmdPacket target=0xFF cmd=0x0 seq=565
[TX] Immediate reply seq=565
[FWD] Forward to sub: cmd=0x0 seq=565
[RELAY] Got status from sub, seq=565
[TX] StatusPacket seq=565 A=1.224 B=0.425
[RELAY] Got status from sub, seq=565
[TX] StatusPacket seq=565 A=2.041 B=0.357
[RELAY] Got status from sub, seq=565
[RX] CmdPacket target=0xFF cmd=0x0 seq=566
[TX] Immediate reply seq=566
[FWD] Forward to sub: cmd=0x0 seq=566
[RELAY] Got status from sub, seq=566
[TX] StatusPacket seq=566 A=2.761 B=3.376
[RELAY] Got status from sub, seq=566
[TX] StatusPacket seq=566 A=3.210 B=9.293
[RELAY] Got status from sub, seq=566
[RX] CmdPacket target=0xFF cmd=0x0 seq=567
[TX] Immediate reply seq=567
[FWD] Forward to sub: cmd=0x0 seq=567
[RELAY] Got status from sub, seq=567
[TX] StatusPacket seq=567 A=3.277 B=17.742
[RELAY] Got status from sub, seq=567
[TX] StatusPacket seq=567 A=2.945 B=28.196
[RELAY] Got status from sub, seq=567
[RX] CmdPacket target=0xFF cmd=0x0 seq=568
[TX] Immediate reply seq=568
[FWD] Forward to sub: cmd=0x0 seq=568
[RELAY] Got status from sub, seq=568
[TX] StatusPacket seq=568 A=2.296 B=40.006
[RELAY] Got status from sub, seq=568
[TX] StatusPacket seq=568 A=1.489 B=52.437
[RELAY] Got status from sub, seq=568
[RX] CmdPacket target=0xFF cmd=0x0 seq=569
[TX] Immediate reply seq=569
[FWD] Forward to sub: cmd=0x0 seq=569
[RELAY] Got status from sub, seq=569
[TX] StatusPacket seq=569 A=0.722 B=64.717
[RELAY] Got status from sub, seq=569
[TX] StatusPacket seq=569 A=0.181 B=76.081
[RELAY] Got status from sub, seq=569
[RX] CmdPacket target=0xFF cmd=0x0 seq=570
[TX] Immediate reply seq=570
[FWD] Forward to sub: cmd=0x0 seq=570
[RELAY] Got status from sub, seq=570
[TX] StatusPacket seq=570 A=0.001 B=85.825
[RELAY] Got status from sub, seq=570
[TX] StatusPacket seq=570 A=0.224 B=93.340
[RELAY] Got status from sub, seq=570
[RX] CmdPacket target=0xFF cmd=0x0 seq=571
[TX] Immediate reply seq=571
[FWD] Forward to sub: cmd=0x0 seq=571
[RELAY] Got status from sub, seq=571
[TX] StatusPacket seq=571 A=0.796 B=98.161
[RELAY] Got status from sub, seq=571
[TX] StatusPacket seq=571 A=1.577 B=99.988
[RELAY] Got status from sub, seq=571
[RX] CmdPacket target=0xFF cmd=0x0 seq=572
[TX] Immediate reply seq=572
[FWD] Forward to sub: cmd=0x0 seq=572
[RELAY] Got status from sub, seq=572
[TX] StatusPacket seq=572 A=2.376 B=98.706
[RELAY] Got status from sub, seq=572
[TX] StatusPacket seq=572 A=2.998 B=94.397
[RELAY] Got status from sub, seq=572
[RX] CmdPacket target=0xFF cmd=0x0 seq=573
[TX] Immediate reply seq=573
[FWD] Forward to sub: cmd=0x0 seq=573
[RELAY] Got status from sub, seq=573
[TX] StatusPacket seq=573 A=3.289 B=87.327
[RELAY] Got status from sub, seq=573
[TX] StatusPacket seq=573 A=3.179 B=77.936
[RELAY] Got status from sub, seq=573
[RX] CmdPacket target=0xFF cmd=0x0 seq=574
[TX] Immediate reply seq=574
[FWD] Forward to sub: cmd=0x0 seq=574
[RELAY] Got status from sub, seq=574
[TX] StatusPacket seq=574 A=2.695 B=66.808
[RELAY] Got status from sub, seq=574
[TX] StatusPacket seq=574 A=1.955 B=54.635
[RELAY] Got status from sub, seq=574
[RX] CmdPacket target=0xFF cmd=0x0 seq=575
[TX] Immediate reply seq=575
[FWD] Forward to sub: cmd=0x0 seq=575
[RELAY] Got status from sub, seq=575
[TX] StatusPacket seq=575 A=1.137 B=42.124
[RELAY] Got status from sub, seq=575
[TX] StatusPacket seq=575 A=0.450 B=30.200
[RELAY] Got status from sub, seq=575
[TX] StatusPacket seq=575 A=0.054 B=19.456
[RX] CmdPacket target=0xFF cmd=0x0 seq=576
[TX] Immediate reply seq=576
[FWD] Forward to sub: cmd=0x0 seq=576
[RELAY] Got status from sub, seq=576
[RELAY] Got status from sub, seq=576
[TX] StatusPacket seq=576 A=0.049 B=10.612
[RELAY] Got status from sub, seq=576
[TX] StatusPacket seq=576 A=0.435 B=4.217
[RX] CmdPacket target=0xFF cmd=0x0 seq=577
[TX] Immediate reply seq=577
[FWD] Forward to sub: cmd=0x0 seq=577
[RELAY] Got status from sub, seq=577
[RELAY] Got status from sub, seq=577
[TX] StatusPacket seq=577 A=1.120 B=0.668
[RELAY] Got status from sub, seq=577
[TX] StatusPacket seq=577 A=1.934 B=0.186
[RX] CmdPacket target=0xFF cmd=0x0 seq=578
[TX] Immediate reply seq=578
[FWD] Forward to sub: cmd=0x0 seq=578
[RELAY] Got status from sub, seq=578
[RELAY] Got status from sub, seq=578
[TX] StatusPacket seq=578 A=2.678 B=2.802
[RELAY] Got status from sub, seq=578
[TX] StatusPacket seq=578 A=3.171 B=8.352
[RX] CmdPacket target=0xFF cmd=0x0 seq=579
[TX] Immediate reply seq=579
[FWD] Forward to sub: cmd=0x0 seq=579
[RELAY] Got status from sub, seq=579
[RELAY] Got status from sub, seq=579
[TX] StatusPacket seq=579 A=3.291 B=16.492
[RELAY] Got status from sub, seq=579
[TX] StatusPacket seq=579 A=3.010 B=26.715
[RX] CmdPacket target=0xFF cmd=0x0 seq=580
[TX] Immediate reply seq=580
[FWD] Forward to sub: cmd=0x0 seq=580
[RELAY] Got status from sub, seq=580
[RELAY] Got status from sub, seq=580
[TX] StatusPacket seq=580 A=2.393 B=38.435
[TX] StatusPacket seq=580 A=1.599 B=50.779
[RELAY] Got status from sub, seq=580
[RX] CmdPacket target=0xFF cmd=0x0 seq=581
[TX] Immediate reply seq=581
[FWD] Forward to sub: cmd=0x0 seq=581
[RELAY] Got status from sub, seq=581
[TX] StatusPacket seq=581 A=0.814 B=63.123
[RELAY] Got status from sub, seq=581
[TX] StatusPacket seq=581 A=0.234 B=74.652
[RELAY] Got status from sub, seq=581
[RX] CmdPacket target=0xFF cmd=0x0 seq=582
[TX] Immediate reply seq=582
[FWD] Forward to sub: cmd=0x0 seq=582
[RELAY] Got status from sub, seq=582
[TX] StatusPacket seq=582 A=0.001 B=84.648
[RELAY] Got status from sub, seq=582
[TX] StatusPacket seq=582 A=0.172 B=92.489
[RELAY] Got status from sub, seq=582
[RX] CmdPacket target=0xFF cmd=0x0 seq=583
[TX] Immediate reply seq=583
[FWD] Forward to sub: cmd=0x0 seq=583
[RELAY] Got status from sub, seq=583
[TX] StatusPacket seq=583 A=0.704 B=97.689
[RELAY] Got status from sub, seq=583
[TX] StatusPacket seq=583 A=1.468 B=99.924
[RELAY] Got status from sub, seq=583
[RX] CmdPacket target=0xFF cmd=0x0 seq=584
[TX] Immediate reply seq=584
[FWD] Forward to sub: cmd=0x0 seq=584
[RELAY] Got status from sub, seq=584
[TX] StatusPacket seq=584 A=2.277 B=99.055
[RELAY] Got status from sub, seq=584
[TX] StatusPacket seq=584 A=2.932 B=95.135
[RELAY] Got status from sub, seq=584
[RX] CmdPacket target=0xFF cmd=0x0 seq=585
[TX] Immediate reply seq=585
[FWD] Forward to sub: cmd=0x0 seq=585
[RELAY] Got status from sub, seq=585
[TX] StatusPacket seq=585 A=3.273 B=88.410
[RELAY] Got status from sub, seq=585
[TX] StatusPacket seq=585 A=3.217 B=79.296
[RELAY] Got status from sub, seq=585
[RX] CmdPacket target=0xFF cmd=0x0 seq=586
[TX] Immediate reply seq=586
[FWD] Forward to sub: cmd=0x0 seq=586
[RELAY] Got status from sub, seq=586
[TX] StatusPacket seq=586 A=2.777 B=68.361
[RELAY] Got status from sub, seq=586
[TX] StatusPacket seq=586 A=2.061 B=56.284
[RELAY] Got status from sub, seq=586
[RX] CmdPacket target=0xFF cmd=0x0 seq=587
[TX] Immediate reply seq=587
[FWD] Forward to sub: cmd=0x0 seq=587
[RELAY] Got status from sub, seq=587
[TX] StatusPacket seq=587 A=1.245 B=43.817
[RELAY] Got status from sub, seq=587
[TX] StatusPacket seq=587 A=0.528 B=31.734
[RELAY] Got status from sub, seq=587
[RX] CmdPacket target=0xFF cmd=0x0 seq=588
[TX] Immediate reply seq=588
[FWD] Forward to sub: cmd=0x0 seq=588
[RELAY] Got status from sub, seq=588
[TX] StatusPacket seq=588 A=0.085 B=20.786
[RELAY] Got status from sub, seq=588
[TX] StatusPacket seq=588 A=0.026 B=11.656
[RELAY] Got status from sub, seq=588
[RX] CmdPacket target=0xFF cmd=0x0 seq=589
[TX] Immediate reply seq=589
[FWD] Forward to sub: cmd=0x0 seq=589
[RELAY] Got status from sub, seq=589
[TX] StatusPacket seq=589 A=0.364 B=4.909
[RELAY] Got status from sub, seq=589
[TX] StatusPacket seq=589 A=1.017 B=0.965
[RELAY] Got status from sub, seq=589
[RX] CmdPacket target=0xFF cmd=0x0 seq=590
[TX] Immediate reply seq=590
[FWD] Forward to sub: cmd=0x0 seq=590
[RELAY] Got status from sub, seq=590
[TX] StatusPacket seq=590 A=1.825 B=0.071
[RELAY] Got status from sub, seq=590
[TX] StatusPacket seq=590 A=2.590 B=2.280
[RELAY] Got status from sub, seq=590
[RX] CmdPacket target=0xFF cmd=0x0 seq=591
[TX] Immediate reply seq=591
[FWD] Forward to sub: cmd=0x0 seq=591
[RELAY] Got status from sub, seq=591
[TX] StatusPacket seq=591 A=3.125 B=7.457
[RELAY] Got status from sub, seq=591
[TX] StatusPacket seq=591 A=3.299 B=15.279
[RELAY] Got status from sub, seq=591
[RX] CmdPacket target=0xFF cmd=0x0 seq=592
[TX] Immediate reply seq=592
[FWD] Forward to sub: cmd=0x0 seq=592
[RELAY] Got status from sub, seq=592
[TX] StatusPacket seq=592 A=3.069 B=25.260
[RELAY] Got status from sub, seq=592
[TX] StatusPacket seq=592 A=2.492 B=36.779
[RELAY] Got status from sub, seq=592
[RX] CmdPacket target=0xFF cmd=0x0 seq=593
[TX] Immediate reply seq=593
[FWD] Forward to sub: cmd=0x0 seq=593
[RELAY] Got status from sub, seq=593
[TX] StatusPacket seq=593 A=1.708 B=49.119
[RELAY] Got status from sub, seq=593
[TX] StatusPacket seq=593 A=0.910 B=61.515
[RELAY] Got status from sub, seq=593
[RX] CmdPacket target=0xFF cmd=0x0 seq=594
[TX] Immediate reply seq=594
[FWD] Forward to sub: cmd=0x0 seq=594
[RELAY] Got status from sub, seq=594
[TX] StatusPacket seq=594 A=0.294 B=73.195
[RELAY] Got status from sub, seq=594
[TX] StatusPacket seq=594 A=0.009 B=83.432
[RELAY] Got status from sub, seq=594
[RX] CmdPacket target=0xFF cmd=0x0 seq=595
[TX] Immediate reply seq=595
[FWD] Forward to sub: cmd=0x0 seq=595
[RELAY] Got status from sub, seq=595
[TX] StatusPacket seq=595 A=0.126 B=91.591
[RELAY] Got status from sub, seq=595
[TX] StatusPacket seq=595 A=0.617 B=97.164
[RELAY] Got status from sub, seq=595
[RX] CmdPacket target=0xFF cmd=0x0 seq=596
[TX] Immediate reply seq=596
[FWD] Forward to sub: cmd=0x0 seq=596
[RELAY] Got status from sub, seq=596
[TX] StatusPacket seq=596 A=1.360 B=99.805
[RELAY] Got status from sub, seq=596
[TX] StatusPacket seq=596 A=2.174 B=99.349
[RELAY] Got status from sub, seq=596
[RX] CmdPacket target=0xFF cmd=0x0 seq=597
[TX] Immediate reply seq=597
[FWD] Forward to sub: cmd=0x0 seq=597
[RELAY] Got status from sub, seq=597
[TX] StatusPacket seq=597 A=2.860 B=95.824
[RELAY] Got status from sub, seq=597
[TX] StatusPacket seq=597 A=3.250 B=89.451
[RELAY] Got status from sub, seq=597
[RX] CmdPacket target=0xFF cmd=0x0 seq=598
[TX] Immediate reply seq=598
[FWD] Forward to sub: cmd=0x0 seq=598
[RELAY] Got status from sub, seq=598
[TX] StatusPacket seq=598 A=3.248 B=80.624
[RELAY] Got status from sub, seq=598
[TX] StatusPacket seq=598 A=2.855 B=69.894
[RELAY] Got status from sub, seq=598
[RX] CmdPacket target=0xFF cmd=0x0 seq=599
[TX] Immediate reply seq=599
[FWD] Forward to sub: cmd=0x0 seq=599
[RELAY] Got status from sub, seq=599
[TX] StatusPacket seq=599 A=2.167 B=57.927
[RELAY] Got status from sub, seq=599
[TX] StatusPacket seq=599 A=1.352 B=45.466
[RELAY] Got status from sub, seq=599
[RX] CmdPacket target=0xFF cmd=0x0 seq=600
[TX] Immediate reply seq=600
[FWD] Forward to sub: cmd=0x0 seq=600
[RELAY] Got status from sub, seq=600
[TX] StatusPacket seq=600 A=0.610 B=33.288
[RELAY] Got status from sub, seq=600
[TX] StatusPacket seq=600 A=0.123 B=22.149
[RELAY] Got status from sub, seq=600
[RX] CmdPacket target=0xFF cmd=0x0 seq=601
[TX] Immediate reply seq=601
[FWD] Forward to sub: cmd=0x0 seq=601
[RELAY] Got status from sub, seq=601
[TX] StatusPacket seq=601 A=0.010 B=12.741
[RELAY] Got status from sub, seq=601
[TX] StatusPacket seq=601 A=0.298 B=5.650
[RELAY] Got status from sub, seq=601
[RX] CmdPacket target=0xFF cmd=0x0 seq=602
[TX] Immediate reply seq=602
[FWD] Forward to sub: cmd=0x0 seq=602
[RELAY] Got status from sub, seq=602
[TX] StatusPacket seq=602 A=0.917 B=1.317
[RELAY] Got status from sub, seq=602
[TX] StatusPacket seq=602 A=1.716 B=0.010
[RELAY] Got status from sub, seq=602
[RX] CmdPacket target=0xFF cmd=0x0 seq=603
[TX] Immediate reply seq=603
[FWD] Forward to sub: cmd=0x0 seq=603
[RELAY] Got status from sub, seq=603
[TX] StatusPacket seq=603 A=2.498 B=1.811
[RELAY] Got status from sub, seq=603
[TX] StatusPacket seq=603 A=3.073 B=6.609
[RELAY] Got status from sub, seq=603
[RX] CmdPacket target=0xFF cmd=0x0 seq=604
[TX] Immediate reply seq=604
[FWD] Forward to sub: cmd=0x0 seq=604
[RELAY] Got status from sub, seq=604
[TX] StatusPacket seq=604 A=3.299 B=14.104
[RELAY] Got status from sub, seq=604
[TX] StatusPacket seq=604 A=3.122 B=23.832
[RELAY] Got status from sub, seq=604
[RX] CmdPacket target=0xFF cmd=0x0 seq=605
[TX] Immediate reply seq=605
[FWD] Forward to sub: cmd=0x0 seq=605
[RELAY] Got status from sub, seq=605
[TX] StatusPacket seq=605 A=2.584 B=35.186
[RELAY] Got status from sub, seq=605
[TX] StatusPacket seq=605 A=1.817 B=47.461
[RELAY] Got status from sub, seq=605
[RX] CmdPacket target=0xFF cmd=0x0 seq=606
[TX] Immediate reply seq=606
[TX] StatusPacket seq=606 A=1.004 B=59.993
[FWD] Forward to sub: cmd=0x0 seq=606
[RELAY] Got status from sub, seq=606
[RELAY] Got status from sub, seq=606
[TX] StatusPacket seq=606 A=0.359 B=71.712
[RELAY] Got status from sub, seq=606
[TX] StatusPacket seq=606 A=0.024 B=82.180
[RX] CmdPacket target=0xFF cmd=0x0 seq=607
[TX] Immediate reply seq=607
[FWD] Forward to sub: cmd=0x0 seq=607
[RELAY] Got status from sub, seq=607
[RELAY] Got status from sub, seq=607
[TX] StatusPacket seq=607 A=0.088 B=90.648
[RELAY] Got status from sub, seq=607
[TX] StatusPacket seq=607 A=0.534 B=96.587
[RX] CmdPacket target=0xFF cmd=0x0 seq=608
[TX] Immediate reply seq=608
[FWD] Forward to sub: cmd=0x0 seq=608
[RELAY] Got status from sub, seq=608
[RELAY] Got status from sub, seq=608
[TX] StatusPacket seq=608 A=1.253 B=99.631
[RELAY] Got status from sub, seq=608
[TX] StatusPacket seq=608 A=2.069 B=99.588
[RX] CmdPacket target=0xFF cmd=0x0 seq=609
[TX] Immediate reply seq=609
[FWD] Forward to sub: cmd=0x0 seq=609
[RELAY] Got status from sub, seq=609
[RELAY] Got status from sub, seq=609
[TX] StatusPacket seq=609 A=2.783 B=96.463
[RELAY] Got status from sub, seq=609
[TX] StatusPacket seq=609 A=3.219 B=90.448
[RX] CmdPacket target=0xFF cmd=0x0 seq=610
[TX] Immediate reply seq=610
[FWD] Forward to sub: cmd=0x0 seq=610
[RELAY] Got status from sub, seq=610
[RELAY] Got status from sub, seq=610
[TX] StatusPacket seq=610 A=3.272 B=81.919
[RELAY] Got status from sub, seq=610
[TX] StatusPacket seq=610 A=2.925 B=71.360
[RX] CmdPacket target=0xFF cmd=0x0 seq=611
[TX] Immediate reply seq=611
[FWD] Forward to sub: cmd=0x0 seq=611
[RELAY] Got status from sub, seq=611
[TX] StatusPacket seq=611 A=2.269 B=59.560
[TX] StatusPacket seq=611 A=1.460 B=47.121
[RELAY] Got status from sub, seq=611
[RX] CmdPacket target=0xFF cmd=0x0 seq=612
[TX] Immediate reply seq=612
[FWD] Forward to sub: cmd=0x0 seq=612
[RELAY] Got status from sub, seq=612
[TX] StatusPacket seq=612 A=0.698 B=34.861
[RELAY] Got status from sub, seq=612
[TX] StatusPacket seq=612 A=0.168 B=23.542
[RELAY] Got status from sub, seq=612
[RX] CmdPacket target=0xFF cmd=0x0 seq=613
[TX] Immediate reply seq=613
[FWD] Forward to sub: cmd=0x0 seq=613
[RELAY] Got status from sub, seq=613
[TX] StatusPacket seq=613 A=0.002 B=13.868
[RELAY] Got status from sub, seq=613
[TX] StatusPacket seq=613 A=0.239 B=6.441
[RELAY] Got status from sub, seq=613
[RX] CmdPacket target=0xFF cmd=0x0 seq=614
[TX] Immediate reply seq=614
[FWD] Forward to sub: cmd=0x0 seq=614
[RELAY] Got status from sub, seq=614
[TX] StatusPacket seq=614 A=0.821 B=1.722
[RELAY] Got status from sub, seq=614
[TX] StatusPacket seq=614 A=1.606 B=0.004
[RELAY] Got status from sub, seq=614
[RX] CmdPacket target=0xFF cmd=0x0 seq=615
[TX] Immediate reply seq=615
[FWD] Forward to sub: cmd=0x0 seq=615
[RELAY] Got status from sub, seq=615
[TX] StatusPacket seq=615 A=2.403 B=1.395
[RELAY] Got status from sub, seq=615
[TX] StatusPacket seq=615 A=3.014 B=5.809
[RELAY] Got status from sub, seq=615
[RX] CmdPacket target=0xFF cmd=0x0 seq=616
[TX] Immediate reply seq=616
[FWD] Forward to sub: cmd=0x0 seq=616
[RELAY] Got status from sub, seq=616
[TX] StatusPacket seq=616 A=3.292 B=12.969
[RELAY] Got status from sub, seq=616
[TX] StatusPacket seq=616 A=3.168 B=22.432
[RELAY] Got status from sub, seq=616
[RX] CmdPacket target=0xFF cmd=0x0 seq=617
[TX] Immediate reply seq=617
[FWD] Forward to sub: cmd=0x0 seq=617
[RELAY] Got status from sub, seq=617
[TX] StatusPacket seq=617 A=2.672 B=33.610
[RELAY] Got status from sub, seq=617
[TX] StatusPacket seq=617 A=1.926 B=45.806
[RELAY] Got status from sub, seq=617
[RX] CmdPacket target=0xFF cmd=0x0 seq=618
[TX] Immediate reply seq=618
[FWD] Forward to sub: cmd=0x0 seq=618
[RELAY] Got status from sub, seq=618
[TX] StatusPacket seq=618 A=1.112 B=58.263
[RELAY] Got status from sub, seq=618
[TX] StatusPacket seq=618 A=0.430 B=70.206
[RELAY] Got status from sub, seq=618
[RX] CmdPacket target=0xFF cmd=0x0 seq=619
[TX] Immediate reply seq=619
[FWD] Forward to sub: cmd=0x0 seq=619
[RELAY] Got status from sub, seq=619
[TX] StatusPacket seq=619 A=0.047 B=80.893
[RELAY] Got status from sub, seq=619
[TX] StatusPacket seq=619 A=0.056 B=89.659
[RELAY] Got status from sub, seq=619
[RX] CmdPacket target=0xFF cmd=0x0 seq=620
[TX] Immediate reply seq=620
[FWD] Forward to sub: cmd=0x0 seq=620
[RELAY] Got status from sub, seq=620
[TX] StatusPacket seq=620 A=0.455 B=95.959
[RELAY] Got status from sub, seq=620
[TX] StatusPacket seq=620 A=1.147 B=99.402
[RELAY] Got status from sub, seq=620
[RX] CmdPacket target=0xFF cmd=0x0 seq=621
[TX] Immediate reply seq=621
[FWD] Forward to sub: cmd=0x0 seq=621
[RELAY] Got status from sub, seq=621
[TX] StatusPacket seq=621 A=1.962 B=99.774
[RELAY] Got status from sub, seq=621
[TX] StatusPacket seq=621 A=2.701 B=97.050
[RELAY] Got status from sub, seq=621
[RX] CmdPacket target=0xFF cmd=0x0 seq=622
[TX] Immediate reply seq=622
[FWD] Forward to sub: cmd=0x0 seq=622
[RELAY] Got status from sub, seq=622
[TX] StatusPacket seq=622 A=3.182 B=91.401
[RELAY] Got status from sub, seq=622
[TX] StatusPacket seq=622 A=3.288 B=83.178
[RELAY] Got status from sub, seq=622
[RX] CmdPacket target=0xFF cmd=0x0 seq=623
[TX] Immediate reply seq=623
[FWD] Forward to sub: cmd=0x0 seq=623
[RELAY] Got status from sub, seq=623
[TX] StatusPacket seq=623 A=2.993 B=72.893
[RELAY] Got status from sub, seq=623
[TX] StatusPacket seq=623 A=2.369 B=61.183
[RELAY] Got status from sub, seq=623
[RX] CmdPacket target=0xFF cmd=0x0 seq=624
[TX] Immediate reply seq=624
[FWD] Forward to sub: cmd=0x0 seq=624
[RELAY] Got status from sub, seq=624
[TX] StatusPacket seq=624 A=1.569 B=48.779
[RELAY] Got status from sub, seq=624
[TX] StatusPacket seq=624 A=0.789 B=36.450
[RELAY] Got status from sub, seq=624
[RX] CmdPacket target=0xFF cmd=0x0 seq=625
[TX] Immediate reply seq=625
[FWD] Forward to sub: cmd=0x0 seq=625
[RELAY] Got status from sub, seq=625
[TX] StatusPacket seq=625 A=0.220 B=24.964
[RELAY] Got status from sub, seq=625
[TX] StatusPacket seq=625 A=0.000 B=15.035
[RELAY] Got status from sub, seq=625
[RX] CmdPacket target=0xFF cmd=0x0 seq=626
[TX] Immediate reply seq=626
[FWD] Forward to sub: cmd=0x0 seq=626
[RELAY] Got status from sub, seq=626
[TX] StatusPacket seq=626 A=0.185 B=7.279
[RELAY] Got status from sub, seq=626
[TX] StatusPacket seq=626 A=0.728 B=2.180
[RELAY] Got status from sub, seq=626
[RX] CmdPacket target=0xFF cmd=0x0 seq=627
[TX] Immediate reply seq=627
[FWD] Forward to sub: cmd=0x0 seq=627
[RELAY] Got status from sub, seq=627
[TX] StatusPacket seq=627 A=1.497 B=0.054
[RELAY] Got status from sub, seq=627
[TX] StatusPacket seq=627 A=2.304 B=1.033
[RELAY] Got status from sub, seq=627
[RX] CmdPacket target=0xFF cmd=0x0 seq=628
[TX] Immediate reply seq=628
[FWD] Forward to sub: cmd=0x0 seq=628
[RELAY] Got status from sub, seq=628
[TX] StatusPacket seq=628 A=2.950 B=5.057
[RELAY] Got status from sub, seq=628
[TX] StatusPacket seq=628 A=3.278 B=11.875
[RELAY] Got status from sub, seq=628
[RX] CmdPacket target=0xFF cmd=0x0 seq=629
[TX] Immediate reply seq=629
[FWD] Forward to sub: cmd=0x0 seq=629
[RELAY] Got status from sub, seq=629
[TX] StatusPacket seq=629 A=3.207 B=21.064
[RELAY] Got status from sub, seq=629
[TX] StatusPacket seq=629 A=2.756 B=32.051
[RELAY] Got status from sub, seq=629
[RX] CmdPacket target=0xFF cmd=0x0 seq=630
[TX] Immediate reply seq=630
[FWD] Forward to sub: cmd=0x0 seq=630
[RELAY] Got status from sub, seq=630
[TX] StatusPacket seq=630 A=2.033 B=44.155
[RELAY] Got status from sub, seq=630
[TX] StatusPacket seq=630 A=1.217 B=56.622
[RELAY] Got status from sub, seq=630
[RX] CmdPacket target=0xFF cmd=0x0 seq=631
[TX] Immediate reply seq=631
[FWD] Forward to sub: cmd=0x0 seq=631
[RELAY] Got status from sub, seq=631
[TX] StatusPacket seq=631 A=0.507 B=68.677
[RELAY] Got status from sub, seq=631
[TX] StatusPacket seq=631 A=0.076 B=79.572
[RELAY] Got status from sub, seq=631
[RX] CmdPacket target=0xFF cmd=0x0 seq=632
[TX] Immediate reply seq=632
[FWD] Forward to sub: cmd=0x0 seq=632
[RELAY] Got status from sub, seq=632
[TX] StatusPacket seq=632 A=0.031 B=88.627
[RELAY] Got status from sub, seq=632
[TX] StatusPacket seq=632 A=0.383 B=95.281
[RELAY] Got status from sub, seq=632
[RX] CmdPacket target=0xFF cmd=0x0 seq=633
[TX] Immediate reply seq=633
[FWD] Forward to sub: cmd=0x0 seq=633
[RELAY] Got status from sub, seq=633
[TX] StatusPacket seq=633 A=1.044 B=99.119
[RELAY] Got status from sub, seq=633
[TX] StatusPacket seq=633 A=1.854 B=99.904
[RELAY] Got status from sub, seq=633
[RX] CmdPacket target=0xFF cmd=0x0 seq=634
[TX] Immediate reply seq=634
[FWD] Forward to sub: cmd=0x0 seq=634
[RELAY] Got status from sub, seq=634
[TX] StatusPacket seq=634 A=2.614 B=97.586
[RELAY] Got status from sub, seq=634
[TX] StatusPacket seq=634 A=3.138 B=92.309
[RELAY] Got status from sub, seq=634
[RX] CmdPacket target=0xFF cmd=0x0 seq=635
[TX] Immediate reply seq=635
[FWD] Forward to sub: cmd=0x0 seq=635
[RELAY] Got status from sub, seq=635
[TX] StatusPacket seq=635 A=3.298 B=84.401
[RELAY] Got status from sub, seq=635
[TX] StatusPacket seq=635 A=3.054 B=74.355
[RELAY] Got status from sub, seq=635
[RX] CmdPacket target=0xFF cmd=0x0 seq=636
[TX] Immediate reply seq=636
[FWD] Forward to sub: cmd=0x0 seq=636
[RELAY] Got status from sub, seq=636
[TX] StatusPacket seq=636 A=2.463 B=62.745
[RELAY] Got status from sub, seq=636
[TX] StatusPacket seq=636 A=1.679 B=50.438
[RELAY] Got status from sub, seq=636
[RX] CmdPacket target=0xFF cmd=0x0 seq=637
[TX] Immediate reply seq=637
[TX] StatusPacket seq=637 A=0.881 B=38.006
[FWD] Forward to sub: cmd=0x0 seq=637
[RELAY] Got status from sub, seq=637
[RELAY] Got status from sub, seq=637
[TX] StatusPacket seq=637 A=0.277 B=26.414
[RELAY] Got status from sub, seq=637
[TX] StatusPacket seq=637 A=0.006 B=16.240
[RX] CmdPacket target=0xFF cmd=0x0 seq=638
[TX] Immediate reply seq=638
[FWD] Forward to sub: cmd=0x0 seq=638
[RELAY] Got status from sub, seq=638
[RELAY] Got status from sub, seq=638
[TX] StatusPacket seq=638 A=0.138 B=8.165
[RELAY] Got status from sub, seq=638
[TX] StatusPacket seq=638 A=0.640 B=2.691
[RX] CmdPacket target=0xFF cmd=0x0 seq=639
[TX] Immediate reply seq=639
[FWD] Forward to sub: cmd=0x0 seq=639
[RELAY] Got status from sub, seq=639
[RELAY] Got status from sub, seq=639
[TX] StatusPacket seq=639 A=1.389 B=0.158
[RELAY] Got status from sub, seq=639
[TX] StatusPacket seq=639 A=2.202 B=0.725
[RX] CmdPacket target=0xFF cmd=0x0 seq=640
[TX] Immediate reply seq=640
[FWD] Forward to sub: cmd=0x0 seq=640
[RELAY] Got status from sub, seq=640
[RELAY] Got status from sub, seq=640
[TX] StatusPacket seq=640 A=2.880 B=4.355
[RELAY] Got status from sub, seq=640
[TX] StatusPacket seq=640 A=3.257 B=10.823
[RX] CmdPacket target=0xFF cmd=0x0 seq=641
[TX] Immediate reply seq=641
[FWD] Forward to sub: cmd=0x0 seq=641
[RELAY] Got status from sub, seq=641
[RELAY] Got status from sub, seq=641
[TX] StatusPacket seq=641 A=3.240 B=19.727
[RELAY] Got status from sub, seq=641
[TX] StatusPacket seq=641 A=2.832 B=30.559
[RX] CmdPacket target=0xFF cmd=0x0 seq=642
[TX] Immediate reply seq=642
[FWD] Forward to sub: cmd=0x0 seq=642
[RELAY] Got status from sub, seq=642
[TX] StatusPacket seq=642 A=2.139 B=42.511
[TX] StatusPacket seq=642 A=1.323 B=54.974
[RELAY] Got status from sub, seq=642
[RX] CmdPacket target=0xFF cmd=0x0 seq=643
[TX] Immediate reply seq=643
[FWD] Forward to sub: cmd=0x0 seq=643
[RELAY] Got status from sub, seq=643
[TX] StatusPacket seq=643 A=0.588 B=67.128
[RELAY] Got status from sub, seq=643
[TX] StatusPacket seq=643 A=0.113 B=78.218
[RELAY] Got status from sub, seq=643
[RX] CmdPacket target=0xFF cmd=0x0 seq=644
[TX] Immediate reply seq=644
[FWD] Forward to sub: cmd=0x0 seq=644
[RELAY] Got status from sub, seq=644
[TX] StatusPacket seq=644 A=0.014 B=87.552
[RELAY] Got status from sub, seq=644
[TX] StatusPacket seq=644 A=0.315 B=94.552
[RELAY] Got status from sub, seq=644
[RX] CmdPacket target=0xFF cmd=0x0 seq=645
[TX] Immediate reply seq=645
[FWD] Forward to sub: cmd=0x0 seq=645
[RELAY] Got status from sub, seq=645
[TX] StatusPacket seq=645 A=0.944 B=98.782
[RELAY] Got status from sub, seq=645
[TX] StatusPacket seq=645 A=1.745 B=99.979
[RELAY] Got status from sub, seq=645
[RX] CmdPacket target=0xFF cmd=0x0 seq=646
[TX] Immediate reply seq=646
[FWD] Forward to sub: cmd=0x0 seq=646
[RELAY] Got status from sub, seq=646
[TX] StatusPacket seq=646 A=2.523 B=98.069
[RELAY] Got status from sub, seq=646
[TX] StatusPacket seq=646 A=3.088 B=93.169
[RELAY] Got status from sub, seq=646
[RX] CmdPacket target=0xFF cmd=0x0 seq=647
[TX] Immediate reply seq=647
[FWD] Forward to sub: cmd=0x0 seq=647
[RELAY] Got status from sub, seq=647
[TX] StatusPacket seq=647 A=3.300 B=85.586
[RELAY] Got status from sub, seq=647
[TX] StatusPacket seq=647 A=3.108 B=75.790
[RELAY] Got status from sub, seq=647
[RX] CmdPacket target=0xFF cmd=0x0 seq=648
[TX] Immediate reply seq=648
[FWD] Forward to sub: cmd=0x0 seq=648
[RELAY] Got status from sub, seq=648
[TX] StatusPacket seq=648 A=2.560 B=64.391
[RELAY] Got status from sub, seq=648
[TX] StatusPacket seq=648 A=1.788 B=52.097
[RELAY] Got status from sub, seq=648
[RX] CmdPacket target=0xFF cmd=0x0 seq=649
[TX] Immediate reply seq=649
[FWD] Forward to sub: cmd=0x0 seq=649
[RELAY] Got status from sub, seq=649
[TX] StatusPacket seq=649 A=0.983 B=39.672
[RELAY] Got status from sub, seq=649
[TX] StatusPacket seq=649 A=0.341 B=27.890
[RELAY] Got status from sub, seq=649
[RX] CmdPacket target=0xFF cmd=0x0 seq=650
[TX] Immediate reply seq=650
[FWD] Forward to sub: cmd=0x0 seq=650
[RELAY] Got status from sub, seq=650
[TX] StatusPacket seq=650 A=0.020 B=17.482
[RELAY] Got status from sub, seq=650
[TX] StatusPacket seq=650 A=0.097 B=9.096
[RELAY] Got status from sub, seq=650
[RX] CmdPacket target=0xFF cmd=0x0 seq=651
[TX] Immediate reply seq=651
[FWD] Forward to sub: cmd=0x0 seq=651
[RELAY] Got status from sub, seq=651
[TX] StatusPacket seq=651 A=0.555 B=3.254
[RELAY] Got status from sub, seq=651
[TX] StatusPacket seq=651 A=1.281 B=0.317
[RELAY] Got status from sub, seq=651
[RX] CmdPacket target=0xFF cmd=0x0 seq=652
[TX] Immediate reply seq=652
[FWD] Forward to sub: cmd=0x0 seq=652
[RELAY] Got status from sub, seq=652
[TX] StatusPacket seq=652 A=2.097 B=0.470
[RELAY] Got status from sub, seq=652
[TX] StatusPacket seq=652 A=2.804 B=3.703
[RELAY] Got status from sub, seq=652
[RX] CmdPacket target=0xFF cmd=0x0 seq=653
[TX] Immediate reply seq=653
[FWD] Forward to sub: cmd=0x0 seq=653
[RELAY] Got status from sub, seq=653
[TX] StatusPacket seq=653 A=3.228 B=9.813
[RELAY] Got status from sub, seq=653
[TX] StatusPacket seq=653 A=3.266 B=18.423
[RELAY] Got status from sub, seq=653
[RX] CmdPacket target=0xFF cmd=0x0 seq=654
[TX] Immediate reply seq=654
[FWD] Forward to sub: cmd=0x0 seq=654
[RELAY] Got status from sub, seq=654
[TX] StatusPacket seq=654 A=2.908 B=28.996
[RELAY] Got status from sub, seq=654
[TX] StatusPacket seq=654 A=2.242 B=40.874
[RELAY] Got status from sub, seq=654
[RX] CmdPacket target=0xFF cmd=0x0 seq=655
[TX] Immediate reply seq=655
[FWD] Forward to sub: cmd=0x0 seq=655
[RELAY] Got status from sub, seq=655
[TX] StatusPacket seq=655 A=1.431 B=53.321
[RELAY] Got status from sub, seq=655
[TX] StatusPacket seq=655 A=0.674 B=65.560
[RELAY] Got status from sub, seq=655
[RX] CmdPacket target=0xFF cmd=0x0 seq=656
[TX] Immediate reply seq=656
[FWD] Forward to sub: cmd=0x0 seq=656
[RELAY] Got status from sub, seq=656
[TX] StatusPacket seq=656 A=0.156 B=76.832
[RELAY] Got status from sub, seq=656
[TX] StatusPacket seq=656 A=0.003 B=86.436
[RELAY] Got status from sub, seq=656
[RX] CmdPacket target=0xFF cmd=0x0 seq=657
[TX] Immediate reply seq=657
[FWD] Forward to sub: cmd=0x0 seq=657
[RELAY] Got status from sub, seq=657
[TX] StatusPacket seq=657 A=0.254 B=93.775
[RELAY] Got status from sub, seq=657
[TX] StatusPacket seq=657 A=0.846 B=98.392
[RELAY] Got status from sub, seq=657
[RX] CmdPacket target=0xFF cmd=0x0 seq=658
[TX] Immediate reply seq=658
[FWD] Forward to sub: cmd=0x0 seq=658
[RELAY] Got status from sub, seq=658
[TX] StatusPacket seq=658 A=1.636 B=100.000
[RELAY] Got status from sub, seq=658
[TX] StatusPacket seq=658 A=2.428 B=98.499
[RELAY] Got status from sub, seq=658
[RX] CmdPacket target=0xFF cmd=0x0 seq=659
[TX] Immediate reply seq=659
[FWD] Forward to sub: cmd=0x0 seq=659
[RELAY] Got status from sub, seq=659
[TX] StatusPacket seq=659 A=3.031 B=93.983
[RELAY] Got status from sub, seq=659
[TX] StatusPacket seq=659 A=3.295 B=86.732
[RELAY] Got status from sub, seq=659
[RX] CmdPacket target=0xFF cmd=0x0 seq=660
[TX] Immediate reply seq=660
[FWD] Forward to sub: cmd=0x0 seq=660
[RELAY] Got status from sub, seq=660
[TX] StatusPacket seq=660 A=3.156 B=77.197
[RELAY] Got status from sub, seq=660
[TX] StatusPacket seq=660 A=2.649 B=65.972
[RELAY] Got status from sub, seq=660
[RX] CmdPacket target=0xFF cmd=0x0 seq=661
[TX] Immediate reply seq=661
[FWD] Forward to sub: cmd=0x0 seq=661
[RELAY] Got status from sub, seq=661
[TX] StatusPacket seq=661 A=1.897 B=53.753
[RELAY] Got status from sub, seq=661
[TX] StatusPacket seq=661 A=1.085 B=41.301
[RELAY] Got status from sub, seq=661
[RX] CmdPacket target=0xFF cmd=0x0 seq=662
[TX] Immediate reply seq=662
[FWD] Forward to sub: cmd=0x0 seq=662
[RELAY] Got status from sub, seq=662
[TX] StatusPacket seq=662 A=0.411 B=29.390
[RELAY] Got status from sub, seq=662
[TX] StatusPacket seq=662 A=0.040 B=18.760
[RELAY] Got status from sub, seq=662
[RX] CmdPacket target=0xFF cmd=0x0 seq=663
[TX] Immediate reply seq=663
[FWD] Forward to sub: cmd=0x0 seq=663
[RELAY] Got status from sub, seq=663
[TX] StatusPacket seq=663 A=0.064 B=10.073
[RELAY] Got status from sub, seq=663
[TX] StatusPacket seq=663 A=0.476 B=3.868
[RELAY] Got status from sub, seq=663
[RX] CmdPacket target=0xFF cmd=0x0 seq=664
[TX] Immediate reply seq=664
[FWD] Forward to sub: cmd=0x0 seq=664
[RELAY] Got status from sub, seq=664
[TX] StatusPacket seq=664 A=1.175 B=0.531
[RELAY] Got status from sub, seq=664
[TX] StatusPacket seq=664 A=1.991 B=0.271
[RELAY] Got status from sub, seq=664
[RX] CmdPacket target=0xFF cmd=0x0 seq=665
[TX] Immediate reply seq=665
[FWD] Forward to sub: cmd=0x0 seq=665
[RELAY] Got status from sub, seq=665
[TX] StatusPacket seq=665 A=2.723 B=3.102
[RELAY] Got status from sub, seq=665
[TX] StatusPacket seq=665 A=3.193 B=8.849
[RELAY] Got status from sub, seq=665
[RX] CmdPacket target=0xFF cmd=0x0 seq=666
[TX] Immediate reply seq=666
[FWD] Forward to sub: cmd=0x0 seq=666
[RELAY] Got status from sub, seq=666
[TX] StatusPacket seq=666 A=3.284 B=17.154
[RELAY] Got status from sub, seq=666
[TX] StatusPacket seq=666 A=2.976 B=27.502
[RELAY] Got status from sub, seq=666
[RX] CmdPacket target=0xFF cmd=0x0 seq=667
[TX] Immediate reply seq=667
[FWD] Forward to sub: cmd=0x0 seq=667
[RELAY] Got status from sub, seq=667
[TX] StatusPacket seq=667 A=2.340 B=39.298
[RELAY] Got status from sub, seq=667
[TX] StatusPacket seq=667 A=1.540 B=51.663
[RELAY] Got status from sub, seq=667
[TX] StatusPacket seq=667 A=0.764 B=63.975
[TX] StatusPacket seq=667 A=0.205 B=75.418
[RELAY] Got status from sub, seq=667
[TX] StatusPacket seq=667 A=0.000 B=85.280
[RX] CmdPacket target=0xFF cmd=0x0 seq=669
[TX] Immediate reply seq=669
[FWD] Forward to sub: cmd=0x0 seq=669
[RELAY] Got status from sub, seq=669
[RELAY] Got status from sub, seq=669
[TX] StatusPacket seq=669 A=0.199 B=92.949
[RELAY] Got status from sub, seq=669
[TX] StatusPacket seq=669 A=0.753 B=97.947
[RX] CmdPacket target=0xFF cmd=0x0 seq=670
[TX] Immediate reply seq=670
[FWD] Forward to sub: cmd=0x0 seq=670
[RELAY] Got status from sub, seq=670
[RELAY] Got status from sub, seq=670
[TX] StatusPacket seq=670 A=1.526 B=99.965
[RELAY] Got status from sub, seq=670
[TX] StatusPacket seq=670 A=2.330 B=98.876
[RX] CmdPacket target=0xFF cmd=0x0 seq=671
[TX] Immediate reply seq=671
[FWD] Forward to sub: cmd=0x0 seq=671
[RELAY] Got status from sub, seq=671
[RELAY] Got status from sub, seq=671
[TX] StatusPacket seq=671 A=2.968 B=94.747
[RELAY] Got status from sub, seq=671
[TX] StatusPacket seq=671 A=3.282 B=87.837
[RX] CmdPacket target=0xFF cmd=0x0 seq=672
[TX] Immediate reply seq=672
[FWD] Forward to sub: cmd=0x0 seq=672
[RELAY] Got status from sub, seq=672
[RELAY] Got status from sub, seq=672
[TX] StatusPacket seq=672 A=3.198 B=78.574
[TX] StatusPacket seq=672 A=2.734 B=67.535
[RX] CmdPacket target=0xFF cmd=0x0 seq=673
[TX] Immediate reply seq=673
[FWD] Forward to sub: cmd=0x0 seq=673
[RELAY] Got status from sub, seq=673
[TX] StatusPacket seq=673 A=2.005 B=55.405
[RELAY] Got status from sub, seq=673
[TX] StatusPacket seq=673 A=1.189 B=42.940
[RELAY] Got status from sub, seq=673
[RX] CmdPacket target=0xFF cmd=0x0 seq=674
[TX] Immediate reply seq=674
[FWD] Forward to sub: cmd=0x0 seq=674
[RELAY] Got status from sub, seq=674
[TX] StatusPacket seq=674 A=0.486 B=30.913
[RELAY] Got status from sub, seq=674
[TX] StatusPacket seq=674 A=0.068 B=20.073
[RELAY] Got status from sub, seq=674
[RX] CmdPacket target=0xFF cmd=0x0 seq=675
[TX] Immediate reply seq=675
[FWD] Forward to sub: cmd=0x0 seq=675
[RELAY] Got status from sub, seq=675
[TX] StatusPacket seq=675 A=0.037 B=11.093
[RELAY] Got status from sub, seq=675
[TX] StatusPacket seq=675 A=0.401 B=4.533
[RELAY] Got status from sub, seq=675
[RX] CmdPacket target=0xFF cmd=0x0 seq=676
[TX] Immediate reply seq=676
[FWD] Forward to sub: cmd=0x0 seq=676
[RELAY] Got status from sub, seq=676
[TX] StatusPacket seq=676 A=1.071 B=0.800
[RELAY] Got status from sub, seq=676
[TX] StatusPacket seq=676 A=1.883 B=0.126
[RELAY] Got status from sub, seq=676
[RX] CmdPacket target=0xFF cmd=0x0 seq=677
[TX] Immediate reply seq=677
[FWD] Forward to sub: cmd=0x0 seq=677
[RELAY] Got status from sub, seq=677
[TX] StatusPacket seq=677 A=2.638 B=2.552
[RELAY] Got status from sub, seq=677
[TX] StatusPacket seq=677 A=3.150 B=7.929
[RELAY] Got status from sub, seq=677
[RX] CmdPacket target=0xFF cmd=0x0 seq=678
[TX] Immediate reply seq=678
[FWD] Forward to sub: cmd=0x0 seq=678
[RELAY] Got status from sub, seq=678
[TX] StatusPacket seq=678 A=3.296 B=15.921
[RELAY] Got status from sub, seq=678
[TX] StatusPacket seq=678 A=3.038 B=26.033
[RELAY] Got status from sub, seq=678
[RX] CmdPacket target=0xFF cmd=0x0 seq=679
[TX] Immediate reply seq=679
[FWD] Forward to sub: cmd=0x0 seq=679
[RELAY] Got status from sub, seq=679
[TX] StatusPacket seq=679 A=2.441 B=37.634
[RELAY] Got status from sub, seq=679
[TX] StatusPacket seq=679 A=1.650 B=50.005
[RELAY] Got status from sub, seq=679
[RX] CmdPacket target=0xFF cmd=0x0 seq=680
[TX] Immediate reply seq=680
[FWD] Forward to sub: cmd=0x0 seq=680
[RELAY] Got status from sub, seq=680
[TX] StatusPacket seq=680 A=0.859 B=62.375
[RELAY] Got status from sub, seq=680
[TX] StatusPacket seq=680 A=0.261 B=73.975
[RELAY] Got status from sub, seq=680
[RX] CmdPacket target=0xFF cmd=0x0 seq=681
[TX] Immediate reply seq=681
[FWD] Forward to sub: cmd=0x0 seq=681
[RELAY] Got status from sub, seq=681
[TX] StatusPacket seq=681 A=0.004 B=84.085
[RELAY] Got status from sub, seq=681
[TX] StatusPacket seq=681 A=0.150 B=92.076
[RELAY] Got status from sub, seq=681
[RX] CmdPacket target=0xFF cmd=0x0 seq=682
[TX] Immediate reply seq=682
[FWD] Forward to sub: cmd=0x0 seq=682
[RELAY] Got status from sub, seq=682
[TX] StatusPacket seq=682 A=0.663 B=97.451
[RELAY] Got status from sub, seq=682
[TX] StatusPacket seq=682 A=1.417 B=99.875
[RELAY] Got status from sub, seq=682
[RX] CmdPacket target=0xFF cmd=0x0 seq=683
[TX] Immediate reply seq=683
[FWD] Forward to sub: cmd=0x0 seq=683
[RELAY] Got status from sub, seq=683
[TX] StatusPacket seq=683 A=2.229 B=99.198
[RELAY] Got status from sub, seq=683
[TX] StatusPacket seq=683 A=2.899 B=95.463
[RELAY] Got status from sub, seq=683
[RX] CmdPacket target=0xFF cmd=0x0 seq=684
[TX] Immediate reply seq=684
[FWD] Forward to sub: cmd=0x0 seq=684
[RELAY] Got status from sub, seq=684
[TX] StatusPacket seq=684 A=3.263 B=88.901
[RELAY] Got status from sub, seq=684
[TX] StatusPacket seq=684 A=3.232 B=79.920
[RELAY] Got status from sub, seq=684
[RX] CmdPacket target=0xFF cmd=0x0 seq=685
[TX] Immediate reply seq=685
[FWD] Forward to sub: cmd=0x0 seq=685
[RELAY] Got status from sub, seq=685
[TX] StatusPacket seq=685 A=2.814 B=69.079
[RELAY] Got status from sub, seq=685
[TX] StatusPacket seq=685 A=2.111 B=57.052
[RELAY] Got status from sub, seq=685
[RX] CmdPacket target=0xFF cmd=0x0 seq=686
[TX] Immediate reply seq=686
[FWD] Forward to sub: cmd=0x0 seq=686
[RELAY] Got status from sub, seq=686
[TX] StatusPacket seq=686 A=1.295 B=44.586
[RELAY] Got status from sub, seq=686
[TX] StatusPacket seq=686 A=0.566 B=32.457
[RELAY] Got status from sub, seq=686
[RX] CmdPacket target=0xFF cmd=0x0 seq=687
[TX] Immediate reply seq=687
[FWD] Forward to sub: cmd=0x0 seq=687
[RELAY] Got status from sub, seq=687
[TX] StatusPacket seq=687 A=0.102 B=21.418
[RELAY] Got status from sub, seq=687
[TX] StatusPacket seq=687 A=0.018 B=12.157
[RELAY] Got status from sub, seq=687
[RX] CmdPacket target=0xFF cmd=0x0 seq=688
[TX] Immediate reply seq=688
[FWD] Forward to sub: cmd=0x0 seq=688
[RELAY] Got status from sub, seq=688
[TX] StatusPacket seq=688 A=0.333 B=5.249
[RELAY] Got status from sub, seq=688
[TX] StatusPacket seq=688 A=0.970 B=1.123
[RELAY] Got status from sub, seq=688
[RX] CmdPacket target=0xFF cmd=0x0 seq=689
[TX] Immediate reply seq=689
[FWD] Forward to sub: cmd=0x0 seq=689
[RELAY] Got status from sub, seq=689
[TX] StatusPacket seq=689 A=1.774 B=0.036
[RELAY] Got status from sub, seq=689
[TX] StatusPacket seq=689 A=2.548 B=2.055
[RELAY] Got status from sub, seq=689
[RX] CmdPacket target=0xFF cmd=0x0 seq=690
[TX] Immediate reply seq=690
[FWD] Forward to sub: cmd=0x0 seq=690
[RELAY] Got status from sub, seq=690
[TX] StatusPacket seq=690 A=3.102 B=7.056
[RELAY] Got status from sub, seq=690
[TX] StatusPacket seq=690 A=3.300 B=14.726
[RELAY] Got status from sub, seq=690
[RX] CmdPacket target=0xFF cmd=0x0 seq=691
[TX] Immediate reply seq=691
[FWD] Forward to sub: cmd=0x0 seq=691
[RELAY] Got status from sub, seq=691
[TX] StatusPacket seq=691 A=3.094 B=24.590
[RELAY] Got status from sub, seq=691
[TX] StatusPacket seq=691 A=2.535 B=36.034
[RELAY] Got status from sub, seq=691
[RX] CmdPacket target=0xFF cmd=0x0 seq=692
[TX] Immediate reply seq=692
[FWD] Forward to sub: cmd=0x0 seq=692
[RELAY] Got status from sub, seq=692
[TX] StatusPacket seq=692 A=1.759 B=48.346
[RELAY] Got status from sub, seq=692
[TX] StatusPacket seq=692 A=0.956 B=60.760
[RELAY] Got status from sub, seq=692
[RX] CmdPacket target=0xFF cmd=0x0 seq=693
[TX] Immediate reply seq=693
[FWD] Forward to sub: cmd=0x0 seq=693
[RELAY] Got status from sub, seq=693
[TX] StatusPacket seq=693 A=0.324 B=72.506
[RELAY] Got status from sub, seq=693
[TX] StatusPacket seq=693 A=0.015 B=82.853
[RELAY] Got status from sub, seq=693
[RX] CmdPacket target=0xFF cmd=0x0 seq=694
[TX] Immediate reply seq=694
[FWD] Forward to sub: cmd=0x0 seq=694
[RELAY] Got status from sub, seq=694
[TX] StatusPacket seq=694 A=0.108 B=91.157
[RELAY] Got status from sub, seq=694
[TX] StatusPacket seq=694 A=0.577 B=96.902
[RELAY] Got status from sub, seq=694
[RX] CmdPacket target=0xFF cmd=0x0 seq=695
[TX] Immediate reply seq=695
[FWD] Forward to sub: cmd=0x0 seq=695
[RELAY] Got status from sub, seq=695
[TX] StatusPacket seq=695 A=1.310 B=99.730
[RELAY] Got status from sub, seq=695
[TX] StatusPacket seq=695 A=2.125 B=99.467
[RELAY] Got status from sub, seq=695
[RX] CmdPacket target=0xFF cmd=0x0 seq=696
[TX] Immediate reply seq=696
[FWD] Forward to sub: cmd=0x0 seq=696
[RELAY] Got status from sub, seq=696
[TX] StatusPacket seq=696 A=2.825 B=96.128
[RELAY] Got status from sub, seq=696
[TX] StatusPacket seq=696 A=3.236 B=89.922
[RELAY] Got status from sub, seq=696
[RX] CmdPacket target=0xFF cmd=0x0 seq=697
[TX] Immediate reply seq=697
[FWD] Forward to sub: cmd=0x0 seq=697
[RELAY] Got status from sub, seq=697
[TX] StatusPacket seq=697 A=3.260 B=81.233
[RELAY] Got status from sub, seq=697
[TX] StatusPacket seq=697 A=2.889 B=70.602
[RELAY] Got status from sub, seq=697
[RX] CmdPacket target=0xFF cmd=0x0 seq=698
[TX] Immediate reply seq=698
[TX] StatusPacket seq=698 A=2.215 B=58.690
[FWD] Forward to sub: cmd=0x0 seq=698
[RELAY] Got status from sub, seq=698
[RELAY] Got status from sub, seq=698
[TX] StatusPacket seq=698 A=1.402 B=46.238
[RELAY] Got status from sub, seq=698
[TX] StatusPacket seq=698 A=0.651 B=34.020
[RX] CmdPacket target=0xFF cmd=0x0 seq=699
[TX] Immediate reply seq=699
[FWD] Forward to sub: cmd=0x0 seq=699
[RELAY] Got status from sub, seq=699
[RELAY] Got status from sub, seq=699
[TX] StatusPacket seq=699 A=0.144 B=22.795
[RELAY] Got status from sub, seq=699
[TX] StatusPacket seq=699 A=0.005 B=13.262
[RX] CmdPacket target=0xFF cmd=0x0 seq=700
[TX] Immediate reply seq=700
[FWD] Forward to sub: cmd=0x0 seq=700
[RELAY] Got status from sub, seq=700
[RELAY] Got status from sub, seq=700
[TX] StatusPacket seq=700 A=0.270 B=6.013
[RELAY] Got status from sub, seq=700
[TX] StatusPacket seq=700 A=0.872 B=1.499
[RX] CmdPacket target=0xFF cmd=0x0 seq=701
[TX] Immediate reply seq=701
[FWD] Forward to sub: cmd=0x0 seq=701
[RELAY] Got status from sub, seq=701
[RELAY] Got status from sub, seq=701
[TX] StatusPacket seq=701 A=1.665 B=0.001
[RELAY] Got status from sub, seq=701
[TX] StatusPacket seq=701 A=2.454 B=1.611
[RX] CmdPacket target=0xFF cmd=0x0 seq=702
[TX] Immediate reply seq=702
[FWD] Forward to sub: cmd=0x0 seq=702
[RELAY] Got status from sub, seq=702
[RELAY] Got status from sub, seq=702
[TX] StatusPacket seq=702 A=3.046 B=6.230
[RELAY] Got status from sub, seq=702
[TX] StatusPacket seq=702 A=3.297 B=13.570
[RX] CmdPacket target=0xFF cmd=0x0 seq=703
[TX] Immediate reply seq=703
[FWD] Forward to sub: cmd=0x0 seq=703
[RELAY] Got status from sub, seq=703
[RELAY] Got status from sub, seq=703
[TX] StatusPacket seq=703 A=3.143 B=23.218
[TX] StatusPacket seq=703 A=2.625 B=34.448
[RELAY] Got status from sub, seq=703
[RX] CmdPacket target=0xFF cmd=0x0 seq=704
[TX] Immediate reply seq=704
[FWD] Forward to sub: cmd=0x0 seq=704
[RELAY] Got status from sub, seq=704
[TX] StatusPacket seq=704 A=1.868 B=46.688
[RELAY] Got status from sub, seq=704
[TX] StatusPacket seq=704 A=1.057 B=59.134
[RELAY] Got status from sub, seq=704
[RX] CmdPacket target=0xFF cmd=0x0 seq=705
[TX] Immediate reply seq=705
[FWD] Forward to sub: cmd=0x0 seq=705
[RELAY] Got status from sub, seq=705
[TX] StatusPacket seq=705 A=0.392 B=71.012
[RELAY] Got status from sub, seq=705
[TX] StatusPacket seq=705 A=0.034 B=81.584
[RELAY] Got status from sub, seq=705
[RX] CmdPacket target=0xFF cmd=0x0 seq=706
[TX] Immediate reply seq=706
[FWD] Forward to sub: cmd=0x0 seq=706
[RELAY] Got status from sub, seq=706
[TX] StatusPacket seq=706 A=0.072 B=90.192
[RELAY] Got status from sub, seq=706
[TX] StatusPacket seq=706 A=0.496 B=96.301
[RELAY] Got status from sub, seq=706
[RX] CmdPacket target=0xFF cmd=0x0 seq=707
[TX] Immediate reply seq=707
[FWD] Forward to sub: cmd=0x0 seq=707
[RELAY] Got status from sub, seq=707
[TX] StatusPacket seq=707 A=1.203 B=99.531
[RELAY] Got status from sub, seq=707
[TX] StatusPacket seq=707 A=2.019 B=99.682
[RELAY] Got status from sub, seq=707
[RX] CmdPacket target=0xFF cmd=0x0 seq=708
[TX] Immediate reply seq=708
[FWD] Forward to sub: cmd=0x0 seq=708
[RELAY] Got status from sub, seq=708
[TX] StatusPacket seq=708 A=2.745 B=96.743
[RELAY] Got status from sub, seq=708
[TX] StatusPacket seq=708 A=3.203 B=90.898
[RELAY] Got status from sub, seq=708
[RX] CmdPacket target=0xFF cmd=0x0 seq=709
[TX] Immediate reply seq=709
[FWD] Forward to sub: cmd=0x0 seq=709
[RELAY] Got status from sub, seq=709
[TX] StatusPacket seq=709 A=3.280 B=82.511
[RELAY] Got status from sub, seq=709
[TX] StatusPacket seq=709 A=2.958 B=72.102
[RELAY] Got status from sub, seq=709
[RX] CmdPacket target=0xFF cmd=0x0 seq=710
[TX] Immediate reply seq=710
[FWD] Forward to sub: cmd=0x0 seq=710
[RELAY] Got status from sub, seq=710
[TX] StatusPacket seq=710 A=2.316 B=60.319
[RELAY] Got status from sub, seq=710
[TX] StatusPacket seq=710 A=1.511 B=47.894
[RELAY] Got status from sub, seq=710
[RX] CmdPacket target=0xFF cmd=0x0 seq=711
[TX] Immediate reply seq=711
[FWD] Forward to sub: cmd=0x0 seq=711
[RELAY] Got status from sub, seq=711
[TX] StatusPacket seq=711 A=0.740 B=35.601
[RELAY] Got status from sub, seq=711
[TX] StatusPacket seq=711 A=0.191 B=24.202
[RELAY] Got status from sub, seq=711
[RX] CmdPacket target=0xFF cmd=0x0 seq=712
[TX] Immediate reply seq=712
[FWD] Forward to sub: cmd=0x0 seq=712
[RELAY] Got status from sub, seq=712
[TX] StatusPacket seq=712 A=0.000 B=14.408
[RELAY] Got status from sub, seq=712
[TX] StatusPacket seq=712 A=0.213 B=6.826
[RELAY] Got status from sub, seq=712
[RX] CmdPacket target=0xFF cmd=0x0 seq=713
[TX] Immediate reply seq=713
[FWD] Forward to sub: cmd=0x0 seq=713
[RELAY] Got status from sub, seq=713
[TX] StatusPacket seq=713 A=0.777 B=1.929
[RELAY] Got status from sub, seq=713
[TX] StatusPacket seq=713 A=1.555 B=0.021
[RELAY] Got status from sub, seq=713
[RX] CmdPacket target=0xFF cmd=0x0 seq=714
[TX] Immediate reply seq=714
[FWD] Forward to sub: cmd=0x0 seq=714
[RELAY] Got status from sub, seq=714
[TX] StatusPacket seq=714 A=2.357 B=1.220
[RELAY] Got status from sub, seq=714
[TX] StatusPacket seq=714 A=2.985 B=5.452
[RELAY] Got status from sub, seq=714
[RX] CmdPacket target=0xFF cmd=0x0 seq=715
[TX] Immediate reply seq=715
[FWD] Forward to sub: cmd=0x0 seq=715
[RELAY] Got status from sub, seq=715
[TX] StatusPacket seq=715 A=3.286 B=12.454
[RELAY] Got status from sub, seq=715
[TX] StatusPacket seq=715 A=3.187 B=21.790
[RELAY] Got status from sub, seq=715
[RX] CmdPacket target=0xFF cmd=0x0 seq=716
[TX] Immediate reply seq=716
[FWD] Forward to sub: cmd=0x0 seq=716
[RELAY] Got status from sub, seq=716
[TX] StatusPacket seq=716 A=2.712 B=32.880
[RELAY] Got status from sub, seq=716
[TX] StatusPacket seq=716 A=1.976 B=45.035
[RELAY] Got status from sub, seq=716
[RX] CmdPacket target=0xFF cmd=0x0 seq=717
[TX] Immediate reply seq=717
[FWD] Forward to sub: cmd=0x0 seq=717
[RELAY] Got status from sub, seq=717
[TX] StatusPacket seq=717 A=1.161 B=57.498
[RELAY] Got status from sub, seq=717
[TX] StatusPacket seq=717 A=0.465 B=69.496
[RELAY] Got status from sub, seq=717
[RX] CmdPacket target=0xFF cmd=0x0 seq=718
[TX] Immediate reply seq=718
[FWD] Forward to sub: cmd=0x0 seq=718
[RELAY] Got status from sub, seq=718
[TX] StatusPacket seq=718 A=0.060 B=80.281
[RELAY] Got status from sub, seq=718
[TX] StatusPacket seq=718 A=0.044 B=89.183
[RELAY] Got status from sub, seq=718
[RX] CmdPacket target=0xFF cmd=0x0 seq=719
[TX] Immediate reply seq=719
[FWD] Forward to sub: cmd=0x0 seq=719
[RELAY] Got status from sub, seq=719
[TX] StatusPacket seq=719 A=0.421 B=95.649
[RELAY] Got status from sub, seq=719
[TX] StatusPacket seq=719 A=1.099 B=99.277
[RELAY] Got status from sub, seq=719
[RX] CmdPacket target=0xFF cmd=0x0 seq=720
[TX] Immediate reply seq=720
[FWD] Forward to sub: cmd=0x0 seq=720
[RELAY] Got status from sub, seq=720
[TX] StatusPacket seq=720 A=1.912 B=99.841
[RELAY] Got status from sub, seq=720
[TX] StatusPacket seq=720 A=2.661 B=97.306
[RELAY] Got status from sub, seq=720
[RX] CmdPacket target=0xFF cmd=0x0 seq=721
[TX] Immediate reply seq=721
[FWD] Forward to sub: cmd=0x0 seq=721
[RELAY] Got status from sub, seq=721
[TX] StatusPacket seq=721 A=3.162 B=91.830
[RELAY] Got status from sub, seq=721
[TX] StatusPacket seq=721 A=3.294 B=83.753
[RELAY] Got status from sub, seq=721
[RX] CmdPacket target=0xFF cmd=0x0 seq=722
[TX] Immediate reply seq=722
[FWD] Forward to sub: cmd=0x0 seq=722
[RELAY] Got status from sub, seq=722
[TX] StatusPacket seq=722 A=3.022 B=73.578
[RELAY] Got status from sub, seq=722
[TX] StatusPacket seq=722 A=2.415 B=61.937
[RELAY] Got status from sub, seq=722
[RX] CmdPacket target=0xFF cmd=0x0 seq=723
[TX] Immediate reply seq=723
[FWD] Forward to sub: cmd=0x0 seq=723
[RELAY] Got status from sub, seq=723
[TX] StatusPacket seq=723 A=1.620 B=49.553
[RELAY] Got status from sub, seq=723
[TX] StatusPacket seq=723 A=0.833 B=37.197
[RELAY] Got status from sub, seq=723
[RX] CmdPacket target=0xFF cmd=0x0 seq=724
[TX] Immediate reply seq=724
[FWD] Forward to sub: cmd=0x0 seq=724
[RELAY] Got status from sub, seq=724
[TX] StatusPacket seq=724 A=0.246 B=25.637
[RELAY] Got status from sub, seq=724
[TX] StatusPacket seq=724 A=0.002 B=15.592
[RELAY] Got status from sub, seq=724
[RX] CmdPacket target=0xFF cmd=0x0 seq=725
[TX] Immediate reply seq=725
[FWD] Forward to sub: cmd=0x0 seq=725
[RELAY] Got status from sub, seq=725
[TX] StatusPacket seq=725 A=0.162 B=7.687
[RELAY] Got status from sub, seq=725
[TX] StatusPacket seq=725 A=0.686 B=2.412
[RELAY] Got status from sub, seq=725
[RX] CmdPacket target=0xFF cmd=0x0 seq=726
[TX] Immediate reply seq=726
[FWD] Forward to sub: cmd=0x0 seq=726
[RELAY] Got status from sub, seq=726
[TX] StatusPacket seq=726 A=1.446 B=0.096
[RELAY] Got status from sub, seq=726
[TX] StatusPacket seq=726 A=2.256 B=0.882
[RELAY] Got status from sub, seq=726
[RX] CmdPacket target=0xFF cmd=0x0 seq=727
[TX] Immediate reply seq=727
[FWD] Forward to sub: cmd=0x0 seq=727
[RELAY] Got status from sub, seq=727
[TX] StatusPacket seq=727 A=2.918 B=4.723
[RELAY] Got status from sub, seq=727
[TX] StatusPacket seq=727 A=3.269 B=11.379
[RELAY] Got status from sub, seq=727
[RX] CmdPacket target=0xFF cmd=0x0 seq=728
[TX] Immediate reply seq=728
[FWD] Forward to sub: cmd=0x0 seq=728
[RELAY] Got status from sub, seq=728
[TX] StatusPacket seq=728 A=3.224 B=20.436
[RELAY] Got status from sub, seq=728
[TX] StatusPacket seq=728 A=2.793 B=31.331
[RELAY] Got status from sub, seq=728
[RX] CmdPacket target=0xFF cmd=0x0 seq=729
[TX] Immediate reply seq=729
[TX] StatusPacket seq=729 A=2.083 B=43.387
[FWD] Forward to sub: cmd=0x0 seq=729
[RELAY] Got status from sub, seq=729
[RELAY] Got status from sub, seq=729
[TX] StatusPacket seq=729 A=1.266 B=55.854
[RELAY] Got status from sub, seq=729
[TX] StatusPacket seq=729 A=0.544 B=67.957
[RX] CmdPacket target=0xFF cmd=0x0 seq=730
[TX] Immediate reply seq=730
[FWD] Forward to sub: cmd=0x0 seq=730
[RELAY] Got status from sub, seq=730
[RELAY] Got status from sub, seq=730
[TX] StatusPacket seq=730 A=0.092 B=78.944
[RELAY] Got status from sub, seq=730
[TX] StatusPacket seq=730 A=0.022 B=88.131
[RX] CmdPacket target=0xFF cmd=0x0 seq=731
[TX] Immediate reply seq=731
[FWD] Forward to sub: cmd=0x0 seq=731
[RELAY] Got status from sub, seq=731
[RELAY] Got status from sub, seq=731
[TX] StatusPacket seq=731 A=0.350 B=94.947
[RELAY] Got status from sub, seq=731
[TX] StatusPacket seq=731 A=0.997 B=98.969
[RX] CmdPacket target=0xFF cmd=0x0 seq=732
[TX] Immediate reply seq=732
[FWD] Forward to sub: cmd=0x0 seq=732
[RELAY] Got status from sub, seq=732
[RELAY] Got status from sub, seq=732
[TX] StatusPacket seq=732 A=1.803 B=99.946
[RELAY] Got status from sub, seq=732
[TX] StatusPacket seq=732 A=2.572 B=97.817
[RX] CmdPacket target=0xFF cmd=0x0 seq=733
[TX] Immediate reply seq=733
[FWD] Forward to sub: cmd=0x0 seq=733
[RELAY] Got status from sub, seq=733
[RELAY] Got status from sub, seq=733
[TX] StatusPacket seq=733 A=3.115 B=92.716
[RELAY] Got status from sub, seq=733
[TX] StatusPacket seq=733 A=3.300 B=84.959
[RX] CmdPacket target=0xFF cmd=0x0 seq=734
[TX] Immediate reply seq=734
[FWD] Forward to sub: cmd=0x0 seq=734
[RELAY] Got status from sub, seq=734
[TX] StatusPacket seq=734 A=3.080 B=75.028
[RELAY] Got status from sub, seq=734
[TX] StatusPacket seq=734 A=2.510 B=63.541
[RELAY] Got status from sub, seq=734
[RX] CmdPacket target=0xFF cmd=0x0 seq=735
[TX] Immediate reply seq=735
[FWD] Forward to sub: cmd=0x0 seq=735
[RELAY] Got status from sub, seq=735
[TX] StatusPacket seq=735 A=1.730 B=51.212
[RELAY] Got status from sub, seq=735
[TX] StatusPacket seq=735 A=0.930 B=38.808
[RELAY] Got status from sub, seq=735
[RX] CmdPacket target=0xFF cmd=0x0 seq=736
[TX] Immediate reply seq=736
[FWD] Forward to sub: cmd=0x0 seq=736
[RELAY] Got status from sub, seq=736
[TX] StatusPacket seq=736 A=0.306 B=27.099
[RELAY] Got status from sub, seq=736
[TX] StatusPacket seq=736 A=0.012 B=16.815
[RELAY] Got status from sub, seq=736
[RX] CmdPacket target=0xFF cmd=0x0 seq=737
[TX] Immediate reply seq=737
[FWD] Forward to sub: cmd=0x0 seq=737
[RELAY] Got status from sub, seq=737
[TX] StatusPacket seq=737 A=0.118 B=8.594
[RELAY] Got status from sub, seq=737
[TX] StatusPacket seq=737 A=0.600 B=2.947
[RELAY] Got status from sub, seq=737
[RX] CmdPacket target=0xFF cmd=0x0 seq=738
[TX] Immediate reply seq=738
[FWD] Forward to sub: cmd=0x0 seq=738
[RELAY] Got status from sub, seq=738
[TX] StatusPacket seq=738 A=1.338 B=0.226
[RELAY] Got status from sub, seq=738
[TX] StatusPacket seq=738 A=2.153 B=0.599
[RELAY] Got status from sub, seq=738
[RX] CmdPacket target=0xFF cmd=0x0 seq=739
[TX] Immediate reply seq=739
[FWD] Forward to sub: cmd=0x0 seq=739
[RELAY] Got status from sub, seq=739
[TX] StatusPacket seq=739 A=2.845 B=4.044
[RELAY] Got status from sub, seq=739
[TX] StatusPacket seq=739 A=3.244 B=10.346
[RELAY] Got status from sub, seq=739
[RX] CmdPacket target=0xFF cmd=0x0 seq=740
[TX] Immediate reply seq=740
[FWD] Forward to sub: cmd=0x0 seq=740
[RELAY] Got status from sub, seq=740
[TX] StatusPacket seq=740 A=3.253 B=19.114
[RELAY] Got status from sub, seq=740
[TX] StatusPacket seq=740 A=2.869 B=29.802
[RELAY] Got status from sub, seq=740
[RX] CmdPacket target=0xFF cmd=0x0 seq=741
[TX] Immediate reply seq=741
[FWD] Forward to sub: cmd=0x0 seq=741
[RELAY] Got status from sub, seq=741
[TX] StatusPacket seq=741 A=2.187 B=41.746
[RELAY] Got status from sub, seq=741
[TX] StatusPacket seq=741 A=1.374 B=54.203
[RELAY] Got status from sub, seq=741
[RX] CmdPacket target=0xFF cmd=0x0 seq=742
[TX] Immediate reply seq=742
[FWD] Forward to sub: cmd=0x0 seq=742
[RELAY] Got status from sub, seq=742
[TX] StatusPacket seq=742 A=0.628 B=66.399
[RELAY] Got status from sub, seq=742
[TX] StatusPacket seq=742 A=0.132 B=77.575
[RELAY] Got status from sub, seq=742
[RX] CmdPacket target=0xFF cmd=0x0 seq=743
[TX] Immediate reply seq=743
[FWD] Forward to sub: cmd=0x0 seq=743
[RELAY] Got status from sub, seq=743
[TX] StatusPacket seq=743 A=0.008 B=87.037
[RELAY] Got status from sub, seq=743
[TX] StatusPacket seq=743 A=0.286 B=94.196
[RELAY] Got status from sub, seq=743
[RX] CmdPacket target=0xFF cmd=0x0 seq=744
[TX] Immediate reply seq=744
[FWD] Forward to sub: cmd=0x0 seq=744
[RELAY] Got status from sub, seq=744
[TX] StatusPacket seq=744 A=0.898 B=98.607
[RELAY] Got status from sub, seq=744
[TX] StatusPacket seq=744 A=1.694 B=99.996
[RELAY] Got status from sub, seq=744
[RX] CmdPacket target=0xFF cmd=0x0 seq=745
[TX] Immediate reply seq=745
[FWD] Forward to sub: cmd=0x0 seq=745
[RELAY] Got status from sub, seq=745
[TX] StatusPacket seq=745 A=2.479 B=98.276
[RELAY] Got status from sub, seq=745
[TX] StatusPacket seq=745 A=3.062 B=93.555
[RELAY] Got status from sub, seq=745
[RX] CmdPacket target=0xFF cmd=0x0 seq=746
[TX] Immediate reply seq=746
[FWD] Forward to sub: cmd=0x0 seq=746
[RELAY] Got status from sub, seq=746
[TX] StatusPacket seq=746 A=3.298 B=86.126
[RELAY] Got status from sub, seq=746
[TX] StatusPacket seq=746 A=3.131 B=76.450
[RELAY] Got status from sub, seq=746
[RX] CmdPacket target=0xFF cmd=0x0 seq=747
[TX] Immediate reply seq=747
[FWD] Forward to sub: cmd=0x0 seq=747
[RELAY] Got status from sub, seq=747
[TX] StatusPacket seq=747 A=2.602 B=65.130
[RELAY] Got status from sub, seq=747
[TX] StatusPacket seq=747 A=1.839 B=52.870
[RELAY] Got status from sub, seq=747
[RX] CmdPacket target=0xFF cmd=0x0 seq=748
[TX] Immediate reply seq=748
[FWD] Forward to sub: cmd=0x0 seq=748
[RELAY] Got status from sub, seq=748
[TX] StatusPacket seq=748 A=1.030 B=40.431
[RELAY] Got status from sub, seq=748
[TX] StatusPacket seq=748 A=0.373 B=28.587
[RELAY] Got status from sub, seq=748
[RX] CmdPacket target=0xFF cmd=0x0 seq=749
[TX] Immediate reply seq=749
[FWD] Forward to sub: cmd=0x0 seq=749
[RELAY] Got status from sub, seq=749
[TX] StatusPacket seq=749 A=0.028 B=18.074
[RELAY] Got status from sub, seq=749
[TX] StatusPacket seq=749 A=0.081 B=9.546
[RELAY] Got status from sub, seq=749
[RX] CmdPacket target=0xFF cmd=0x0 seq=750
[TX] Immediate reply seq=750
[FWD] Forward to sub: cmd=0x0 seq=750
[RELAY] Got status from sub, seq=750
[TX] StatusPacket seq=750 A=0.518 B=3.534
[RELAY] Got status from sub, seq=750
[TX] StatusPacket seq=750 A=1.231 B=0.410
[RELAY] Got status from sub, seq=750
[RX] CmdPacket target=0xFF cmd=0x0 seq=751
[TX] Immediate reply seq=751
[FWD] Forward to sub: cmd=0x0 seq=751
[RELAY] Got status from sub, seq=751
[TX] StatusPacket seq=751 A=2.048 B=0.370
[RELAY] Got status from sub, seq=751
[TX] StatusPacket seq=751 A=2.767 B=3.416
[RELAY] Got status from sub, seq=751
[RX] CmdPacket target=0xFF cmd=0x0 seq=752
[TX] Immediate reply seq=752
[FWD] Forward to sub: cmd=0x0 seq=752
[RELAY] Got status from sub, seq=752
[TX] StatusPacket seq=752 A=3.212 B=9.358
[RELAY] Got status from sub, seq=752
[TX] StatusPacket seq=752 A=3.275 B=17.827
[RELAY] Got status from sub, seq=752
[RX] CmdPacket target=0xFF cmd=0x0 seq=753
[TX] Immediate reply seq=753
[FWD] Forward to sub: cmd=0x0 seq=753
[RELAY] Got status from sub, seq=753
[TX] StatusPacket seq=753 A=2.940 B=28.296
[RELAY] Got status from sub, seq=753
[TX] StatusPacket seq=753 A=2.290 B=40.114
[RELAY] Got status from sub, seq=753
[RX] CmdPacket target=0xFF cmd=0x0 seq=754
[TX] Immediate reply seq=754
[FWD] Forward to sub: cmd=0x0 seq=754
[RELAY] Got status from sub, seq=754
[TX] StatusPacket seq=754 A=1.482 B=52.548
[RELAY] Got status from sub, seq=754
[TX] StatusPacket seq=754 A=0.716 B=64.823
[RELAY] Got status from sub, seq=754
[RX] CmdPacket target=0xFF cmd=0x0 seq=755
[TX] Immediate reply seq=755
[FWD] Forward to sub: cmd=0x0 seq=755
[RELAY] Got status from sub, seq=755
[TX] StatusPacket seq=755 A=0.178 B=76.176
[RELAY] Got status from sub, seq=755
[TX] StatusPacket seq=755 A=0.001 B=85.902
[RELAY] Got status from sub, seq=755
[RX] CmdPacket target=0xFF cmd=0x0 seq=756
[TX] Immediate reply seq=756
[FWD] Forward to sub: cmd=0x0 seq=756
[RELAY] Got status from sub, seq=756
[TX] StatusPacket seq=756 A=0.227 B=93.395
[RELAY] Got status from sub, seq=756
[TX] StatusPacket seq=756 A=0.802 B=98.191
[RELAY] Got status from sub, seq=756
[RX] CmdPacket target=0xFF cmd=0x0 seq=757
[TX] Immediate reply seq=757
[FWD] Forward to sub: cmd=0x0 seq=757
[RELAY] Got status from sub, seq=757
[TX] StatusPacket seq=757 A=1.585 B=99.990
[RELAY] Got status from sub, seq=757
[TX] StatusPacket seq=757 A=2.383 B=98.681
[RELAY] Got status from sub, seq=757
[RX] CmdPacket target=0xFF cmd=0x0 seq=758
[TX] Immediate reply seq=758
[FWD] Forward to sub: cmd=0x0 seq=758
[RELAY] Got status from sub, seq=758
[TX] StatusPacket seq=758 A=3.002 B=94.346
[RELAY] Got status from sub, seq=758
[TX] StatusPacket seq=758 A=3.290 B=87.253
[RELAY] Got status from sub, seq=758
[RX] CmdPacket target=0xFF cmd=0x0 seq=759
[TX] Immediate reply seq=759
[FWD] Forward to sub: cmd=0x0 seq=759
[RELAY] Got status from sub, seq=759
[TX] StatusPacket seq=759 A=3.175 B=77.802
[RELAY] Got status from sub, seq=759
[TX] StatusPacket seq=759 A=2.689 B=66.703
[RELAY] Got status from sub, seq=759
[TX] StatusPacket seq=759 A=1.947 B=54.524
[RX] CmdPacket target=0xFF cmd=0x0 seq=760
[TX] Immediate reply seq=760
[FWD] Forward to sub: cmd=0x0 seq=760
[RELAY] Got status from sub, seq=760
[RELAY] Got status from sub, seq=760
[TX] StatusPacket seq=760 A=1.133 B=42.064
[RELAY] Got status from sub, seq=760
[TX] StatusPacket seq=760 A=0.445 B=30.098
[RX] CmdPacket target=0xFF cmd=0x0 seq=761
[TX] Immediate reply seq=761
[FWD] Forward to sub: cmd=0x0 seq=761
[RELAY] Got status from sub, seq=761
[RELAY] Got status from sub, seq=761
[TX] StatusPacket seq=761 A=0.052 B=19.368
[RELAY] Got status from sub, seq=761
[TX] StatusPacket seq=761 A=0.050 B=10.544
[RX] CmdPacket target=0xFF cmd=0x0 seq=762
[TX] Immediate reply seq=762
[FWD] Forward to sub: cmd=0x0 seq=762
[RELAY] Got status from sub, seq=762
[RELAY] Got status from sub, seq=762
[TX] StatusPacket seq=762 A=0.440 B=4.172
[RELAY] Got status from sub, seq=762
[TX] StatusPacket seq=762 A=1.127 B=0.650
[RX] CmdPacket target=0xFF cmd=0x0 seq=763
[TX] Immediate reply seq=763
[FWD] Forward to sub: cmd=0x0 seq=763
[RELAY] Got status from sub, seq=763
[RELAY] Got status from sub, seq=763
[TX] StatusPacket seq=763 A=1.941 B=0.196
[RELAY] Got status from sub, seq=763
[TX] StatusPacket seq=763 A=2.684 B=2.839
[RX] CmdPacket target=0xFF cmd=0x0 seq=764
[TX] Immediate reply seq=764
[FWD] Forward to sub: cmd=0x0 seq=764
[RELAY] Got status from sub, seq=764
[RELAY] Got status from sub, seq=764
[TX] StatusPacket seq=764 A=3.175 B=8.442
[TX] StatusPacket seq=764 A=3.291 B=16.574
[RELAY] Got status from sub, seq=764
[RX] CmdPacket target=0xFF cmd=0x0 seq=765
[TX] Immediate reply seq=765
[FWD] Forward to sub: cmd=0x0 seq=765
[RELAY] Got status from sub, seq=765
[TX] StatusPacket seq=765 A=3.006 B=26.813
[RELAY] Got status from sub, seq=765
[TX] StatusPacket seq=765 A=2.389 B=38.494
[RELAY] Got status from sub, seq=765
[RX] CmdPacket target=0xFF cmd=0x0 seq=766
[TX] Immediate reply seq=766
[FWD] Forward to sub: cmd=0x0 seq=766
[RELAY] Got status from sub, seq=766
[TX] StatusPacket seq=766 A=1.591 B=50.890
[RELAY] Got status from sub, seq=766
[TX] StatusPacket seq=766 A=0.808 B=63.230
[RELAY] Got status from sub, seq=766
[RX] CmdPacket target=0xFF cmd=0x0 seq=767
[TX] Immediate reply seq=767
[FWD] Forward to sub: cmd=0x0 seq=767
[RELAY] Got status from sub, seq=767
[TX] StatusPacket seq=767 A=0.231 B=74.748
[RELAY] Got status from sub, seq=767
[TX] StatusPacket seq=767 A=0.001 B=84.727
[RELAY] Got status from sub, seq=767
[RX] CmdPacket target=0xFF cmd=0x0 seq=768
[TX] Immediate reply seq=768
[FWD] Forward to sub: cmd=0x0 seq=768
[RELAY] Got status from sub, seq=768
[TX] StatusPacket seq=768 A=0.175 B=92.548
[RELAY] Got status from sub, seq=768
[TX] StatusPacket seq=768 A=0.710 B=97.722
[RELAY] Got status from sub, seq=768
[RX] CmdPacket target=0xFF cmd=0x0 seq=769
[TX] Immediate reply seq=769
[FWD] Forward to sub: cmd=0x0 seq=769
[RELAY] Got status from sub, seq=769
[TX] StatusPacket seq=769 A=1.475 B=99.930
[RELAY] Got status from sub, seq=769
[TX] StatusPacket seq=769 A=2.283 B=99.033
[RELAY] Got status from sub, seq=769
[RX] CmdPacket target=0xFF cmd=0x0 seq=770
[TX] Immediate reply seq=770
[FWD] Forward to sub: cmd=0x0 seq=770
[RELAY] Got status from sub, seq=770
[TX] StatusPacket seq=770 A=2.936 B=95.087
[RELAY] Got status from sub, seq=770
[TX] StatusPacket seq=770 A=3.274 B=88.339
[RELAY] Got status from sub, seq=770
