[TX] Status seq=1070 A=0.141 B=153.188
[RX] ForwardPacket from=0x2 target=0xFF cmd=0x0 seq=1071
[TX] Immediate reply seq=1071
[TX] Status seq=1071 A=1.338 B=1[TX] Status seq=1080 A=3.588 B=24.713
[TX] Status seq=1080 A=4.830 B=35.394
[RX] ForwardPacket from=0x2 target=0xFF cmd=0x0 seq=1081
[TX] Immediate reply seq=1081
[TX] Status seq=1081 A=4.822 B=47.525
[TX] Status seq=1081 A=3.568 B=60.837
[RX] ForwardPacket from=0x2 target=0xFF cmd=0x0 seq=1082
[TX] Immediate reply seq=1082
[TX] Status seq=1082 A=1.740 B=75.027
[TX] Status seq=1082 A=0.321 B=89.777
[RX] ForwardPacket from=0x2 target=0xFF cmd=0x0 seq=1083
[TX] Immediate reply seq=1083
[TX] Status seq=1083 A=0.070 B=104.757
[TX] Status seq=1083 A=1.124 B=119.629
[RX] ForwardPacket from=0x2 target=0xFF cmd=0x0 seq=1084
[TX] Immediate reply seq=1084
[TX] Status seq=1084 A=2.916 B=134.064
[TX] Status seq=1084 A=4.485 B=147.731
[RX] ForwardPacket from=0x2 target=0xFF cmd=0x0 seq=1085
[TX] Immediate reply seq=1085
[TX] Status seq=1085 A=4.988 B=160.327
[TX] Status seq=1085 A=4.157 B=171.567
[RX] ForwardPacket from=0x2 target=0xFF cmd=0x0 seq=1086
[TX] Immediate reply seq=1086
[TX] Status seq=1086 A=2.436 B=181.200
[TX] Status seq=1086 A=0.750 B=189.012
[RX] ForwardPacket from=0x2 target=0xFF cmd=0x0 seq=1087
[TX] Immediate reply seq=1087
[TX] Status seq=1087 A=0.003 B=194.822
[TX] Status seq=1087 A=0.595 B=198.504
[RX] ForwardPacket from=0x2 target=0xFF cmd=0x0 seq=1088
[TX] Immediate reply seq=1088
[TX] Status seq=1088 A=2.210 B=199.973
[TX] Status seq=1088 A=3.981 B=199.197
[RX] ForwardPacket from=0x2 target=0xFF cmd=0x0 seq=1089
[TX] Immediate reply seq=1089
[TX] Status seq=1089 A=4.956 B=196.193
[TX] Status seq=1089 A=4.614 B=191.030
[RX] ForwardPacket from=0x2 target=0xFF cmd=0x0 seq=1090
[TX] Immediate reply seq=1090
[TX] Status seq=1090 A=3.137 B=183.822
[TX] Status seq=1090 A=1.318 B=174.731
[RX] ForwardPacket from=0x2 target=0xFF cmd=0x0 seq=1091
[TX] Immediate reply seq=1091
[TX] Status seq=1091 A=0.134 B=163.963
[TX] Status seq=1091 A=0.219 B=151.755
[RX] ForwardPacket from=0x2 target=0xFF cmd=0x0 seq=1092
[TX] Immediate reply seq=1092
[TX] Status seq=1092 A=1.528 B=138.388
[TX] Status seq=1092 A=3.359 B=124.159
[RX] ForwardPacket from=0x2 target=0xFF cmd=0x0 seq=1093
[TX] Immediate reply seq=1093
[TX] Status seq=1093 A=4.729 B=109.387
[TX] Status seq=1093 A=4.903 B=94.404
[RX] ForwardPacket from=0x2 target=0xFF cmd=0x0 seq=1094
[TX] Immediate reply seq=1094
[TX] Status seq=1094 A=3.787 B=79.544
[TX] Status seq=1094 A=1.981 B=65.147
[RX] ForwardPacket from=0x2 target=0xFF cmd=0x0 seq=1095
[TX] Immediate reply seq=1095
[TX] Status seq=1095 A=0.453 B=51.532
[TX] Status seq=1095 A=0.024 B=39.006
[RX] ForwardPacket from=0x2 target=0xFF cmd=0x0 seq=1096
[TX] Immediate reply seq=1096
[TX] Status seq=1096 A=0.923 B=27.849
[TX] Status seq=1096 A=2.669 B=18.310
[RX] ForwardPacket from=0x2 target=0xFF cmd=0x0 seq=1097
[TX] Immediate reply seq=1097
[TX] Status seq=1097 A=4.324 B=10.609
[TX] Status seq=1097 A=5.000 B=4.914
[RX] ForwardPacket from=0x2 target=0xFF cmd=0x0 seq=1098
[TX] Immediate reply seq=1098
[TX] Status seq=1098 A=4.335 B=1.355
[TX] Status seq=1098 A=2.685 B=0.011
[RX] ForwardPacket from=0x2 target=0xFF cmd=0x0 seq=1099
[TX] Immediate reply seq=1099
[TX] Status seq=1099 A=0.936 B=0.913
[TX] Status seq=1099 A=0.026 B=4.040
[RX] ForwardPacket from=0x2 target=0xFF cmd=0x0 seq=1100
[TX] Immediate reply seq=1100
[TX] Status seq=1100 A=0.444 B=9.321
[TX] Status seq=1100 A=1.965 B=16.640
[RX] ForwardPacket from=0x2 target=0xFF cmd=0x0 seq=1101
[TX] Immediate reply seq=1101
[TX] Status seq=1101 A=3.773 B=25.830
[TX] Status seq=1101 A=4.898 B=36.688
[TX] Status seq=1101 A=4.736 B=48.965
[TX] Status seq=1101 A=3.374 B=62.389
[TX] Status seq=1101 A=1.543 B=76.657
[TX] Status seq=1101 A=0.226 B=91.450
[RX] ForwardPacket from=0x2 target=0xFF cmd=0x0 seq=1104
[TX] Immediate reply seq=1104
[TX] Status seq=1104 A=0.128 B=106.437
[TX] Status seq=1104 A=1.304 B=121.277
[RX] ForwardPacket from=0x2 target=0xFF cmd=0x0 seq=1105
[TX] Immediate reply seq=1105
[TX] Status seq=1105 A=3.121 B=135.639
[TX] Status seq=1105 A=4.605 B=149.201
[RX] ForwardPacket from=0x2 target=0xFF cmd=0x0 seq=1106
[TX] Immediate reply seq=1106
[TX] Status seq=1106 A=4.959 B=161.658
[TX] Status seq=1106 A=3.994 B=172.733
[RX] ForwardPacket from=0x2 target=0xFF cmd=0x0 seq=1107
[TX] Immediate reply seq=1107
[TX] Status seq=1107 A=2.227 B=182.171
[TX] Status seq=1107 A=0.606 B=189.765
[RX] ForwardPacket from=0x2 target=0xFF cmd=0x0 seq=1108
[TX] Immediate reply seq=1108
[TX] Status seq=1108 A=0.002 B=195.343
[TX] Status seq=1108 A=0.738 B=198.779
[RX] ForwardPacket from=0x2 target=0xFF cmd=0x0 seq=1109
[TX] Immediate reply seq=1109
[TX] Status seq=1109 A=2.420 B=199.998
[TX] Status seq=1109 A=4.145 B=198.971
[RX] ForwardPacket from=0x2 target=0xFF cmd=0x0 seq=1110
[TX] Immediate reply seq=1110
[TX] Status seq=1110 A=4.987 B=195.721
[TX] Status seq=1110 A=4.494 B=190.321
[RX] ForwardPacket from=0x2 target=0xFF cmd=0x0 seq=1111
[TX] Immediate reply seq=1111
[TX] Status seq=1111 A=2.932 B=182.893
[TX] Status seq=1111 A=1.138 B=173.602
[RX] ForwardPacket from=0x2 target=0xFF cmd=0x0 seq=1112
[TX] Immediate reply seq=1112
[TX] Status seq=1112 A=0.074 B=162.660
[TX] Status seq=1112 A=0.313 B=150.311
[RX] ForwardPacket from=0x2 target=0xFF cmd=0x0 seq=1113
[TX] Immediate reply seq=1113
[TX] Status seq=1113 A=1.725 B=136.831
[TX] Status seq=1113 A=3.553 B=122.525
[RX] ForwardPacket from=0x2 target=0xFF cmd=0x0 seq=1114
[TX] Immediate reply seq=1114
[TX] Status seq=1114 A=4.816 B=107.710
[TX] Status seq=1114 A=4.836 B=92.725
[RX] ForwardPacket from=0x2 target=0xFF cmd=0x0 seq=1115
[TX] Immediate reply seq=1115
[TX] Status seq=1115 A=3.603 B=77.903
[TX] Status seq=1115 A=1.777 B=63.577
[RX] ForwardPacket from=0x2 target=0xFF cmd=0x0 seq=1116
[TX] Immediate reply seq=1116
[TX] Status seq=1116 A=0.340 B=50.069
[TX] Status seq=1116 A=0.062 B=37.680
[RX] ForwardPacket from=0x2 target=0xFF cmd=0x0 seq=1117
[TX] Immediate reply seq=1117
[TX] Status seq=1117 A=1.092 B=26.693
[TX] Status seq=1117 A=2.878 B=17.353
[RX] ForwardPacket from=0x2 target=0xFF cmd=0x0 seq=1118
[TX] Immediate reply seq=1118
[TX] Status seq=1118 A=4.461 B=9.868
[TX] Status seq=1118 A=4.992 B=4.407
[RX] ForwardPacket from=0x2 target=0xFF cmd=0x0 seq=1119
[TX] Immediate reply seq=1119
[TX] Status seq=1119 A=4.186 B=1.093
[TX] Status seq=1119 A=2.475 B=0.000
[RX] ForwardPacket from=0x2 target=0xFF cmd=0x0 seq=1120
[TX] Immediate reply seq=1120
[TX] Status seq=1120 A=0.778 B=1.153
[TX] Status seq=1120 A=0.005 B=4.526
[RX] ForwardPacket from=0x2 target=0xFF cmd=0x0 seq=1121
[TX] Immediate reply seq=1121
[TX] Status seq=1121 A=0.571 B=10.043
[TX] Status seq=1121 A=2.172 B=17.581
[RX] ForwardPacket from=0x2 target=0xFF cmd=0x0 seq=1122
[TX] Immediate reply seq=1122
[TX] Status seq=1122 A=3.949 B=26.969
[TX] Status seq=1122 A=4.949 B=37.997
[RX] ForwardPacket from=0x2 target=0xFF cmd=0x0 seq=1123
[TX] Immediate reply seq=1123
[TX] Status seq=1123 A=4.634 B=50.417
[TX] Status seq=1123 A=3.174 B=63.951
[RX] ForwardPacket from=0x2 target=0xFF cmd=0x0 seq=1124
[TX] Immediate reply seq=1124
[TX] Status seq=1124 A=1.353 B=78.297
[TX] Status seq=1124 A=0.146 B=93.128
[RX] ForwardPacket from=0x2 target=0xFF cmd=0x0 seq=1125
[TX] Immediate reply seq=1125
[TX] Status seq=1125 A=0.203 B=108.113
[TX] Status seq=1125 A=1.493 B=122.916
[RX] ForwardPacket from=0x2 target=0xFF cmd=0x0 seq=1126
[TX] Immediate reply seq=1126
[TX] Status seq=1126 A=3.322 B=137.204
[TX] Status seq=1126 A=4.711 B=150.660
[RX] ForwardPacket from=0x2 target=0xFF cmd=0x0 seq=1127
[TX] Immediate reply seq=1127
[TX] Status seq=1127 A=4.913 B=162.975
[TX] Status seq=1127 A=3.820 B=173.875
[RX] ForwardPacket from=0x2 target=0xFF cmd=0x0 seq=1128
[TX] Immediate reply seq=1128
[TX] Status seq=1128 A=2.019 B=183.117
[TX] Status seq=1128 A=0.476 B=190.493
[RX] ForwardPacket from=0x2 target=0xFF cmd=0x0 seq=1129
[TX] Immediate reply seq=1129
[TX] Status seq=1129 A=0.019 B=195.837
[TX] Status seq=1129 A=0.893 B=199.028
[RX] ForwardPacket from=0x2 target=0xFF cmd=0x0 seq=1130
[TX] Immediate reply seq=1130
[TX] Status seq=1130 A=2.630 B=199.995
[TX] Status seq=1130 A=4.297 B=198.716
[RX] ForwardPacket from=0x2 target=0xFF cmd=0x0 seq=1131
[TX] Immediate reply seq=1131
[TX] Status seq=1131 A=5.000 B=195.221
[TX] Status seq=1131 A=4.361 B=189.586
[RX] ForwardPacket from=0x2 target=0xFF cmd=0x0 seq=1132
[TX] Immediate reply seq=1132
[TX] Status seq=1132 A=2.724 B=181.940
[TX] Status seq=1132 A=0.966 B=172.454
[RX] ForwardPacket from=0x2 target=0xFF cmd=0x0 seq=1133
[TX] Immediate reply seq=1133
[TX] Status seq=1133 A=0.032 B=161.342
[TX] Status seq=1133 A=0.422 B=148.851
[RX] ForwardPacket from=0x2 target=0xFF cmd=0x0 seq=1134
[TX] Immediate reply seq=1134
[TX] Status seq=1134 A=1.927 B=135.261
[TX] Status seq=1134 A=3.740 B=120.882
[RX] ForwardPacket from=0x2 target=0xFF cmd=0x0 seq=1135
[TX] Immediate reply seq=1135
[TX] Status seq=1135 A=4.887 B=106.034
[TX] Status seq=1135 A=4.753 B=91.050
[RX] ForwardPacket from=0x2 target=0xFF cmd=0x0 seq=1136
[TX] Immediate reply seq=1136
[TX] Status seq=1136 A=3.410 B=76.267
[TX] Status seq=1136 A=1.579 B=62.015
[RX] ForwardPacket from=0x2 target=0xFF cmd=0x0 seq=1137
[TX] Immediate reply seq=1137
[TX] Status seq=1137 A=0.242 B=48.618
[TX] Status seq=1137 A=0.116 B=36.375
[RX] ForwardPacket from=0x2 target=0xFF cmd=0x0 seq=1138
[TX] Immediate reply seq=1138
[TX] Status seq=1138 A=1.270 B=25.561
[TX] Status seq=1138 A=3.084 B=16.419
[RX] ForwardPacket from=0x2 target=0xFF cmd=0x0 seq=1139
[TX] Immediate reply seq=1139
[TX] Status seq=1139 A=4.584 B=9.152
[TX] Status seq=1139 A=4.966 B=3.927
[RX] ForwardPacket from=0x2 target=0xFF cmd=0x0 seq=1140
[TX] Immediate reply seq=1140
[TX] Status seq=1140 A=4.025 B=0.859
[TX] Status seq=1140 A=2.265 B=0.018
[RX] ForwardPacket from=0x2 target=0xFF cmd=0x0 seq=1141
[TX] Immediate reply seq=1141
[TX] Status seq=1141 A=0.632 B=1.422
[TX] Status seq=1141 A=0.001 B=5.040
[RX] ForwardPacket from=0x2 target=0xFF cmd=0x0 seq=1142
[TX] Immediate reply seq=1142
[TX] Status seq=1142 A=0.711 B=10.791
[TX] Status seq=1142 A=2.381 B=18.544
[RX] ForwardPacket from=0x2 target=0xFF cmd=0x0 seq=1143
[TX] Immediate reply seq=1143
[TX] Status seq=1143 A=4.115 B=28.127
[TX] Status seq=1143 A=4.983 B=39.324
[RX] ForwardPacket from=0x2 target=0xFF cmd=0x0 seq=1144
[TX] Immediate reply seq=1144
[TX] Status seq=1144 A=4.518 B=51.886
[TX] Status seq=1144 A=2.970 B=65.526
[RX] ForwardPacket from=0x2 target=0xFF cmd=0x0 seq=1145
[TX] Immediate reply seq=1145
[TX] Status seq=1145 A=1.170 B=79.940
[TX] Status seq=1145 A=0.084 B=94.805
[RX] ForwardPacket from=0x2 target=0xFF cmd=0x0 seq=1146
[TX] Immediate reply seq=1146
[TX] Status seq=1146 A=0.294 B=109.786
[TX] Status seq=1146 A=1.688 B=124.551
[RX] ForwardPacket from=0x2 target=0xFF cmd=0x0 seq=1147
[TX] Immediate reply seq=1147
[TX] Status seq=1147 A=3.518 B=138.761
[TX] Status seq=1147 A=4.801 B=152.101
[RX] ForwardPacket from=0x2 target=0xFF cmd=0x0 seq=1148
[TX] Immediate reply seq=1148
[TX] Status seq=1148 A=4.850 B=164.271
[TX] Status seq=1148 A=3.637 B=174.997
[RX] ForwardPacket from=0x2 target=0xFF cmd=0x0 seq=1149
[TX] Immediate reply seq=1149
[TX] Status seq=1149 A=1.815 B=184.041
[TX] Status seq=1149 A=0.360 B=191.196
[RX] ForwardPacket from=0x2 target=0xFF cmd=0x0 seq=1150
[TX] Immediate reply seq=1150
[TX] Status seq=1150 A=0.053 B=196.303
[TX] Status seq=1150 A=1.060 B=199.247
[RX] ForwardPacket from=0x2 target=0xFF cmd=0x0 seq=1151
[TX] Immediate reply seq=1151
[TX] Status seq=1151 A=2.839 B=199.963
[TX] Status seq=1151 A=4.437 B=198.433
[RX] ForwardPacket from=0x2 target=0xFF cmd=0x0 seq=1152
[TX] Immediate reply seq=1152
[TX] Status seq=1152 A=4.995 B=194.693
[TX] Status seq=1152 A=4.214 B=188.827
[RX] ForwardPacket from=0x2 target=0xFF cmd=0x0 seq=1153
[TX] Immediate reply seq=1153
[TX] Status seq=1153 A=2.514 B=180.966
[TX] Status seq=1153 A=0.806 B=171.286
[RX] ForwardPacket from=0x2 target=0xFF cmd=0x0 seq=1154
[TX] Immediate reply seq=1154
[TX] Status seq=1154 A=0.007 B=160.004
[TX] Status seq=1154 A=0.546 B=147.376
[RX] ForwardPacket from=0x2 target=0xFF cmd=0x0 seq=1155
[TX] Immediate reply seq=1155
[TX] Status seq=1155 A=2.134 B=133.684
[TX] Status seq=1155 A=3.918 B=119.236
[RX] ForwardPacket from=0x2 target=0xFF cmd=0x0 seq=1156
[TX] Immediate reply seq=1156
[TX] Status seq=1156 A=4.941 B=104.356
[TX] Status seq=1156 A=4.654 B=89.375
[RX] ForwardPacket from=0x2 target=0xFF cmd=0x0 seq=1157
[TX] Immediate reply seq=1157
[TX] Status seq=1157 A=3.212 B=74.635
[TX] Status seq=1157 A=1.387 B=60.466
[RX] ForwardPacket from=0x2 target=0xFF cmd=0x0 seq=1158
[TX] Immediate reply seq=1158
[TX] Status seq=1158 A=0.160 B=47.184
[TX] Status seq=1158 A=0.188 B=35.088
[RX] ForwardPacket from=0x2 target=0xFF cmd=0x0 seq=1159
[TX] Immediate reply seq=1159
[TX] Status seq=1159 A=1.457 B=24.448
[TX] Status seq=1159 A=3.286 B=15.506
[RX] ForwardPacket from=0x2 target=0xFF cmd=0x0 seq=1160
[TX] Immediate reply seq=1160
[TX] Status seq=1160 A=4.693 B=8.462
[TX] Status seq=1160 A=4.923 B=3.474
[RX] ForwardPacket from=0x2 target=0xFF cmd=0x0 seq=1161
[TX] Immediate reply seq=1161
[TX] Status seq=1161 A=3.853 B=0.653
[TX] Status seq=1161 A=2.057 B=0.064
[RX] ForwardPacket from=0x2 target=0xFF cmd=0x0 seq=1162
[TX] Immediate reply seq=1162
[TX] Status seq=1162 A=0.499 B=1.718
[TX] Status seq=1162 A=0.014 B=5.580
[RX] ForwardPacket from=0x2 target=0xFF cmd=0x0 seq=1163
[TX] Immediate reply seq=1163
[TX] Status seq=1163 A=0.864 B=11.562
[TX] Status seq=1163 A=2.591 B=19.530
[RX] ForwardPacket from=0x2 target=0xFF cmd=0x0 seq=1164
[TX] Immediate reply seq=1164
[TX] Status seq=1164 A=4.270 B=29.308
[TX] Status seq=1164 A=4.999 B=40.671
[RX] ForwardPacket from=0x2 target=0xFF cmd=0x0 seq=1165
[TX] Immediate reply seq=1165
[TX] Status seq=1165 A=4.386 B=53.366
[TX] Status seq=1165 A=2.762 B=67.108
[RX] ForwardPacket from=0x2 target=0xFF cmd=0x0 seq=1166
[TX] Immediate reply seq=1166
[TX] Status seq=1166 A=0.997 B=81.589
[TX] Status seq=1166 A=0.039 B=96.487
[RX] ForwardPacket from=0x2 target=0xFF cmd=0x0 seq=1167
[TX] Immediate reply seq=1167
[TX] Status seq=1167 A=0.401 B=111.460
[TX] Status seq=1167 A=1.890 B=126.176
[RX] ForwardPacket from=0x2 target=0xFF cmd=0x0 seq=1168
[TX] Immediate reply seq=1168
[TX] Status seq=1168 A=3.706 B=140.305
[TX] Status seq=1168 A=4.875 B=153.528
[RX] ForwardPacket from=0x2 target=0xFF cmd=0x0 seq=1169
[TX] Immediate reply seq=1169
[TX] Status seq=1169 A=4.770 B=165.551
[TX] Status seq=1169 A=3.446 B=176.100
[RX] ForwardPacket from=0x2 target=0xFF cmd=0x0 seq=1170
[TX] Immediate reply seq=1170
[TX] Status seq=1170 A=1.615 B=184.940
[TX] Status seq=1170 A=0.259 B=191.873
[RX] ForwardPacket from=0x2 target=0xFF cmd=0x0 seq=1171
[TX] Immediate reply seq=1171
[TX] Status seq=1171 A=0.105 B=196.742
[TX] Status seq=1171 A=1.237 B=199.439
[RX] ForwardPacket from=0x2 target=0xFF cmd=0x0 seq=1172
[TX] Immediate reply seq=1172
[TX] Status seq=1172 A=3.046 B=199.903
[TX] Status seq=1172 A=4.562 B=198.123
[RX] ForwardPacket from=0x2 target=0xFF cmd=0x0 seq=1173
[TX] Immediate reply seq=1173
[TX] Status seq=1173 A=4.972 B=194.140
[TX] Status seq=1173 A=4.055 B=188.042
[RX] ForwardPacket from=0x2 target=0xFF cmd=0x0 seq=1174
[TX] Immediate reply seq=1174
[TX] Status seq=1174 A=2.304 B=179.966
[TX] Status seq=1174 A=0.658 B=170.096
[RX] ForwardPacket from=0x2 target=0xFF cmd=0x0 seq=1175
[TX] Immediate reply seq=1175
[TX] Status seq=1175 A=0.000 B=158.651
[TX] Status seq=1175 A=0.684 B=145.889
[RX] ForwardPacket from=0x2 target=0xFF cmd=0x0 seq=1176
[TX] Immediate reply seq=1176
[TX] Status seq=1176 A=2.343 B=132.097
[TX] Status seq=1176 A=4.086 B=117.581
[RX] ForwardPacket from=0x2 target=0xFF cmd=0x0 seq=1177
[TX] Immediate reply seq=1177
[TX] Status seq=1177 A=4.978 B=102.674
[TX] Status seq=1177 A=4.540 B=87.706
[RX] ForwardPacket from=0x2 target=0xFF cmd=0x0 seq=1178
[TX] Immediate reply seq=1178
[TX] Status seq=1178 A=3.008 B=73.014
[TX] Status seq=1178 A=1.203 B=58.928
[RX] ForwardPacket from=0x2 target=0xFF cmd=0x0 seq=1179
[TX] Immediate reply seq=1179
[TX] Status seq=1179 A=0.094 B=45.762
[TX] Status seq=1179 A=0.276 B=33.817
[RX] ForwardPacket from=0x2 target=0xFF cmd=0x0 seq=1180
[TX] Immediate reply seq=1180
[TX] Status seq=1180 A=1.652 B=23.358
[TX] Status seq=1180 A=3.482 B=14.620
[RX] ForwardPacket from=0x2 target=0xFF cmd=0x0 seq=1181
[TX] Immediate reply seq=1181
[TX] Status seq=1181 A=4.786 B=7.799
[TX] Status seq=1181 A=4.863 B=3.048
[RX] ForwardPacket from=0x2 target=0xFF cmd=0x0 seq=1182
[TX] Immediate reply seq=1182
[TX] Status seq=1182 A=3.672 B=0.475
[TX] Status seq=1182 A=1.852 B=0.138
[RX] ForwardPacket from=0x2 target=0xFF cmd=0x0 seq=1183
[TX] Immediate reply seq=1183
[TX] Status seq=1183 A=0.380 B=2.042
[TX] Status seq=1183 A=0.046 B=6.147
[RX] ForwardPacket from=0x2 target=0xFF cmd=0x0 seq=1184
[TX] Immediate reply seq=1184
[TX] Status seq=1184 A=1.028 B=12.361
[TX] Status seq=1184 A=2.801 B=20.541
[RX] ForwardPacket from=0x2 target=0xFF cmd=0x0 seq=1185
[TX] Immediate reply seq=1185
[TX] Status seq=1185 A=4.412 B=30.506
[TX] Status seq=1185 A=4.997 B=42.031
[RX] ForwardPacket from=0x2 target=0xFF cmd=0x0 seq=1186
[TX] Immediate reply seq=1186
[TX] Status seq=1186 A=4.242 B=54.859
[TX] Status seq=1186 A=2.552 B=68.702
[RX] ForwardPacket from=0x2 target=0xFF cmd=0x0 seq=1187
[TX] Immediate reply seq=1187
[TX] Status seq=1187 A=0.835 B=83.246
[TX] Status seq=1187 A=0.011 B=98.166
[RX] ForwardPacket from=0x2 target=0xFF cmd=0x0 seq=1188
[TX] Immediate reply seq=1188
[TX] Status seq=1188 A=0.522 B=113.128
[TX] Status seq=1188 A=2.095 B=127.794
[RX] ForwardPacket from=0x2 target=0xFF cmd=0x0 seq=1189
[TX] Immediate reply seq=1189
[TX] Status seq=1189 A=3.886 B=141.839
[TX] Status seq=1189 A=4.932 B=154.942
[RX] ForwardPacket from=0x2 target=0xFF cmd=0x0 seq=1190
[TX] Immediate reply seq=1190
[TX] Status seq=1190 A=4.674 B=166.811
[TX] Status seq=1190 A=3.249 B=177.179
[RX] ForwardPacket from=0x2 target=0xFF cmd=0x0 seq=1191
[TX] Immediate reply seq=1191
[TX] Status seq=1191 A=1.422 B=185.815
[TX] Status seq=1191 A=0.174 B=192.524
[RX] ForwardPacket from=0x2 target=0xFF cmd=0x0 seq=1192
[TX] Immediate reply seq=1192
[TX] Status seq=1192 A=0.174 B=197.155
[TX] Status seq=1192 A=1.422 B=199.603
[RX] ForwardPacket from=0x2 target=0xFF cmd=0x0 seq=1193
[TX] Immediate reply seq=1193
[TX] Status seq=1193 A=3.249 B=199.815
[TX] Status seq=1193 A=4.674 B=197.785
[RX] ForwardPacket from=0x2 target=0xFF cmd=0x0 seq=1194
[TX] Immediate reply seq=1194
[TX] Status seq=1194 A=4.932 B=193.559
[TX] Status seq=1194 A=3.885 B=187.232
[RX] ForwardPacket from=0x2 target=0xFF cmd=0x0 seq=1195
[TX] Immediate reply seq=1195
[TX] Status seq=1195 A=2.095 B=178.946
[TX] Status seq=1195 A=0.522 B=168.887
[RX] ForwardPacket from=0x2 target=0xFF cmd=0x0 seq=1196
[TX] Immediate reply seq=1196
[TX] Status seq=1196 A=0.011 B=157.282
[TX] Status seq=1196 A=0.835 B=144.387
[RX] ForwardPacket from=0x2 target=0xFF cmd=0x0 seq=1197
[TX] Immediate reply seq=1197
[TX] Status seq=1197 A=2.553 B=130.499
[TX] Status seq=1197 A=4.242 B=115.925
[RX] ForwardPacket from=0x2 target=0xFF cmd=0x0 seq=1198
[TX] Immediate reply seq=1198
[TX] Status seq=1198 A=4.997 B=100.994
[TX] Status seq=1198 A=4.412 B=86.040
[RX] ForwardPacket from=0x2 target=0xFF cmd=0x0 seq=1199
[TX] Immediate reply seq=1199
[TX] Status seq=1199 A=2.801 B=71.397
[TX] Status seq=1199 A=1.028 B=57.399
[RX] ForwardPacket from=0x2 target=0xFF cmd=0x0 seq=1200
[TX] Immediate reply seq=1200
[TX] Status seq=1200 A=0.046 B=44.358
[TX] Status seq=1200 A=0.380 B=32.566
[RX] ForwardPacket from=0x2 target=0xFF cmd=0x0 seq=1201
[TX] Immediate reply seq=1201
[TX] Status seq=1201 A=1.852 B=22.289
[TX] Status seq=1201 A=3.672 B=13.755
[RX] ForwardPacket from=0x2 target=0xFF cmd=0x0 seq=1202
[TX] Immediate reply seq=1202
[TX] Status seq=1202 A=4.863 B=7.160
[TX] Status seq=1202 A=4.786 B=2.650
[RX] ForwardPacket from=0x2 target=0xFF cmd=0x0 seq=1203
[TX] Immediate reply seq=1203
[TX] Status seq=1203 A=3.482 B=0.326
[TX] Status seq=1203 A=1.651 B=0.240
[RX] ForwardPacket from=0x2 target=0xFF cmd=0x0 seq=1204
[TX] Immediate reply seq=1204
[TX] Status seq=1204 A=0.276 B=2.395
[TX] Status seq=1204 A=0.094 B=6.741
[RX] ForwardPacket from=0x2 target=0xFF cmd=0x0 seq=1205
[TX] Immediate reply seq=1205
[TX] Status seq=1205 A=1.203 B=13.182
[TX] Status seq=1205 A=3.008 B=21.572
[RX] ForwardPacket from=0x2 target=0xFF cmd=0x0 seq=1206
[TX] Immediate reply seq=1206
[TX] Status seq=1206 A=4.540 B=31.724
[TX] Status seq=1206 A=4.978 B=43.411
[RX] ForwardPacket from=0x2 target=0xFF cmd=0x0 seq=1207
[TX] Immediate reply seq=1207
[TX] Status seq=1207 A=4.085 B=56.367
[TX] Status seq=1207 A=2.342 B=70.303
[RX] ForwardPacket from=0x2 target=0xFF cmd=0x0 seq=1208
[TX] Immediate reply seq=1208
[TX] Status seq=1208 A=0.684 B=84.905
[TX] Status seq=1208 A=0.000 B=99.847
[RX] ForwardPacket from=0x2 target=0xFF cmd=0x0 seq=1209
[TX] Immediate reply seq=1209
[TX] Status seq=1209 A=0.658 B=114.794
[TX] Status seq=1209 A=2.304 B=129.407
[RX] ForwardPacket from=0x2 target=0xFF cmd=0x0 seq=1210
[TX] Immediate reply seq=1210
[TX] Status seq=1210 A=4.055 B=143.359
[TX] Status seq=1210 A=4.972 B=156.338
[RX] ForwardPacket from=0x2 target=0xFF cmd=0x0 seq=1211
[TX] Immediate reply seq=1211
[TX] Status seq=1211 A=4.562 B=168.052
[TX] Status seq=1211 A=3.046 B=178.239
[RX] ForwardPacket from=0x2 target=0xFF cmd=0x0 seq=1212
[TX] Immediate reply seq=1212
[TX] Status seq=1212 A=1.236 B=186.667
[TX] Status seq=1212 A=0.105 B=193.149
[RX] ForwardPacket from=0x2 target=0xFF cmd=0x0 seq=1213
[TX] Immediate reply seq=1213
[TX] Status seq=1213 A=0.259 B=197.539
[TX] Status seq=1213 A=1.615 B=199.739
[RX] ForwardPacket from=0x2 target=0xFF cmd=0x0 seq=1214
[TX] Immediate reply seq=1214
[TX] Status seq=1214 A=3.447 B=199.698
[TX] Status seq=1214 A=4.770 B=197.419
[RX] ForwardPacket from=0x2 target=0xFF cmd=0x0 seq=1215
[TX] Immediate reply seq=1215
[TX] Status seq=1215 A=4.875 B=192.952
[TX] Status seq=1215 A=3.706 B=186.398
[RX] ForwardPacket from=0x2 target=0xFF cmd=0x0 seq=1216
[TX] Immediate reply seq=1216
[TX] Status seq=1216 A=1.889 B=177.904
[TX] Status seq=1216 A=0.401 B=167.658
[RX] ForwardPacket from=0x2 target=0xFF cmd=0x0 seq=1217
[TX] Immediate reply seq=1217
[TX] Status seq=1217 A=0.039 B=155.894
[TX] Status seq=1217 A=0.997 B=142.876
[RX] ForwardPacket from=0x2 target=0xFF cmd=0x0 seq=1218
[TX] Immediate reply seq=1218
[TX] Status seq=1218 A=2.762 B=128.894
[TX] Status seq=1218 A=4.387 B=114.264
[RX] ForwardPacket from=0x2 target=0xFF cmd=0x0 seq=1219
[TX] Immediate reply seq=1219
[TX] Status seq=1219 A=4.999 B=99.310
[TX] Status seq=1219 A=4.270 B=84.375
[RX] ForwardPacket from=0x2 target=0xFF cmd=0x0 seq=1220
[TX] Immediate reply seq=1220
[TX] Status seq=1220 A=2.591 B=69.791
[TX] Status seq=1220 A=0.864 B=55.885
[RX] ForwardPacket from=0x2 target=0xFF cmd=0x0 seq=1221
[TX] Immediate reply seq=1221
[TX] Status seq=1221 A=0.014 B=42.970
[TX] Status seq=1221 A=0.499 B=31.333
[RX] ForwardPacket from=0x2 target=0xFF cmd=0x0 seq=1222
[TX] Immediate reply seq=1222
[TX] Status seq=1222 A=2.057 B=21.241
[TX] Status seq=1222 A=3.853 B=12.917
[RX] ForwardPacket from=0x2 target=0xFF cmd=0x0 seq=1223
[TX] Immediate reply seq=1223
[TX] Status seq=1223 A=4.923 B=6.549
[TX] Status seq=1223 A=4.693 B=2.279
[TX] Status seq=1223 A=3.286 B=0.204
[TX] Status seq=1223 A=1.457 B=0.370
[RX] ForwardPacket from=0x2 target=0xFF cmd=0x0 seq=1225
[TX] Immediate reply seq=1225
[TX] Status seq=1225 A=0.188 B=2.774
[TX] Status seq=1225 A=0.160 B=7.361
[RX] ForwardPacket from=0x2 target=0xFF cmd=0x0 seq=1226
[TX] Immediate reply seq=1226
[TX] Status seq=1226 A=1.387 B=14.028
[TX] Status seq=1226 A=3.212 B=22.628
[RX] ForwardPacket from=0x2 target=0xFF cmd=0x0 seq=1227
[TX] Immediate reply seq=1227
[TX] Status seq=1227 A=4.654 B=32.963
[TX] Status seq=1227 A=4.941 B=44.804
[RX] ForwardPacket from=0x2 target=0xFF cmd=0x0 seq=1228
[TX] Immediate reply seq=1228
[TX] Status seq=1228 A=3.917 B=57.885
[TX] Status seq=1228 A=2.133 B=71.911
[RX] ForwardPacket from=0x2 target=0xFF cmd=0x0 seq=1229
[TX] Immediate reply seq=1229
[TX] Status seq=1229 A=0.546 B=86.571
[TX] Status seq=1229 A=0.007 B=101.530
[RX] ForwardPacket from=0x2 target=0xFF cmd=0x0 seq=1230
[TX] Immediate reply seq=1230
[TX] Status seq=1230 A=0.806 B=116.454
[TX] Status seq=1230 A=2.514 B=131.009
[RX] ForwardPacket from=0x2 target=0xFF cmd=0x0 seq=1231
[TX] Immediate reply seq=1231
[TX] Status seq=1231 A=4.214 B=144.867
[TX] Status seq=1231 A=4.995 B=157.721
[RX] ForwardPacket from=0x2 target=0xFF cmd=0x0 seq=1232
[TX] Immediate reply seq=1232
[TX] Status seq=1232 A=4.436 B=169.275
[TX] Status seq=1232 A=2.839 B=179.274
[RX] ForwardPacket from=0x2 target=0xFF cmd=0x0 seq=1233
[TX] Immediate reply seq=1233
[TX] Status seq=1233 A=1.060 B=187.493
[TX] Status seq=1233 A=0.053 B=193.747
[RX] ForwardPacket from=0x2 target=0xFF cmd=0x0 seq=1234
[TX] Immediate reply seq=1234
[TX] Status seq=1234 A=0.360 B=197.896
[TX] Status seq=1234 A=1.815 B=199.846
[RX] ForwardPacket from=0x2 target=0xFF cmd=0x0 seq=1235
[TX] Immediate reply seq=1235
[TX] Status seq=1235 A=3.638 B=199.554
[TX] Status seq=1235 A=4.850 B=197.026
[RX] ForwardPacket from=0x2 target=0xFF cmd=0x0 seq=1236
[TX] Immediate reply seq=1236
[TX] Status seq=1236 A=4.801 B=192.320
[TX] Status seq=1236 A=3.518 B=185.538
[RX] ForwardPacket from=0x2 target=0xFF cmd=0x0 seq=1237
[TX] Immediate reply seq=1237
[TX] Status seq=1237 A=1.688 B=176.837
[TX] Status seq=1237 A=0.294 B=166.411
[RX] ForwardPacket from=0x2 target=0xFF cmd=0x0 seq=1238
[TX] Immediate reply seq=1238
[TX] Status seq=1238 A=0.084 B=154.493
[TX] Status seq=1238 A=1.170 B=141.352
[RX] ForwardPacket from=0x2 target=0xFF cmd=0x0 seq=1239
[TX] Immediate reply seq=1239
[TX] Status seq=1239 A=2.970 B=127.279
[TX] Status seq=1239 A=4.518 B=112.596
[RX] ForwardPacket from=0x2 target=0xFF cmd=0x0 seq=1240
[TX] Immediate reply seq=1240
[TX] Status seq=1240 A=4.982 B=97.630
[TX] Status seq=1240 A=4.115 B=82.718
[RX] ForwardPacket from=0x2 target=0xFF cmd=0x0 seq=1241
[TX] Immediate reply seq=1241
[TX] Status seq=1241 A=2.381 B=68.194
[TX] Status seq=1241 A=0.711 B=54.381
[RX] ForwardPacket from=0x2 target=0xFF cmd=0x0 seq=1242
[TX] Immediate reply seq=1242
[TX] Status seq=1242 A=0.001 B=41.595
[TX] Status seq=1242 A=0.632 B=30.121
[RX] ForwardPacket from=0x2 target=0xFF cmd=0x0 seq=1243
[TX] Immediate reply seq=1243
[TX] Status seq=1243 A=2.265 B=20.217
[TX] Status seq=1243 A=4.025 B=12.103
[RX] ForwardPacket from=0x2 target=0xFF cmd=0x0 seq=1244
[TX] Immediate reply seq=1244
[TX] Status seq=1244 A=4.966 B=5.963
[TX] Status seq=1244 A=4.584 B=1.936
[RX] ForwardPacket from=0x2 target=0xFF cmd=0x0 seq=1245
[TX] Immediate reply seq=1245
[TX] Status seq=1245 A=3.083 B=0.111
[TX] Status seq=1245 A=1.270 B=0.529
[RX] ForwardPacket from=0x2 target=0xFF cmd=0x0 seq=1246
[TX] Immediate reply seq=1246
[TX] Status seq=1246 A=0.116 B=3.181
[TX] Status seq=1246 A=0.242 B=8.008
[RX] ForwardPacket from=0x2 target=0xFF cmd=0x0 seq=1247
[TX] Immediate reply seq=1247
[TX] Status seq=1247 A=1.579 B=14.900
[TX] Status seq=1247 A=3.411 B=23.703
[RX] ForwardPacket from=0x2 target=0xFF cmd=0x0 seq=1248
[TX] Immediate reply seq=1248
[TX] Status seq=1248 A=4.753 B=34.220
[TX] Status seq=1248 A=4.887 B=46.213
[RX] ForwardPacket from=0x2 target=0xFF cmd=0x0 seq=1249
[TX] Immediate reply seq=1249
[TX] Status seq=1249 A=3.739 B=59.418
[TX] Status seq=1249 A=1.927 B=73.531
[RX] ForwardPacket from=0x2 target=0xFF cmd=0x0 seq=1250
[TX] Immediate reply seq=1250
[TX] Status seq=1250 A=0.422 B=88.238
[TX] Status seq=1250 A=0.032 B=103.210
[RX] ForwardPacket from=0x2 target=0xFF cmd=0x0 seq=1251
[TX] Immediate reply seq=1251
[TX] Status seq=1251 A=0.967 B=118.109
[TX] Status seq=1251 A=2.724 B=132.605
[RX] ForwardPacket from=0x2 target=0xFF cmd=0x0 seq=1252
[TX] Immediate reply seq=1252
[TX] Status seq=1252 A=4.361 B=146.365
[TX] Status seq=1252 A=5.000 B=159.085
[RX] ForwardPacket from=0x2 target=0xFF cmd=0x0 seq=1253
[TX] Immediate reply seq=1253
[TX] Status seq=1253 A=4.297 B=170.477
[TX] Status seq=1253 A=2.630 B=180.287
[RX] ForwardPacket from=0x2 target=0xFF cmd=0x0 seq=1254
[TX] Immediate reply seq=1254
[TX] Status seq=1254 A=0.893 B=188.295
[TX] Status seq=1254 A=0.019 B=194.319
[RX] ForwardPacket from=0x2 target=0xFF cmd=0x0 seq=1255
[TX] Immediate reply seq=1255
[TX] Status seq=1255 A=0.476 B=198.225
[TX] Status seq=1255 A=2.019 B=199.925
[RX] ForwardPacket from=0x2 target=0xFF cmd=0x0 seq=1256
[TX] Immediate reply seq=1256
[TX] Status seq=1256 A=3.821 B=199.381
[TX] Status seq=1256 A=4.913 B=196.605
[RX] ForwardPacket from=0x2 target=0xFF cmd=0x0 seq=1257
[TX] Immediate reply seq=1257
[TX] Status seq=1257 A=4.711 B=191.660
[TX] Status seq=1257 A=3.322 B=184.656
[RX] ForwardPacket from=0x2 target=0xFF cmd=0x0 seq=1258
[TX] Immediate reply seq=1258
[TX] Status seq=1258 A=1.492 B=175.751
[TX] Status seq=1258 A=0.203 B=165.145
[RX] ForwardPacket from=0x2 target=0xFF cmd=0x0 seq=1259
[TX] Immediate reply seq=1259
[TX] Status seq=1259 A=0.147 B=153.074
[TX] Status seq=1259 A=1.353 B=139.813
[RX] ForwardPacket from=0x2 target=0xFF cmd=0x0 seq=1260
[TX] Immediate reply seq=1260
[TX] Status seq=1260 A=3.175 B=125.658
[TX] Status seq=1260 A=4.635 B=110.927
[RX] ForwardPacket from=0x2 target=0xFF cmd=0x0 seq=1261
[TX] Immediate reply seq=1261
[TX] Status seq=1261 A=4.949 B=95.951
[TX] Status seq=1261 A=3.949 B=81.062
[RX] ForwardPacket from=0x2 target=0xFF cmd=0x0 seq=1262
[TX] Immediate reply seq=1262
[TX] Status seq=1262 A=2.172 B=66.602
[TX] Status seq=1262 A=0.570 B=52.892
[RX] ForwardPacket from=0x2 target=0xFF cmd=0x0 seq=1263
[TX] Immediate reply seq=1263
[TX] Status seq=1263 A=0.005 B=40.240
[TX] Status seq=1263 A=0.778 B=28.929
[RX] ForwardPacket from=0x2 target=0xFF cmd=0x0 seq=1264
[TX] Immediate reply seq=1264
[TX] Status seq=1264 A=2.475 B=19.213
[TX] Status seq=1264 A=4.186 B=11.313
[RX] ForwardPacket from=0x2 target=0xFF cmd=0x0 seq=1265
[TX] Immediate reply seq=1265
[TX] Status seq=1265 A=4.992 B=5.405
[TX] Status seq=1265 A=4.461 B=1.621
[RX] ForwardPacket from=0x2 target=0xFF cmd=0x0 seq=1266
[TX] Immediate reply seq=1266
[TX] Status seq=1266 A=2.877 B=0.046
[TX] Status seq=1266 A=1.091 B=0.716
[RX] ForwardPacket from=0x2 target=0xFF cmd=0x0 seq=1267
[TX] Immediate reply seq=1267
[TX] Status seq=1267 A=0.061 B=3.616
[TX] Status seq=1267 A=0.340 B=8.680
[RX] ForwardPacket from=0x2 target=0xFF cmd=0x0 seq=1268
[TX] Immediate reply seq=1268
[TX] Status seq=1268 A=1.778 B=15.794
[TX] Status seq=1268 A=3.603 B=24.800
[RX] ForwardPacket from=0x2 target=0xFF cmd=0x0 seq=1269
[TX] Immediate reply seq=1269
[TX] Status seq=1269 A=4.836 B=35.497
[TX] Status seq=1269 A=4.816 B=47.640
[RX] ForwardPacket from=0x2 target=0xFF cmd=0x0 seq=1270
[TX] Immediate reply seq=1270
[TX] Status seq=1270 A=3.553 B=60.959
[TX] Status seq=1270 A=1.725 B=75.155
[RX] ForwardPacket from=0x2 target=0xFF cmd=0x0 seq=1271
[TX] Immediate reply seq=1271
[TX] Status seq=1271 A=0.313 B=89.908
[TX] Status seq=1271 A=0.074 B=104.891
[RX] ForwardPacket from=0x2 target=0xFF cmd=0x0 seq=1272
[TX] Immediate reply seq=1272
[TX] Status seq=1272 A=1.138 B=119.762
[TX] Status seq=1272 A=2.932 B=134.188
[RX] ForwardPacket from=0x2 target=0xFF cmd=0x0 seq=1273
[TX] Immediate reply seq=1273
[TX] Status seq=1273 A=4.495 B=147.847
[TX] Status seq=1273 A=4.987 B=160.432
[RX] ForwardPacket from=0x2 target=0xFF cmd=0x0 seq=1274
[TX] Immediate reply seq=1274
[TX] Status seq=1274 A=4.144 B=171.661
[TX] Status seq=1274 A=2.420 B=181.279
[RX] ForwardPacket from=0x2 target=0xFF cmd=0x0 seq=1275
[TX] Immediate reply seq=1275
[TX] Status seq=1275 A=0.738 B=189.072
[TX] Status seq=1275 A=0.002 B=194.864
[RX] ForwardPacket from=0x2 target=0xFF cmd=0x0 seq=1276
[TX] Immediate reply seq=1276
[TX] Status seq=1276 A=0.606 B=198.526
[TX] Status seq=1276 A=2.227 B=199.976
[RX] ForwardPacket from=0x2 target=0xFF cmd=0x0 seq=1277
[TX] Immediate reply seq=1277
[TX] Status seq=1277 A=3.994 B=199.180
[TX] Status seq=1277 A=4.960 B=196.157
[RX] ForwardPacket from=0x2 target=0xFF cmd=0x0 seq=1278
[TX] Immediate reply seq=1278
[TX] Status seq=1278 A=4.605 B=190.975
[TX] Status seq=1278 A=3.121 B=183.750
[RX] ForwardPacket from=0x2 target=0xFF cmd=0x0 seq=1279
[TX] Immediate reply seq=1279
[TX] Status seq=1279 A=1.304 B=174.641
[TX] Status seq=1279 A=0.128 B=163.859
[RX] ForwardPacket from=0x2 target=0xFF cmd=0x0 seq=1280
[TX] Immediate reply seq=1280
[TX] Status seq=1280 A=0.226 B=151.642
[TX] Status seq=1280 A=1.543 B=138.266
[RX] ForwardPacket from=0x2 target=0xFF cmd=0x0 seq=1281
[TX] Immediate reply seq=1281
[TX] Status seq=1281 A=3.375 B=124.028
[TX] Status seq=1281 A=4.736 B=109.253
[RX] ForwardPacket from=0x2 target=0xFF cmd=0x0 seq=1282
[TX] Immediate reply seq=1282
[TX] Status seq=1282 A=4.898 B=94.270
[TX] Status seq=1282 A=3.773 B=79.415
[RX] ForwardPacket from=0x2 target=0xFF cmd=0x0 seq=1283
[TX] Immediate reply seq=1283
[TX] Status seq=1283 A=1.965 B=65.023
[TX] Status seq=1283 A=0.444 B=51.414
[RX] ForwardPacket from=0x2 target=0xFF cmd=0x0 seq=1284
[TX] Immediate reply seq=1284
[TX] Status seq=1284 A=0.026 B=38.899
[TX] Status seq=1284 A=0.936 B=27.755
[RX] ForwardPacket from=0x2 target=0xFF cmd=0x0 seq=1285
[TX] Immediate reply seq=1285
[TX] Status seq=1285 A=2.685 B=18.234
[TX] Status seq=1285 A=4.335 B=10.549
[RX] ForwardPacket from=0x2 target=0xFF cmd=0x0 seq=1286
[TX] Immediate reply seq=1286
[TX] Status seq=1286 A=5.000 B=4.872
[TX] Status seq=1286 A=4.323 B=1.333
[RX] ForwardPacket from=0x2 target=0xFF cmd=0x0 seq=1287
[TX] Immediate reply seq=1287
[TX] Status seq=1287 A=2.668 B=0.009
[TX] Status seq=1287 A=0.923 B=0.931
[RX] ForwardPacket from=0x2 target=0xFF cmd=0x0 seq=1288
[TX] Immediate reply seq=1288
[TX] Status seq=1288 A=0.024 B=4.077
[TX] Status seq=1288 A=0.453 B=9.378
[RX] ForwardPacket from=0x2 target=0xFF cmd=0x0 seq=1289
[TX] Immediate reply seq=1289
[TX] Status seq=1289 A=1.981 B=16.714
[TX] Status seq=1289 A=3.788 B=25.920
[RX] ForwardPacket from=0x2 target=0xFF cmd=0x0 seq=1290
[TX] Immediate reply seq=1290
[TX] Status seq=1290 A=4.903 B=36.790
[TX] Status seq=1290 A=4.729 B=49.079
[RX] ForwardPacket from=0x2 target=0xFF cmd=0x0 seq=1291
[TX] Immediate reply seq=1291
[TX] Status seq=1291 A=3.359 B=62.514
[TX] Status seq=1291 A=1.528 B=76.789
[RX] ForwardPacket from=0x2 target=0xFF cmd=0x0 seq=1292
[TX] Immediate reply seq=1292
[TX] Status seq=1292 A=0.219 B=91.584
[TX] Status seq=1292 A=0.134 B=106.569
[RX] ForwardPacket from=0x2 target=0xFF cmd=0x0 seq=1293
[TX] Immediate reply seq=1293
[TX] Status seq=1293 A=1.319 B=121.406
[TX] Status seq=1293 A=3.137 B=135.765
[RX] ForwardPacket from=0x2 target=0xFF cmd=0x0 seq=1294
[TX] Immediate reply seq=1294
[TX] Status seq=1294 A=4.614 B=149.319
[TX] Status seq=1294 A=4.956 B=161.764
[RX] ForwardPacket from=0x2 target=0xFF cmd=0x0 seq=1295
[TX] Immediate reply seq=1295
[TX] Status seq=1295 A=3.980 B=172.823
[TX] Status seq=1295 A=2.210 B=182.246
[RX] ForwardPacket from=0x2 target=0xFF cmd=0x0 seq=1296
[TX] Immediate reply seq=1296
[TX] Status seq=1296 A=0.595 B=189.824
[TX] Status seq=1296 A=0.003 B=195.383
[RX] ForwardPacket from=0x2 target=0xFF cmd=0x0 seq=1297
[TX] Immediate reply seq=1297
[TX] Status seq=1297 A=0.750 B=198.800
[TX] Status seq=1297 A=2.437 B=199.999
[RX] ForwardPacket from=0x2 target=0xFF cmd=0x0 seq=1298
[TX] Immediate reply seq=1298
[TX] Status seq=1298 A=4.157 B=198.952
[TX] Status seq=1298 A=4.988 B=195.681
[RX] ForwardPacket from=0x2 target=0xFF cmd=0x0 seq=1299
[TX] Immediate reply seq=1299
[TX] Status seq=1299 A=4.484 B=190.263
[TX] Status seq=1299 A=2.915 B=182.818
[RX] ForwardPacket from=0x2 target=0xFF cmd=0x0 seq=1300
[TX] Immediate reply seq=1300
[TX] Status seq=1300 A=1.124 B=173.513
[TX] Status seq=1300 A=0.070 B=162.557
[RX] ForwardPacket from=0x2 target=0xFF cmd=0x0 seq=1301
[TX] Immediate reply seq=1301
[TX] Status seq=1301 A=0.321 B=150.194
[TX] Status seq=1301 A=1.741 B=136.706
[RX] ForwardPacket from=0x2 target=0xFF cmd=0x0 seq=1302
[TX] Immediate reply seq=1302
[TX] Status seq=1302 A=3.568 B=122.393
[TX] Status seq=1302 A=4.822 B=107.578
[RX] ForwardPacket from=0x2 target=0xFF cmd=0x0 seq=1303
[TX] Immediate reply seq=1303
[TX] Status seq=1303 A=4.830 B=92.593
[TX] Status seq=1303 A=3.588 B=77.771
[RX] ForwardPacket from=0x2 target=0xFF cmd=0x0 seq=1304
[TX] Immediate reply seq=1304
[TX] Status seq=1304 A=1.762 B=63.451
[TX] Status seq=1304 A=0.332 B=49.952
[RX] ForwardPacket from=0x2 target=0xFF cmd=0x0 seq=1305
[TX] Immediate reply seq=1305
[TX] Status seq=1305 A=0.065 B=37.577
[TX] Status seq=1305 A=1.106 B=26.604
[RX] ForwardPacket from=0x2 target=0xFF cmd=0x0 seq=1306
[TX] Immediate reply seq=1306
[TX] Status seq=1306 A=2.894 B=17.277
[TX] Status seq=1306 A=4.471 B=9.810
[RX] ForwardPacket from=0x2 target=0xFF cmd=0x0 seq=1307
[TX] Immediate reply seq=1307
[TX] Status seq=1307 A=4.990 B=4.368
[TX] Status seq=1307 A=4.173 B=1.073
[RX] ForwardPacket from=0x2 target=0xFF cmd=0x0 seq=1308
[TX] Immediate reply seq=1308
[TX] Status seq=1308 A=2.458 B=0.001
[TX] Status seq=1308 A=0.766 B=1.174
[RX] ForwardPacket from=0x2 target=0xFF cmd=0x0 seq=1309
[TX] Immediate reply seq=1309
[TX] Status seq=1309 A=0.004 B=4.566
[TX] Status seq=1309 A=0.581 B=10.102
[RX] ForwardPacket from=0x2 target=0xFF cmd=0x0 seq=1310
[TX] Immediate reply seq=1310
[TX] Status seq=1310 A=2.189 B=17.656
[TX] Status seq=1310 A=3.963 B=27.059
[RX] ForwardPacket from=0x2 target=0xFF cmd=0x0 seq=1311
[TX] Immediate reply seq=1311
[TX] Status seq=1311 A=4.952 B=38.103
[TX] Status seq=1311 A=4.626 B=50.535
[RX] ForwardPacket from=0x2 target=0xFF cmd=0x0 seq=1312
[TX] Immediate reply seq=1312
[TX] Status seq=1312 A=3.158 B=64.077
[TX] Status seq=1312 A=1.338 B=78.426
[RX] ForwardPacket from=0x2 target=0xFF cmd=0x0 seq=1313
[TX] Immediate reply seq=1313
[TX] Status seq=1313 A=0.141 B=93.260
[TX] Status seq=1313 A=0.210 B=108.248
[RX] ForwardPacket from=0x2 target=0xFF cmd=0x0 seq=1314
[TX] Immediate reply seq=1314
[TX] Status seq=1314 A=1.508 B=123.047
[TX] Status seq=1314 A=3.338 B=137.329
[RX] ForwardPacket from=0x2 target=0xFF cmd=0x0 seq=1315
[TX] Immediate reply seq=1315
[TX] Status seq=1315 A=4.719 B=150.773
[TX] Status seq=1315 A=4.909 B=163.077
[RX] ForwardPacket from=0x2 target=0xFF cmd=0x0 seq=1316
[TX] Immediate reply seq=1316
[TX] Status seq=1316 A=3.806 B=173.966
[TX] Status seq=1316 A=2.003 B=183.192
[RX] ForwardPacket from=0x2 target=0xFF cmd=0x0 seq=1317
[TX] Immediate reply seq=1317
[TX] Status seq=1317 A=0.466 B=190.550
[TX] Status seq=1317 A=0.021 B=195.874
[RX] ForwardPacket from=0x2 target=0xFF cmd=0x0 seq=1318
[TX] Immediate reply seq=1318
[TX] Status seq=1318 A=0.906 B=199.046
[TX] Status seq=1318 A=2.647 B=199.993
[RX] ForwardPacket from=0x2 target=0xFF cmd=0x0 seq=1319
[TX] Immediate reply seq=1319
[TX] Status seq=1319 A=4.308 B=198.694
[TX] Status seq=1319 A=5.000 B=195.179
[RX] ForwardPacket from=0x2 target=0xFF cmd=0x0 seq=1320
[TX] Immediate reply seq=1320
[TX] Status seq=1320 A=4.350 B=189.527
[TX] Status seq=1320 A=2.707 B=181.865
[RX] ForwardPacket from=0x2 target=0xFF cmd=0x0 seq=1321
[TX] Immediate reply seq=1321
[TX] Status seq=1321 A=0.953 B=172.361
[TX] Status seq=1321 A=0.029 B=161.235
[RX] ForwardPacket from=0x2 target=0xFF cmd=0x0 seq=1322
[TX] Immediate reply seq=1322
[TX] Status seq=1322 A=0.431 B=148.734
[TX] Status seq=1322 A=1.944 B=135.138
[RX] ForwardPacket from=0x2 target=0xFF cmd=0x0 seq=1323
[TX] Immediate reply seq=1323
[TX] Status seq=1323 A=3.754 B=120.753
[TX] Status seq=1323 A=4.892 B=105.899
[RX] ForwardPacket from=0x2 target=0xFF cmd=0x0 seq=1324
[TX] Immediate reply seq=1324
[TX] Status seq=1324 A=4.746 B=90.915
[TX] Status seq=1324 A=3.395 B=76.136
[RX] ForwardPacket from=0x2 target=0xFF cmd=0x0 seq=1325
[TX] Immediate reply seq=1325
[TX] Status seq=1325 A=1.564 B=61.893
[TX] Status seq=1325 A=0.235 B=48.505
[RX] ForwardPacket from=0x2 target=0xFF cmd=0x0 seq=1326
[TX] Immediate reply seq=1326
[TX] Status seq=1326 A=0.122 B=36.271
[TX] Status seq=1326 A=1.285 B=25.471
[RX] ForwardPacket from=0x2 target=0xFF cmd=0x0 seq=1327
[TX] Immediate reply seq=1327
[TX] Status seq=1327 A=3.100 B=16.345
[TX] Status seq=1327 A=4.593 B=9.097
[RX] ForwardPacket from=0x2 target=0xFF cmd=0x0 seq=1328
[TX] Immediate reply seq=1328
[TX] Status seq=1328 A=4.963 B=3.890
[TX] Status seq=1328 A=4.011 B=0.841
[RX] ForwardPacket from=0x2 target=0xFF cmd=0x0 seq=1329
[TX] Immediate reply seq=1329
[TX] Status seq=1329 A=2.249 B=0.020
[TX] Status seq=1329 A=0.621 B=1.444
[RX] ForwardPacket from=0x2 target=0xFF cmd=0x0 seq=1330
[TX] Immediate reply seq=1330
[TX] Status seq=1330 A=0.001 B=5.082
[TX] Status seq=1330 A=0.723 B=10.850
[RX] ForwardPacket from=0x2 target=0xFF cmd=0x0 seq=1331
[TX] Immediate reply seq=1331
[TX] Status seq=1331 A=2.398 B=18.623
[TX] Status seq=1331 A=4.128 B=28.221
[RX] ForwardPacket from=0x2 target=0xFF cmd=0x0 seq=1332
[TX] Immediate reply seq=1332
[TX] Status seq=1332 A=4.984 B=39.431
[TX] Status seq=1332 A=4.508 B=52.002
[RX] ForwardPacket from=0x2 target=0xFF cmd=0x0 seq=1333
[TX] Immediate reply seq=1333
[TX] Status seq=1333 A=2.954 B=65.650
[TX] Status seq=1333 A=1.156 B=80.073
[RX] ForwardPacket from=0x2 target=0xFF cmd=0x0 seq=1334
[TX] Immediate reply seq=1334
[TX] Status seq=1334 A=0.080 B=94.940
[TX] Status seq=1334 A=0.302 B=109.921
[RX] ForwardPacket from=0x2 target=0xFF cmd=0x0 seq=1335
[TX] Immediate reply seq=1335
[TX] Status seq=1335 A=1.704 B=124.679
[TX] Status seq=1335 A=3.533 B=138.883
[RX] ForwardPacket from=0x2 target=0xFF cmd=0x0 seq=1336
[TX] Immediate reply seq=1336
[TX] Status seq=1336 A=4.808 B=152.216
[TX] Status seq=1336 A=4.844 B=164.374
[RX] ForwardPacket from=0x2 target=0xFF cmd=0x0 seq=1337
[TX] Immediate reply seq=1337
[TX] Status seq=1337 A=3.622 B=175.087
[TX] Status seq=1337 A=1.799 B=184.113
[RX] ForwardPacket from=0x2 target=0xFF cmd=0x0 seq=1338
[TX] Immediate reply seq=1338
[TX] Status seq=1338 A=0.351 B=191.250
[TX] Status seq=1338 A=0.057 B=196.339
[RX] ForwardPacket from=0x2 target=0xFF cmd=0x0 seq=1339
[TX] Immediate reply seq=1339
[TX] Status seq=1339 A=1.074 B=199.264
[TX] Status seq=1339 A=2.856 B=199.959
[RX] ForwardPacket from=0x2 target=0xFF cmd=0x0 seq=1340
[TX] Immediate reply seq=1340
[TX] Status seq=1340 A=4.447 B=198.410
[TX] Status seq=1340 A=4.994 B=194.651
[RX] ForwardPacket from=0x2 target=0xFF cmd=0x0 seq=1341
[TX] Immediate reply seq=1341
[TX] Status seq=1341 A=4.202 B=188.765
[TX] Status seq=1341 A=2.497 B=180.886
[RX] ForwardPacket from=0x2 target=0xFF cmd=0x0 seq=1342
[TX] Immediate reply seq=1342
[TX] Status seq=1342 A=0.794 B=171.191
[TX] Status seq=1342 A=0.006 B=159.898
[RX] ForwardPacket from=0x2 target=0xFF cmd=0x0 seq=1343
[TX] Immediate reply seq=1343
[TX] Status seq=1343 A=0.557 B=147.259
[TX] Status seq=1343 A=2.150 B=133.557
[RX] ForwardPacket from=0x2 target=0xFF cmd=0x0 seq=1344
[TX] Immediate reply seq=1344
[TX] Status seq=1344 A=3.931 B=119.103
[TX] Status seq=1344 A=4.944 B=104.221
[RX] ForwardPacket from=0x2 target=0xFF cmd=0x0 seq=1345
[TX] Immediate reply seq=1345
[TX] Status seq=1345 A=4.646 B=89.244
[TX] Status seq=1345 A=3.196 B=74.508
[RX] ForwardPacket from=0x2 target=0xFF cmd=0x0 seq=1346
[TX] Immediate reply seq=1346
[TX] Status seq=1346 A=1.372 B=60.342
[TX] Status seq=1346 A=0.154 B=47.069
[RX] ForwardPacket from=0x2 target=0xFF cmd=0x0 seq=1347
[TX] Immediate reply seq=1347
[TX] Status seq=1347 A=0.195 B=34.985
[TX] Status seq=1347 A=1.472 B=24.361
[RX] ForwardPacket from=0x2 target=0xFF cmd=0x0 seq=1348
[TX] Immediate reply seq=1348
[TX] Status seq=1348 A=3.302 B=15.436
[TX] Status seq=1348 A=4.701 B=8.408
[RX] ForwardPacket from=0x2 target=0xFF cmd=0x0 seq=1349
[TX] Immediate reply seq=1349
[TX] Status seq=1349 A=4.919 B=3.439
[TX] Status seq=1349 A=3.839 B=0.638
[RX] ForwardPacket from=0x2 target=0xFF cmd=0x0 seq=1350
[TX] Immediate reply seq=1350
[TX] Status seq=1350 A=2.041 B=0.068
[TX] Status seq=1350 A=0.489 B=1.743
[RX] ForwardPacket from=0x2 target=0xFF cmd=0x0 seq=1351
[TX] Immediate reply seq=1351
[TX] Status seq=1351 A=0.016 B=5.625
[TX] Status seq=1351 A=0.877 B=11.625
[RX] ForwardPacket from=0x2 target=0xFF cmd=0x0 seq=1352
[TX] Immediate reply seq=1352
[TX] Status seq=1352 A=2.608 B=19.611
[TX] Status seq=1352 A=4.282 B=29.401
[RX] ForwardPacket from=0x2 target=0xFF cmd=0x0 seq=1353
[TX] Immediate reply seq=1353
[TX] Status seq=1353 A=4.999 B=40.777
[TX] Status seq=1353 A=4.375 B=53.485
[RX] ForwardPacket from=0x2 target=0xFF cmd=0x0 seq=1354
[TX] Immediate reply seq=1354
[TX] Status seq=1354 A=2.746 B=67.236
[TX] Status seq=1354 A=0.984 B=81.722
[RX] ForwardPacket from=0x2 target=0xFF cmd=0x0 seq=1355
[TX] Immediate reply seq=1355
[TX] Status seq=1355 A=0.036 B=96.619
[TX] Status seq=1355 A=0.410 B=111.591
[RX] ForwardPacket from=0x2 target=0xFF cmd=0x0 seq=1356
[TX] Immediate reply seq=1356
[TX] Status seq=1356 A=1.906 B=126.307
[TX] Status seq=1356 A=3.721 B=140.428
[RX] ForwardPacket from=0x2 target=0xFF cmd=0x0 seq=1357
[TX] Immediate reply seq=1357
[TX] Status seq=1357 A=4.880 B=153.642
[TX] Status seq=1357 A=4.763 B=165.651
[RX] ForwardPacket from=0x2 target=0xFF cmd=0x0 seq=1358
[TX] Immediate reply seq=1358
[TX] Status seq=1358 A=3.431 B=176.186
[TX] Status seq=1358 A=1.600 B=185.011
[RX] ForwardPacket from=0x2 target=0xFF cmd=0x0 seq=1359
[TX] Immediate reply seq=1359
[TX] Status seq=1359 A=0.251 B=191.926
[TX] Status seq=1359 A=0.110 B=196.776
[RX] ForwardPacket from=0x2 target=0xFF cmd=0x0 seq=1360
[TX] Immediate reply seq=1360
[TX] Status seq=1360 A=1.251 B=199.453
[TX] Status seq=1360 A=3.062 B=199.897
[RX] ForwardPacket from=0x2 target=0xFF cmd=0x0 seq=1361
[TX] Immediate reply seq=1361
[TX] Status seq=1361 A=4.572 B=198.097
[TX] Status seq=1361 A=4.970 B=194.094
[RX] ForwardPacket from=0x2 target=0xFF cmd=0x0 seq=1362
[TX] Immediate reply seq=1362
[TX] Status seq=1362 A=4.042 B=187.978
[TX] Status seq=1362 A=2.287 B=179.887
[RX] ForwardPacket from=0x2 target=0xFF cmd=0x0 seq=1363
[TX] Immediate reply seq=1363
[TX] Status seq=1363 A=0.646 B=170.001
[TX] Status seq=1363 A=0.000 B=158.542
[RX] ForwardPacket from=0x2 target=0xFF cmd=0x0 seq=1364
[TX] Immediate reply seq=1364
[TX] Status seq=1364 A=0.696 B=145.769
[TX] Status seq=1364 A=2.360 B=131.969
[RX] ForwardPacket from=0x2 target=0xFF cmd=0x0 seq=1365
[TX] Immediate reply seq=1365
[TX] Status seq=1365 A=4.099 B=117.451
[TX] Status seq=1365 A=4.980 B=102.542
[RX] ForwardPacket from=0x2 target=0xFF cmd=0x0 seq=1366
[TX] Immediate reply seq=1366
[TX] Status seq=1366 A=4.530 B=87.572
[TX] Status seq=1366 A=2.991 B=72.884
[RX] ForwardPacket from=0x2 target=0xFF cmd=0x0 seq=1367
[TX] Immediate reply seq=1367
[TX] Status seq=1367 A=1.189 B=58.805
[TX] Status seq=1367 A=0.090 B=45.651
[RX] ForwardPacket from=0x2 target=0xFF cmd=0x0 seq=1368
[TX] Immediate reply seq=1368
[TX] Status seq=1368 A=0.284 B=33.718
[TX] Status seq=1368 A=1.668 B=23.271
[RX] ForwardPacket from=0x2 target=0xFF cmd=0x0 seq=1369
[TX] Immediate reply seq=1369
[TX] Status seq=1369 A=3.498 B=14.549
[TX] Status seq=1369 A=4.793 B=7.747
[RX] ForwardPacket from=0x2 target=0xFF cmd=0x0 seq=1370
[TX] Immediate reply seq=1370
[TX] Status seq=1370 A=4.857 B=3.016
[TX] Status seq=1370 A=3.657 B=0.463
[RX] ForwardPacket from=0x2 target=0xFF cmd=0x0 seq=1371
[TX] Immediate reply seq=1371
[TX] Status seq=1371 A=1.836 B=0.145
[TX] Status seq=1371 A=0.371 B=2.070
[RX] ForwardPacket from=0x2 target=0xFF cmd=0x0 seq=1372
[TX] Immediate reply seq=1372
[TX] Status seq=1372 A=0.049 B=6.194
[TX] Status seq=1372 A=1.042 B=12.424
[RX] ForwardPacket from=0x2 target=0xFF cmd=0x0 seq=1373
[TX] Immediate reply seq=1373
[TX] Status seq=1373 A=2.818 B=20.621
[TX] Status seq=1373 A=4.423 B=30.603
[RX] ForwardPacket from=0x2 target=0xFF cmd=0x0 seq=1374
[TX] Immediate reply seq=1374
[TX] Status seq=1374 A=4.996 B=42.142
[TX] Status seq=1374 A=4.230 B=54.979
[RX] ForwardPacket from=0x2 target=0xFF cmd=0x0 seq=1375
[TX] Immediate reply seq=1375
[TX] Status seq=1375 A=2.535 B=68.828
[TX] Status seq=1375 A=0.822 B=83.376
[RX] ForwardPacket from=0x2 target=0xFF cmd=0x0 seq=1376
[TX] Immediate reply seq=1376
[TX] Status seq=1376 A=0.009 B=98.301
[TX] Status seq=1376 A=0.533 B=113.262
[RX] ForwardPacket from=0x2 target=0xFF cmd=0x0 seq=1377
[TX] Immediate reply seq=1377
[TX] Status seq=1377 A=2.112 B=127.924
[TX] Status seq=1377 A=3.900 B=141.959
[RX] ForwardPacket from=0x2 target=0xFF cmd=0x0 seq=1378
[TX] Immediate reply seq=1378
[TX] Status seq=1378 A=4.936 B=155.052
[TX] Status seq=1378 A=4.665 B=166.911
[RX] ForwardPacket from=0x2 target=0xFF cmd=0x0 seq=1379
[TX] Immediate reply seq=1379
[TX] Status seq=1379 A=3.232 B=177.265
[TX] Status seq=1379 A=1.407 B=185.884
[RX] ForwardPacket from=0x2 target=0xFF cmd=0x0 seq=1380
[TX] Immediate reply seq=1380
[TX] Status seq=1380 A=0.168 B=192.574
[TX] Status seq=1380 A=0.180 B=197.186
[RX] ForwardPacket from=0x2 target=0xFF cmd=0x0 seq=1381
[TX] Immediate reply seq=1381
[TX] Status seq=1381 A=1.438 B=199.615
[TX] Status seq=1381 A=3.265 B=199.807
[RX] ForwardPacket from=0x2 target=0xFF cmd=0x0 seq=1382
[TX] Immediate reply seq=1382
[TX] Status seq=1382 A=4.682 B=197.757
[TX] Status seq=1382 A=4.928 B=193.512
[RX] ForwardPacket from=0x2 target=0xFF cmd=0x0 seq=1383
[TX] Immediate reply seq=1383
[TX] Status seq=1383 A=3.871 B=187.167
[TX] Status seq=1383 A=2.078 B=178.863
[RX] ForwardPacket from=0x2 target=0xFF cmd=0x0 seq=1384
[TX] Immediate reply seq=1384
[TX] Status seq=1384 A=0.512 B=168.790
[TX] Status seq=1384 A=0.012 B=157.171
[RX] ForwardPacket from=0x2 target=0xFF cmd=0x0 seq=1385
[TX] Immediate reply seq=1385
[TX] Status seq=1385 A=0.848 B=144.269
[TX] Status seq=1385 A=2.570 B=130.373
[RX] ForwardPacket from=0x2 target=0xFF cmd=0x0 seq=1386
[TX] Immediate reply seq=1386
[TX] Status seq=1386 A=4.254 B=115.792
[TX] Status seq=1386 A=4.998 B=100.859
[RX] ForwardPacket from=0x2 target=0xFF cmd=0x0 seq=1387
[TX] Immediate reply seq=1387
[TX] Status seq=1387 A=4.401 B=85.906
[TX] Status seq=1387 A=2.784 B=71.270
[RX] ForwardPacket from=0x2 target=0xFF cmd=0x0 seq=1388
[TX] Immediate reply seq=1388
[TX] Status seq=1388 A=1.014 B=57.280
[TX] Status seq=1388 A=0.042 B=44.246
[RX] ForwardPacket from=0x2 target=0xFF cmd=0x0 seq=1389
[TX] Immediate reply seq=1389
[TX] Status seq=1389 A=0.389 B=32.467
[TX] Status seq=1389 A=1.869 B=22.204
[RX] ForwardPacket from=0x2 target=0xFF cmd=0x0 seq=1390
[TX] Immediate reply seq=1390
[TX] Status seq=1390 A=3.687 B=13.689
[TX] Status seq=1390 A=4.868 B=7.111
[RX] ForwardPacket from=0x2 target=0xFF cmd=0x0 seq=1391
[TX] Immediate reply seq=1391
[TX] Status seq=1391 A=4.779 B=2.619
[TX] Status seq=1391 A=3.466 B=0.315
[RX] ForwardPacket from=0x2 target=0xFF cmd=0x0 seq=1392
[TX] Immediate reply seq=1392
[TX] Status seq=1392 A=1.635 B=0.249
[TX] Status seq=1392 A=0.268 B=2.424
[RX] ForwardPacket from=0x2 target=0xFF cmd=0x0 seq=1393
[TX] Immediate reply seq=1393
[TX] Status seq=1393 A=0.099 B=6.789
[TX] Status seq=1393 A=1.218 B=13.249
[RX] ForwardPacket from=0x2 target=0xFF cmd=0x0 seq=1394
[TX] Immediate reply seq=1394
[TX] Status seq=1394 A=3.025 B=21.656
[TX] Status seq=1394 A=4.550 B=31.823
[RX] ForwardPacket from=0x2 target=0xFF cmd=0x0 seq=1395
[TX] Immediate reply seq=1395
[TX] Status seq=1395 A=4.975 B=43.520
[TX] Status seq=1395 A=4.072 B=56.486
[RX] ForwardPacket from=0x2 target=0xFF cmd=0x0 seq=1396
[TX] Immediate reply seq=1396
[TX] Status seq=1396 A=2.325 B=70.432
[TX] Status seq=1396 A=0.672 B=85.039
[RX] ForwardPacket from=0x2 target=0xFF cmd=0x0 seq=1397
[TX] Immediate reply seq=1397
[TX] Status seq=1397 A=0.000 B=99.982
[TX] Status seq=1397 A=0.669 B=114.925
[RX] ForwardPacket from=0x2 target=0xFF cmd=0x0 seq=1398
[TX] Immediate reply seq=1398
[TX] Status seq=1398 A=2.321 B=129.533
[TX] Status seq=1398 A=4.069 B=143.481
[RX] ForwardPacket from=0x2 target=0xFF cmd=0x0 seq=1399
[TX] Immediate reply seq=1399
[TX] Status seq=1399 A=4.975 B=156.450
[TX] Status seq=1399 A=4.553 B=168.150
[RX] ForwardPacket from=0x2 target=0xFF cmd=0x0 seq=1400
[TX] Immediate reply seq=1400
[TX] Status seq=1400 A=3.029 B=178.321
[TX] Status seq=1400 A=1.222 B=186.733
[RX] ForwardPacket from=0x2 target=0xFF cmd=0x0 seq=1401
[TX] Immediate reply seq=1401
[TX] Status seq=1401 A=0.100 B=193.198
[TX] Status seq=1401 A=0.266 B=197.568
[RX] ForwardPacket from=0x2 target=0xFF cmd=0x0 seq=1402
[TX] Immediate reply seq=1402
[TX] Status seq=1402 A=1.631 B=199.748
[TX] Status seq=1402 A=3.462 B=199.688
[RX] ForwardPacket from=0x2 target=0xFF cmd=0x0 seq=1403
[TX] Immediate reply seq=1403
[TX] Status seq=1403 A=4.777 B=197.389
[TX] Status seq=1403 A=4.870 B=192.902
[RX] ForwardPacket from=0x2 target=0xFF cmd=0x0 seq=1404
[TX] Immediate reply seq=1404
[TX] Status seq=1404 A=3.691 B=186.330
[TX] Status seq=1404 A=1.873 B=177.819
[RX] ForwardPacket from=0x2 target=0xFF cmd=0x0 seq=1405
[TX] Immediate reply seq=1405
[TX] Status seq=1405 A=0.392 B=167.560
[TX] Status seq=1405 A=0.042 B=155.785
[RX] ForwardPacket from=0x2 target=0xFF cmd=0x0 seq=1406
[TX] Immediate reply seq=1406
[TX] Status seq=1406 A=1.011 B=142.754
[TX] Status seq=1406 A=2.779 B=128.765
[RX] ForwardPacket from=0x2 target=0xFF cmd=0x0 seq=1407
[TX] Immediate reply seq=1407
[TX] Status seq=1407 A=4.398 B=114.130
[TX] Status seq=1407 A=4.998 B=99.178
[RX] ForwardPacket from=0x2 target=0xFF cmd=0x0 seq=1408
[TX] Immediate reply seq=1408
[TX] Status seq=1408 A=4.258 B=84.245
[TX] Status seq=1408 A=2.574 B=69.662
[RX] ForwardPacket from=0x2 target=0xFF cmd=0x0 seq=1409
[TX] Immediate reply seq=1409
[TX] Status seq=1409 A=0.851 B=55.764
[TX] Status seq=1409 A=0.013 B=42.859
[RX] ForwardPacket from=0x2 target=0xFF cmd=0x0 seq=1410
[TX] Immediate reply seq=1410
[TX] Status seq=1410 A=0.509 B=31.237
[TX] Status seq=1410 A=2.074 B=21.160
[RX] ForwardPacket from=0x2 target=0xFF cmd=0x0 seq=1411
[TX] Immediate reply seq=1411
[TX] Status seq=1411 A=3.867 B=12.851
[TX] Status seq=1411 A=4.927 B=6.501
[RX] ForwardPacket from=0x2 target=0xFF cmd=0x0 seq=1412
[TX] Immediate reply seq=1412
[TX] Status seq=1412 A=4.684 B=2.251
[TX] Status seq=1412 A=3.269 B=0.196
[RX] ForwardPacket from=0x2 target=0xFF cmd=0x0 seq=1413
[TX] Immediate reply seq=1413
[TX] Status seq=1413 A=1.442 B=0.382
[TX] Status seq=1413 A=0.182 B=2.806
[RX] ForwardPacket from=0x2 target=0xFF cmd=0x0 seq=1414
[TX] Immediate reply seq=1414
[TX] Status seq=1414 A=0.166 B=7.412
[TX] Status seq=1414 A=1.403 B=14.097
[RX] ForwardPacket from=0x2 target=0xFF cmd=0x0 seq=1415
[TX] Immediate reply seq=1415
[TX] Status seq=1415 A=3.228 B=22.711
[TX] Status seq=1415 A=4.663 B=33.061
[RX] ForwardPacket from=0x2 target=0xFF cmd=0x0 seq=1416
[TX] Immediate reply seq=1416
[TX] Status seq=1416 A=4.937 B=44.917
[TX] Status seq=1416 A=3.903 B=58.007
[RX] ForwardPacket from=0x2 target=0xFF cmd=0x0 seq=1417
[TX] Immediate reply seq=1417
[TX] Status seq=1417 A=2.117 B=72.041
[TX] Status seq=1417 A=0.536 B=86.702
[RX] ForwardPacket from=0x2 target=0xFF cmd=0x0 seq=1418
[TX] Immediate reply seq=1418
[TX] Status seq=1418 A=0.009 B=101.662
[TX] Status seq=1418 A=0.819 B=116.587
[RX] ForwardPacket from=0x2 target=0xFF cmd=0x0 seq=1419
[TX] Immediate reply seq=1419
[TX] Status seq=1419 A=2.531 B=131.137
[TX] Status seq=1419 A=4.227 B=144.988
[RX] ForwardPacket from=0x2 target=0xFF cmd=0x0 seq=1420
[TX] Immediate reply seq=1420
[TX] Status seq=1420 A=4.996 B=157.828
[TX] Status seq=1420 A=4.426 B=169.370
[RX] ForwardPacket from=0x2 target=0xFF cmd=0x0 seq=1421
[TX] Immediate reply seq=1421
[TX] Status seq=1421 A=2.822 B=179.356
[TX] Status seq=1421 A=1.046 B=187.558
[RX] ForwardPacket from=0x2 target=0xFF cmd=0x0 seq=1422
[TX] Immediate reply seq=1422
[TX] Status seq=1422 A=0.050 B=193.794
[TX] Status seq=1422 A=0.369 B=197.923
[RX] ForwardPacket from=0x2 target=0xFF cmd=0x0 seq=1423
[TX] Immediate reply seq=1423
[TX] Status seq=1423 A=1.831 B=199.853
[TX] Status seq=1423 A=3.653 B=199.541
[RX] ForwardPacket from=0x2 target=0xFF cmd=0x0 seq=1424
[TX] Immediate reply seq=1424
[TX] Status seq=1424 A=4.856 B=196.993
[TX] Status seq=1424 A=4.794 B=192.268
[RX] ForwardPacket from=0x2 target=0xFF cmd=0x0 seq=1425
[TX] Immediate reply seq=1425
[TX] Status seq=1425 A=3.502 B=185.470
[TX] Status seq=1425 A=1.672 B=176.753
[RX] ForwardPacket from=0x2 target=0xFF cmd=0x0 seq=1426
[TX] Immediate reply seq=1426
[TX] Status seq=1426 A=0.286 B=166.310
[TX] Status seq=1426 A=0.088 B=154.380
[RX] ForwardPacket from=0x2 target=0xFF cmd=0x0 seq=1427
[TX] Immediate reply seq=1427
[TX] Status seq=1427 A=1.185 B=141.229
[TX] Status seq=1427 A=2.987 B=127.152
[RX] ForwardPacket from=0x2 target=0xFF cmd=0x0 seq=1428
[TX] Immediate reply seq=1428
[TX] Status seq=1428 A=4.528 B=112.465
[TX] Status seq=1428 A=4.980 B=97.495
[RX] ForwardPacket from=0x2 target=0xFF cmd=0x0 seq=1429
[TX] Immediate reply seq=1429
[TX] Status seq=1429 A=4.102 B=82.585
[TX] Status seq=1429 A=2.364 B=68.066
[TX] Status seq=1429 A=0.699 B=54.263
[TX] Status seq=1429 A=0.000 B=41.488
[RX] ForwardPacket from=0x2 target=0xFF cmd=0x0 seq=1431
[TX] Immediate reply seq=1431
[TX] Status seq=1431 A=0.643 B=30.025
[TX] Status seq=1431 A=2.282 B=20.135
[RX] ForwardPacket from=0x2 target=0xFF cmd=0x0 seq=1432
[TX] Immediate reply seq=1432
[TX] Status seq=1432 A=4.038 B=12.039
[TX] Status seq=1432 A=4.969 B=5.918
[RX] ForwardPacket from=0x2 target=0xFF cmd=0x0 seq=1433
[TX] Immediate reply seq=1433
[TX] Status seq=1433 A=4.575 B=1.910
[TX] Status seq=1433 A=3.067 B=0.105
[RX] ForwardPacket from=0x2 target=0xFF cmd=0x0 seq=1434
[TX] Immediate reply seq=1434
[TX] Status seq=1434 A=1.255 B=0.543
[TX] Status seq=1434 A=0.111 B=3.215
[RX] ForwardPacket from=0x2 target=0xFF cmd=0x0 seq=1435
[TX] Immediate reply seq=1435
[TX] Status seq=1435 A=0.249 B=8.060
[TX] Status seq=1435 A=1.595 B=14.969
[RX] ForwardPacket from=0x2 target=0xFF cmd=0x0 seq=1436
[TX] Immediate reply seq=1436
[TX] Status seq=1436 A=3.426 B=23.791
[TX] Status seq=1436 A=4.761 B=34.321
[RX] ForwardPacket from=0x2 target=0xFF cmd=0x0 seq=1437
[TX] Immediate reply seq=1437
[TX] Status seq=1437 A=4.882 B=46.327
[TX] Status seq=1437 A=3.725 B=59.538
[RX] ForwardPacket from=0x2 target=0xFF cmd=0x0 seq=1438
[TX] Immediate reply seq=1438
[TX] Status seq=1438 A=1.910 B=73.658
[TX] Status seq=1438 A=0.413 B=88.372
[RX] ForwardPacket from=0x2 target=0xFF cmd=0x0 seq=1439
[TX] Immediate reply seq=1439
[TX] Status seq=1439 A=0.035 B=103.345
[TX] Status seq=1439 A=0.980 B=118.242
[RX] ForwardPacket from=0x2 target=0xFF cmd=0x0 seq=1440
[TX] Immediate reply seq=1440
[TX] Status seq=1440 A=2.741 B=132.729
[TX] Status seq=1440 A=4.372 B=146.482
[RX] ForwardPacket from=0x2 target=0xFF cmd=0x0 seq=1441
[TX] Immediate reply seq=1441
[TX] Status seq=1441 A=4.999 B=159.194
[TX] Status seq=1441 A=4.285 B=170.573
[RX] ForwardPacket from=0x2 target=0xFF cmd=0x0 seq=1442
[TX] Immediate reply seq=1442
[TX] Status seq=1442 A=2.613 B=180.367
[TX] Status seq=1442 A=0.880 B=188.357
[RX] ForwardPacket from=0x2 target=0xFF cmd=0x0 seq=1443
[TX] Immediate reply seq=1443
[TX] Status seq=1443 A=0.017 B=194.363
[TX] Status seq=1443 A=0.486 B=198.250
[RX] ForwardPacket from=0x2 target=0xFF cmd=0x0 seq=1444
[TX] Immediate reply seq=1444
[TX] Status seq=1444 A=2.036 B=199.930
[TX] Status seq=1444 A=3.835 B=199.366
[RX] ForwardPacket from=0x2 target=0xFF cmd=0x0 seq=1445
[TX] Immediate reply seq=1445
[TX] Status seq=1445 A=4.918 B=196.571
[TX] Status seq=1445 A=4.703 B=191.607
[RX] ForwardPacket from=0x2 target=0xFF cmd=0x0 seq=1446
[TX] Immediate reply seq=1446
[TX] Status seq=1446 A=3.306 B=184.584
[TX] Status seq=1446 A=1.477 B=175.663
[RX] ForwardPacket from=0x2 target=0xFF cmd=0x0 seq=1447
[TX] Immediate reply seq=1447
[TX] Status seq=1447 A=0.196 B=165.043
[TX] Status seq=1447 A=0.152 B=152.962
[RX] ForwardPacket from=0x2 target=0xFF cmd=0x0 seq=1448
[TX] Immediate reply seq=1448
[TX] Status seq=1448 A=1.368 B=139.692
[TX] Status seq=1448 A=3.191 B=125.528
[RX] ForwardPacket from=0x2 target=0xFF cmd=0x0 seq=1449
[TX] Immediate reply seq=1449
[TX] Status seq=1449 A=4.643 B=110.793
[TX] Status seq=1449 A=4.945 B=95.816
[RX] ForwardPacket from=0x2 target=0xFF cmd=0x0 seq=1450
[TX] Immediate reply seq=1450
[TX] Status seq=1450 A=3.935 B=80.933
[TX] Status seq=1450 A=2.155 B=66.478
[RX] ForwardPacket from=0x2 target=0xFF cmd=0x0 seq=1451
[TX] Immediate reply seq=1451
[TX] Status seq=1451 A=0.560 B=52.773
[TX] Status seq=1451 A=0.006 B=40.131
[RX] ForwardPacket from=0x2 target=0xFF cmd=0x0 seq=1452
[TX] Immediate reply seq=1452
[TX] Status seq=1452 A=0.790 B=28.834
[TX] Status seq=1452 A=2.492 B=19.135
[RX] ForwardPacket from=0x2 target=0xFF cmd=0x0 seq=1453
[TX] Immediate reply seq=1453
[TX] Status seq=1453 A=4.198 B=11.252
[TX] Status seq=1453 A=4.993 B=5.361
[RX] ForwardPacket from=0x2 target=0xFF cmd=0x0 seq=1454
[TX] Immediate reply seq=1454
[TX] Status seq=1454 A=4.450 B=1.597
[TX] Status seq=1454 A=2.860 B=0.042
[RX] ForwardPacket from=0x2 target=0xFF cmd=0x0 seq=1455
[TX] Immediate reply seq=1455
[TX] Status seq=1455 A=1.077 B=0.732
[TX] Status seq=1455 A=0.058 B=3.651
[RX] ForwardPacket from=0x2 target=0xFF cmd=0x0 seq=1456
[TX] Immediate reply seq=1456
[TX] Status seq=1456 A=0.349 B=8.735
[TX] Status seq=1456 A=1.794 B=15.867
[RX] ForwardPacket from=0x2 target=0xFF cmd=0x0 seq=1457
[TX] Immediate reply seq=1457
[TX] Status seq=1457 A=3.618 B=24.889
[TX] Status seq=1457 A=4.842 B=35.598
[RX] ForwardPacket from=0x2 target=0xFF cmd=0x0 seq=1458
[TX] Immediate reply seq=1458
[TX] Status seq=1458 A=4.809 B=47.752
[TX] Status seq=1458 A=3.537 B=61.083
[RX] ForwardPacket from=0x2 target=0xFF cmd=0x0 seq=1459
[TX] Immediate reply seq=1459
[TX] Status seq=1459 A=1.709 B=75.285
[TX] Status seq=1459 A=0.304 B=90.043
[RX] ForwardPacket from=0x2 target=0xFF cmd=0x0 seq=1460
[TX] Immediate reply seq=1460
[TX] Status seq=1460 A=0.079 B=105.023
[TX] Status seq=1460 A=1.152 B=119.891
[RX] ForwardPacket from=0x2 target=0xFF cmd=0x0 seq=1461
[TX] Immediate reply seq=1461
[TX] Status seq=1461 A=2.949 B=134.315
[TX] Status seq=1461 A=4.505 B=147.966
[RX] ForwardPacket from=0x2 target=0xFF cmd=0x0 seq=1462
[TX] Immediate reply seq=1462
[TX] Status seq=1462 A=4.985 B=160.539
[TX] Status seq=1462 A=4.132 B=171.753
[RX] ForwardPacket from=0x2 target=0xFF cmd=0x0 seq=1463
[TX] Immediate reply seq=1463
[TX] Status seq=1463 A=2.403 B=181.356
[TX] Status seq=1463 A=0.726 B=189.133
[RX] ForwardPacket from=0x2 target=0xFF cmd=0x0 seq=1464
[TX] Immediate reply seq=1464
[TX] Status seq=1464 A=0.001 B=194.907
[TX] Status seq=1464 A=0.617 B=198.549
[RX] ForwardPacket from=0x2 target=0xFF cmd=0x0 seq=1465
[TX] Immediate reply seq=1465
[TX] Status seq=1465 A=2.244 B=199.979
[TX] Status seq=1465 A=4.008 B=199.163
[RX] ForwardPacket from=0x2 target=0xFF cmd=0x0 seq=1466
[TX] Immediate reply seq=1466
[TX] Status seq=1466 A=4.962 B=196.120
[TX] Status seq=1466 A=4.596 B=190.919
[RX] ForwardPacket from=0x2 target=0xFF cmd=0x0 seq=1467
[TX] Immediate reply seq=1467
[TX] Status seq=1467 A=3.105 B=183.676
[TX] Status seq=1467 A=1.289 B=174.554
[RX] ForwardPacket from=0x2 target=0xFF cmd=0x0 seq=1468
[TX] Immediate reply seq=1468
[TX] Status seq=1468 A=0.123 B=163.757
[TX] Status seq=1468 A=0.233 B=151.527
[RX] ForwardPacket from=0x2 target=0xFF cmd=0x0 seq=1469
[TX] Immediate reply seq=1469
[TX] Status seq=1469 A=1.559 B=138.141
[TX] Status seq=1469 A=3.390 B=123.900
[RX] ForwardPacket from=0x2 target=0xFF cmd=0x0 seq=1470
[TX] Immediate reply seq=1470
[TX] Status seq=1470 A=4.744 B=109.121
[TX] Status seq=1470 A=4.893 B=94.138
[RX] ForwardPacket from=0x2 target=0xFF cmd=0x0 seq=1471
[TX] Immediate reply seq=1471
[TX] Status seq=1471 A=3.758 B=79.283
[TX] Status seq=1471 A=1.948 B=64.897
[RX] ForwardPacket from=0x2 target=0xFF cmd=0x0 seq=1472
[TX] Immediate reply seq=1472
[TX] Status seq=1472 A=0.434 B=51.299
[TX] Status seq=1472 A=0.029 B=38.794
[RX] ForwardPacket from=0x2 target=0xFF cmd=0x0 seq=1473
[TX] Immediate reply seq=1473
[TX] Status seq=1473 A=0.949 B=27.664
[TX] Status seq=1473 A=2.702 B=18.157
[RX] ForwardPacket from=0x2 target=0xFF cmd=0x0 seq=1474
[TX] Immediate reply seq=1474
[TX] Status seq=1474 A=4.346 B=10.489
[TX] Status seq=1474 A=5.000 B=4.832
[RX] ForwardPacket from=0x2 target=0xFF cmd=0x0 seq=1475
[TX] Immediate reply seq=1475
[TX] Status seq=1475 A=4.312 B=1.312
[TX] Status seq=1475 A=2.651 B=0.007
[RX] ForwardPacket from=0x2 target=0xFF cmd=0x0 seq=1476
[TX] Immediate reply seq=1476
[TX] Status seq=1476 A=0.910 B=0.949
[TX] Status seq=1476 A=0.022 B=4.115
[RX] ForwardPacket from=0x2 target=0xFF cmd=0x0 seq=1477
[TX] Immediate reply seq=1477
[TX] Status seq=1477 A=0.463 B=9.434
[TX] Status seq=1477 A=1.998 B=16.787
[RX] ForwardPacket from=0x2 target=0xFF cmd=0x0 seq=1478
[TX] Immediate reply seq=1478
[TX] Status seq=1478 A=3.802 B=26.009
[TX] Status seq=1478 A=4.907 B=36.894
[RX] ForwardPacket from=0x2 target=0xFF cmd=0x0 seq=1479
[TX] Immediate reply seq=1479
[TX] Status seq=1479 A=4.721 B=49.195
[TX] Status seq=1479 A=3.343 B=62.636
[RX] ForwardPacket from=0x2 target=0xFF cmd=0x0 seq=1480
[TX] Immediate reply seq=1480
[TX] Status seq=1480 A=1.512 B=76.917
[TX] Status seq=1480 A=0.212 B=91.716
[RX] ForwardPacket from=0x2 target=0xFF cmd=0x0 seq=1481
[TX] Immediate reply seq=1481
[TX] Status seq=1481 A=0.139 B=106.704
[TX] Status seq=1481 A=1.334 B=121.538
[RX] ForwardPacket from=0x2 target=0xFF cmd=0x0 seq=1482
[TX] Immediate reply seq=1482
[TX] Status seq=1482 A=3.154 B=135.889
[TX] Status seq=1482 A=4.623 B=149.433
[RX] ForwardPacket from=0x2 target=0xFF cmd=0x0 seq=1483
[TX] Immediate reply seq=1483
[TX] Status seq=1483 A=4.953 B=161.868
[TX] Status seq=1483 A=3.967 B=172.916
[RX] ForwardPacket from=0x2 target=0xFF cmd=0x0 seq=1484
[TX] Immediate reply seq=1484
[TX] Status seq=1484 A=2.193 B=182.323
[TX] Status seq=1484 A=0.584 B=189.882
[RX] ForwardPacket from=0x2 target=0xFF cmd=0x0 seq=1485
[TX] Immediate reply seq=1485
[TX] Status seq=1485 A=0.003 B=195.423
[TX] Status seq=1485 A=0.762 B=198.821
[RX] ForwardPacket from=0x2 target=0xFF cmd=0x0 seq=1486
[TX] Immediate reply seq=1486
[TX] Status seq=1486 A=2.454 B=199.999
[TX] Status seq=1486 A=4.170 B=198.932
[RX] ForwardPacket from=0x2 target=0xFF cmd=0x0 seq=1487
[TX] Immediate reply seq=1487
[TX] Status seq=1487 A=4.990 B=195.643
[TX] Status seq=1487 A=4.474 B=190.206
[RX] ForwardPacket from=0x2 target=0xFF cmd=0x0 seq=1488
[TX] Immediate reply seq=1488
[TX] Status seq=1488 A=2.899 B=182.744
[TX] Status seq=1488 A=1.109 B=173.421
[RX] ForwardPacket from=0x2 target=0xFF cmd=0x0 seq=1489
[TX] Immediate reply seq=1489
[TX] Status seq=1489 A=0.066 B=162.452
[TX] Status seq=1489 A=0.329 B=150.080
[RX] ForwardPacket from=0x2 target=0xFF cmd=0x0 seq=1490
[TX] Immediate reply seq=1490
[TX] Status seq=1490 A=1.757 B=136.583
[TX] Status seq=1490 A=3.583 B=122.265
[RX] ForwardPacket from=0x2 target=0xFF cmd=0x0 seq=1491
[TX] Immediate reply seq=1491
[TX] Status seq=1491 A=4.828 B=107.444
[TX] Status seq=1491 A=4.824 B=92.458
[RX] ForwardPacket from=0x2 target=0xFF cmd=0x0 seq=1492
[TX] Immediate reply seq=1492
[TX] Status seq=1492 A=3.572 B=77.642
[TX] Status seq=1492 A=1.745 B=63.328
[RX] ForwardPacket from=0x2 target=0xFF cmd=0x0 seq=1493
[TX] Immediate reply seq=1493
[TX] Status seq=1493 A=0.323 B=49.838
[TX] Status seq=1493 A=0.069 B=37.472
[RX] ForwardPacket from=0x2 target=0xFF cmd=0x0 seq=1494
[TX] Immediate reply seq=1494
[TX] Status seq=1494 A=1.120 B=26.512
[TX] Status seq=1494 A=2.911 B=17.203
[RX] ForwardPacket from=0x2 target=0xFF cmd=0x0 seq=1495
[TX] Immediate reply seq=1495
[TX] Status seq=1495 A=4.481 B=9.753
[TX] Status seq=1495 A=4.989 B=4.329
[RX] ForwardPacket from=0x2 target=0xFF cmd=0x0 seq=1496
[TX] Immediate reply seq=1496
[TX] Status seq=1496 A=4.161 B=1.054
[TX] Status seq=1496 A=2.441 B=0.001
[RX] ForwardPacket from=0x2 target=0xFF cmd=0x0 seq=1497
[TX] Immediate reply seq=1497
[TX] Status seq=1497 A=0.753 B=1.194
[TX] Status seq=1497 A=0.003 B=4.606
[RX] ForwardPacket from=0x2 target=0xFF cmd=0x0 seq=1498
[TX] Immediate reply seq=1498
[TX] Status seq=1498 A=0.592 B=10.160
[TX] Status seq=1498 A=2.205 B=17.733
[RX] ForwardPacket from=0x2 target=0xFF cmd=0x0 seq=1499
[TX] Immediate reply seq=1499
[TX] Status seq=1499 A=3.977 B=27.152
[TX] Status seq=1499 A=4.956 B=38.207
[RX] ForwardPacket from=0x2 target=0xFF cmd=0x0 seq=1500
[TX] Immediate reply seq=1500
[TX] Status seq=1500 A=4.617 B=50.649
[TX] Status seq=1500 A=3.142 B=64.200
[RX] ForwardPacket from=0x2 target=0xFF cmd=0x0 seq=1501
[TX] Immediate reply seq=1501
[TX] Status seq=1501 A=1.323 B=78.558
[TX] Status seq=1501 A=0.135 B=93.394
[RX] ForwardPacket from=0x2 target=0xFF cmd=0x0 seq=1502
[TX] Immediate reply seq=1502
[TX] Status seq=1502 A=0.217 B=108.379
[TX] Status seq=1502 A=1.523 B=123.176
[RX] ForwardPacket from=0x2 target=0xFF cmd=0x0 seq=1503
[TX] Immediate reply seq=1503
[TX] Status seq=1503 A=3.354 B=137.452
[TX] Status seq=1503 A=4.727 B=150.890
[RX] ForwardPacket from=0x2 target=0xFF cmd=0x0 seq=1504
[TX] Immediate reply seq=1504
[TX] Status seq=1504 A=4.904 B=163.182
[TX] Status seq=1504 A=3.792 B=174.055
[RX] ForwardPacket from=0x2 target=0xFF cmd=0x0 seq=1505
[TX] Immediate reply seq=1505
[TX] Status seq=1505 A=1.986 B=183.265
[TX] Status seq=1505 A=0.456 B=190.606
[RX] ForwardPacket from=0x2 target=0xFF cmd=0x0 seq=1506
[TX] Immediate reply seq=1506
[TX] Status seq=1506 A=0.023 B=195.913
[TX] Status seq=1506 A=0.919 B=199.064
[RX] ForwardPacket from=0x2 target=0xFF cmd=0x0 seq=1507
[TX] Immediate reply seq=1507
[TX] Status seq=1507 A=2.664 B=199.991
[TX] Status seq=1507 A=4.320 B=198.673
[RX] ForwardPacket from=0x2 target=0xFF cmd=0x0 seq=1508
[TX] Immediate reply seq=1508
[TX] Status seq=1508 A=5.000 B=195.139
[TX] Status seq=1508 A=4.338 B=189.467
[RX] ForwardPacket from=0x2 target=0xFF cmd=0x0 seq=1509
[TX] Immediate reply seq=1509
[TX] Status seq=1509 A=2.690 B=181.787
[TX] Status seq=1509 A=0.940 B=172.270
[RX] ForwardPacket from=0x2 target=0xFF cmd=0x0 seq=1510
[TX] Immediate reply seq=1510
[TX] Status seq=1510 A=0.027 B=161.131
[TX] Status seq=1510 A=0.441 B=148.618
[RX] ForwardPacket from=0x2 target=0xFF cmd=0x0 seq=1511
[TX] Immediate reply seq=1511
[TX] Status seq=1511 A=1.960 B=135.011
[TX] Status seq=1511 A=3.769 B=120.621
[RX] ForwardPacket from=0x2 target=0xFF cmd=0x0 seq=1512
[TX] Immediate reply seq=1512
[TX] Status seq=1512 A=4.897 B=105.767
[TX] Status seq=1512 A=4.738 B=90.784
[RX] ForwardPacket from=0x2 target=0xFF cmd=0x0 seq=1513
[TX] Immediate reply seq=1513
[TX] Status seq=1513 A=3.379 B=76.008
[TX] Status seq=1513 A=1.548 B=61.768
[RX] ForwardPacket from=0x2 target=0xFF cmd=0x0 seq=1514
[TX] Immediate reply seq=1514
[TX] Status seq=1514 A=0.228 B=48.389
[TX] Status seq=1514 A=0.127 B=36.169
[RX] ForwardPacket from=0x2 target=0xFF cmd=0x0 seq=1515
[TX] Immediate reply seq=1515
[TX] Status seq=1515 A=1.300 B=25.383
[TX] Status seq=1515 A=3.116 B=16.272
[RX] ForwardPacket from=0x2 target=0xFF cmd=0x0 seq=1516
[TX] Immediate reply seq=1516
[TX] Status seq=1516 A=4.602 B=9.040
[TX] Status seq=1516 A=4.960 B=3.853
[RX] ForwardPacket from=0x2 target=0xFF cmd=0x0 seq=1517
[TX] Immediate reply seq=1517
[TX] Status seq=1517 A=3.998 B=0.824
[TX] Status seq=1517 A=2.232 B=0.023
[TX] Status seq=1517 A=0.609 B=1.467
[TX] Status seq=1517 A=0.002 B=5.124
[RX] ForwardPacket from=0x2 target=0xFF cmd=0x0 seq=1519
[TX] Immediate reply seq=1519
[TX] Status seq=1519 A=0.735 B=10.912
[TX] Status seq=1519 A=2.415 B=18.699
[RX] ForwardPacket from=0x2 target=0xFF cmd=0x0 seq=1520
[TX] Immediate reply seq=1520
[TX] Status seq=1520 A=4.141 B=28.313
[TX] Status seq=1520 A=4.986 B=39.536
[RX] ForwardPacket from=0x2 target=0xFF cmd=0x0 seq=1521
[TX] Immediate reply seq=1521
[TX] Status seq=1521 A=4.498 B=52.120
[TX] Status seq=1521 A=2.937 B=65.777
[RX] ForwardPacket from=0x2 target=0xFF cmd=0x0 seq=1522
[TX] Immediate reply seq=1522
[TX] Status seq=1522 A=1.142 B=80.202
[TX] Status seq=1522 A=0.076 B=95.072
[RX] ForwardPacket from=0x2 target=0xFF cmd=0x0 seq=1523
[TX] Immediate reply seq=1523
[TX] Status seq=1523 A=0.310 B=110.052
[TX] Status seq=1523 A=1.720 B=124.810
[RX] ForwardPacket from=0x2 target=0xFF cmd=0x0 seq=1524
[TX] Immediate reply seq=1524
[TX] Status seq=1524 A=3.548 B=139.007
[TX] Status seq=1524 A=4.814 B=152.329
[RX] ForwardPacket from=0x2 target=0xFF cmd=0x0 seq=1525
[TX] Immediate reply seq=1525
[TX] Status seq=1525 A=4.838 B=164.475
[TX] Status seq=1525 A=3.607 B=175.174
[RX] ForwardPacket from=0x2 target=0xFF cmd=0x0 seq=1526
[TX] Immediate reply seq=1526
[TX] Status seq=1526 A=1.782 B=184.186
[TX] Status seq=1526 A=0.343 B=191.305
[RX] ForwardPacket from=0x2 target=0xFF cmd=0x0 seq=1527
[TX] Immediate reply seq=1527
[TX] Status seq=1527 A=0.060 B=196.375
[TX] Status seq=1527 A=1.088 B=199.280
[RX] ForwardPacket from=0x2 target=0xFF cmd=0x0 seq=1528
[TX] Immediate reply seq=1528
[TX] Status seq=1528 A=2.873 B=199.955
[TX] Status seq=1528 A=4.458 B=198.386
[RX] ForwardPacket from=0x2 target=0xFF cmd=0x0 seq=1529
[TX] Immediate reply seq=1529
[TX] Status seq=1529 A=4.992 B=194.607
[TX] Status seq=1529 A=4.189 B=188.704
[RX] ForwardPacket from=0x2 target=0xFF cmd=0x0 seq=1530
[TX] Immediate reply seq=1530
[TX] Status seq=1530 A=2.480 B=180.809
[TX] Status seq=1530 A=0.781 B=171.099
[RX] ForwardPacket from=0x2 target=0xFF cmd=0x0 seq=1531
[TX] Immediate reply seq=1531
[TX] Status seq=1531 A=0.005 B=159.790
[TX] Status seq=1531 A=0.567 B=147.140
[RX] ForwardPacket from=0x2 target=0xFF cmd=0x0 seq=1532
[TX] Immediate reply seq=1532
[TX] Status seq=1532 A=2.167 B=133.432
[TX] Status seq=1532 A=3.945 B=118.974
[RX] ForwardPacket from=0x2 target=0xFF cmd=0x0 seq=1533
[TX] Immediate reply seq=1533
[TX] Status seq=1533 A=4.948 B=104.089
[TX] Status seq=1533 A=4.637 B=89.109
[RX] ForwardPacket from=0x2 target=0xFF cmd=0x0 seq=1534
[TX] Immediate reply seq=1534
[TX] Status seq=1534 A=3.179 B=74.377
[TX] Status seq=1534 A=1.357 B=60.221
[RX] ForwardPacket from=0x2 target=0xFF cmd=0x0 seq=1535
[TX] Immediate reply seq=1535
[TX] Status seq=1535 A=0.148 B=46.957
[TX] Status seq=1535 A=0.201 B=34.885
[RX] ForwardPacket from=0x2 target=0xFF cmd=0x0 seq=1536
[TX] Immediate reply seq=1536
[TX] Status seq=1536 A=1.488 B=24.273
[TX] Status seq=1536 A=3.318 B=15.364
[RX] ForwardPacket from=0x2 target=0xFF cmd=0x0 seq=1537
[TX] Immediate reply seq=1537
[TX] Status seq=1537 A=4.709 B=8.355
[TX] Status seq=1537 A=4.914 B=3.405
[RX] ForwardPacket from=0x2 target=0xFF cmd=0x0 seq=1538
[TX] Immediate reply seq=1538
[TX] Status seq=1538 A=3.825 B=0.623
[TX] Status seq=1538 A=2.024 B=0.073
[RX] ForwardPacket from=0x2 target=0xFF cmd=0x0 seq=1539
[TX] Immediate reply seq=1539
[TX] Status seq=1539 A=0.479 B=1.768
[TX] Status seq=1539 A=0.018 B=5.668
[RX] ForwardPacket from=0x2 target=0xFF cmd=0x0 seq=1540
[TX] Immediate reply seq=1540
[TX] Status seq=1540 A=0.889 B=11.687
[TX] Status seq=1540 A=2.625 B=19.689
[RX] ForwardPacket from=0x2 target=0xFF cmd=0x0 seq=1541
[TX] Immediate reply seq=1541
[TX] Status seq=1541 A=4.293 B=29.497
[TX] Status seq=1541 A=4.999 B=40.886
[RX] ForwardPacket from=0x2 target=0xFF cmd=0x0 seq=1542
[TX] Immediate reply seq=1542
[TX] Status seq=1542 A=4.364 B=53.602
[TX] Status seq=1542 A=2.729 B=67.361
[RX] ForwardPacket from=0x2 target=0xFF cmd=0x0 seq=1543
[TX] Immediate reply seq=1543
[TX] Status seq=1543 A=0.970 B=81.852
[TX] Status seq=1543 A=0.033 B=96.754
[RX] ForwardPacket from=0x2 target=0xFF cmd=0x0 seq=1544
[TX] Immediate reply seq=1544
[TX] Status seq=1544 A=0.419 B=111.725
[TX] Status seq=1544 A=1.922 B=126.434
[RX] ForwardPacket from=0x2 target=0xFF cmd=0x0 seq=1545
[TX] Immediate reply seq=1545
[TX] Status seq=1545 A=3.735 B=140.549
[TX] Status seq=1545 A=4.885 B=153.753
[RX] ForwardPacket from=0x2 target=0xFF cmd=0x0 seq=1546
[TX] Immediate reply seq=1546
[TX] Status seq=1546 A=4.755 B=165.753
[TX] Status seq=1546 A=3.415 B=176.273
[TX] Status seq=1546 A=1.584 B=185.081
[TX] Status seq=1546 A=0.244 B=191.978
[RX] ForwardPacket from=0x2 target=0xFF cmd=0x0 seq=1548
[TX] Immediate reply seq=1548
[TX] Status seq=1548 A=0.115 B=196.809
[TX] Status seq=1548 A=1.266 B=199.467
[RX] ForwardPacket from=0x2 target=0xFF cmd=0x0 seq=1549
[TX] Immediate reply seq=1549
[TX] Status seq=1549 A=3.079 B=199.891
[TX] Status seq=1549 A=4.581 B=198.071
[RX] ForwardPacket from=0x2 target=0xFF cmd=0x0 seq=1550
[TX] Immediate reply seq=1550
[TX] Status seq=1550 A=4.967 B=194.049
[TX] Status seq=1550 A=4.029 B=187.916
[RX] ForwardPacket from=0x2 target=0xFF cmd=0x0 seq=1551
[TX] Immediate reply seq=1551
[TX] Status seq=1551 A=2.270 B=179.806
[TX] Status seq=1551 A=0.635 B=169.905
[RX] ForwardPacket from=0x2 target=0xFF cmd=0x0 seq=1552
[TX] Immediate reply seq=1552
[TX] Status seq=1552 A=0.001 B=158.435
[TX] Status seq=1552 A=0.707 B=145.652
[RX] ForwardPacket from=0x2 target=0xFF cmd=0x0 seq=1553
[TX] Immediate reply seq=1553
[TX] Status seq=1553 A=2.376 B=131.844
[TX] Status seq=1553 A=4.111 B=117.318
[RX] ForwardPacket from=0x2 target=0xFF cmd=0x0 seq=1554
[TX] Immediate reply seq=1554
[TX] Status seq=1554 A=4.982 B=102.407
[TX] Status seq=1554 A=4.521 B=87.441
[RX] ForwardPacket from=0x2 target=0xFF cmd=0x0 seq=1555
[TX] Immediate reply seq=1555
[TX] Status seq=1555 A=2.975 B=72.757
[TX] Status seq=1555 A=1.174 B=58.685
[RX] ForwardPacket from=0x2 target=0xFF cmd=0x0 seq=1556
[TX] Immediate reply seq=1556
[TX] Status seq=1556 A=0.085 B=45.538
[TX] Status seq=1556 A=0.292 B=33.617
[RX] Forward================================
 sub node - RS485 test (F756ZG)
================================
RS485 UART started at 115200
TaskManager tasks registered.
Waiting for packets from sub1...
--------------------------------
[TX] Status seq=0 A=4.996 B=195.462
[TX] Status seq=0 A=4.426 B=189.940
[TX] Status seq=0 A=2.823 B=182.398
[TX] Status seq=0 A=1.047 B=173.005
[TX] Status seq=0 A=0.050 B=161.973
[TX] Status seq=0 A=0.368 B=149.549
[TX] Status seq=0 A=1.830 B=136.012
[TX] Status seq=0 A=3.652 B=121.666
[TX] Status seq=0 A=4.855 B=106.834
[TX] Status seq=0 A=4.795 B=91.849
[TX] Status seq=0 A=3.503 B=77.046
[TX] Status seq=0 A=1.673 B=62.759
[TX] Status seq=0 A=0.287 B=49.308
[TX] Status seq=0 A=0.088 B=36.996
[TX] Status seq=0 A=1.184 B=26.099
[TX] Status seq=0 A=2.986 B=16.861
[TX] Status seq=0 A=4.527 B=9.490
[TX] Status seq=0 A=4.981 B=4.153
[TX] Status seq=0 A=4.103 B=0.967
[TX] Status seq=0 A=2.365 B=0.006
[RX] ForwardPacket from=0x2 target=0xFF cmd=0x0 seq=6
[TX] Immediate reply seq=6
[TX] Status seq=6 A=0.700 B=1.290
[TX] Status seq=6 A=0.000 B=4.791
[RX] ForwardPacket from=0x2 target=0xFF cmd=0x0 seq=7
[TX] Immediate reply seq=7
[TX] Status seq=7 A=0.642 B=10.431
[TX] Status seq=7 A=2.281 B=18.081
[RX] ForwardPacket from=0x2 target=0xFF cmd=0x0 seq=8
[TX] Immediate reply seq=8
[TX] Status seq=8 A=4.038 B=27.572
[TX] Status seq=8 A=4.969 B=38.689
[RX] ForwardPacket from=0x2 target=0xFF cmd=0x0 seq=9
[TX] Immediate reply seq=9
[TX] Status seq=9 A=4.575 B=51.183
[TX] Status seq=9 A=3.068 B=64.774
[RX] ForwardPacket from=0x2 target=0xFF cmd=0x0 seq=10
[TX] Immediate reply seq=10
[TX] Status seq=10 A=1.256 B=79.155
[TX] Status seq=10 A=0.112 B=94.005
[RX] ForwardPacket from=0x2 target=0xFF cmd=0x0 seq=11
[TX] Immediate reply seq=11
[TX] Status seq=11 A=0.249 B=108.989
[TX] Status seq=11 A=1.594 B=123.771
[RX] ForwardPacket from=0x2 target=0xFF cmd=0x0 seq=12
[TX] Immediate reply seq=12
[TX] Status seq=12 A=3.426 B=138.020
[TX] Status seq=12 A=4.760 B=151.415
[RX] ForwardPacket from=0x2 target=0xFF cmd=0x0 seq=13
[TX] Immediate reply seq=13
[TX] Status seq=13 A=4.882 B=163.655
[TX] Status seq=13 A=3.726 B=174.465
[RX] ForwardPacket from=0x2 target=0xFF cmd=0x0 seq=14
[TX] Immediate reply seq=14
[TX] Status seq=14 A=1.911 B=183.603
[TX] Status seq=14 A=0.413 B=190.864
[RX] ForwardPacket from=0x2 target=0xFF cmd=0x0 seq=15
[TX] Immediate reply seq=15
[TX] Status seq=15 A=0.035 B=196.084
[TX] Status seq=15 A=0.979 B=199.146
[RX] ForwardPacket from=0x2 target=0xFF cmd=0x0 seq=16
[TX] Immediate reply seq=16
[TX] Status seq=16 A=2.740 B=199.982
[TX] Status seq=16 A=4.372 B=198.572
[RX] ForwardPacket from=0x2 target=0xFF cmd=0x0 seq=17
[TX] Immediate reply seq=17
[TX] Status seq=17 A=4.999 B=194.948
[TX] Status seq=17 A=4.286 B=189.192
[RX] ForwardPacket from=0x2 target=0xFF cmd=0x0 seq=18
[TX] Immediate reply seq=18
[TX] Status seq=18 A=2.614 B=181.433
[TX] Status seq=18 A=0.881 B=171.846
[RX] ForwardPacket from=0x2 target=0xFF cmd=0x0 seq=19
[TX] Immediate reply seq=19
[TX] Status seq=19 A=0.017 B=160.644
[TX] Status seq=19 A=0.485 B=148.081
[RX] ForwardPacket from=0x2 target=0xFF cmd=0x0 seq=20
[TX] Immediate reply seq=20
[TX] Status seq=20 A=2.035 B=134.438
[TX] Status seq=20 A=3.834 B=120.022
[RX] ForwardPacket from=0x2 target=0xFF cmd=0x0 seq=21
[TX] Immediate reply seq=21
[TX] Status seq=21 A=4.917 B=105.156
[TX] Status seq=21 A=4.703 B=90.174
[RX] ForwardPacket from=0x2 target=0xFF cmd=0x0 seq=22
[TX] Immediate reply seq=22
[TX] Status seq=22 A=3.307 B=75.413
[TX] Status seq=22 A=1.478 B=61.204
[RX] ForwardPacket from=0x2 target=0xFF cmd=0x0 seq=23
[TX] Immediate reply seq=23
[TX] Status seq=23 A=0.197 B=47.866
[TX] Status seq=23 A=0.152 B=35.699
[RX] ForwardPacket from=0x2 target=0xFF cmd=0x0 seq=24
[TX] Immediate reply seq=24
[TX] Status seq=24 A=1.367 B=24.976
[TX] Status seq=24 A=3.190 B=15.938
[RX] ForwardPacket from=0x2 target=0xFF cmd=0x0 seq=25
[TX] Immediate reply seq=25
[TX] Status seq=25 A=4.643 B=8.788
[TX] Status seq=25 A=4.946 B=3.687
[RX] ForwardPacket from=0x2 target=0xFF cmd=0x0 seq=26
[TX] Immediate reply seq=26
[TX] Status seq=26 A=3.936 B=0.748
[TX] Status seq=26 A=2.156 B=0.038
[RX] ForwardPacket from=0x2 target=0xFF cmd=0x0 seq=27
[TX] Immediate reply seq=27
[TX] Status seq=27 A=0.560 B=1.573
[TX] Status seq=27 A=0.006 B=5.319
[RX] ForwardPacket from=0x2 target=0xFF cmd=0x0 seq=28
[TX] Immediate reply seq=28
[TX] Status seq=28 A=0.790 B=11.191
[TX] Status seq=28 A=2.491 B=19.057
[RX] ForwardPacket from=0x2 target=0xFF cmd=0x0 seq=29
[TX] Immediate reply seq=29
[TX] Status seq=29 A=4.198 B=28.742
[TX] Status seq=29 A=4.993 B=40.026
[RX] ForwardPacket from=0x2 target=0xFF cmd=0x0 seq=30
[TX] Immediate reply seq=30
[TX] Status seq=30 A=4.451 B=52.658
[TX] Status seq=30 A=2.861 B=66.352
[RX] ForwardPacket from=0x2 target=0xFF cmd=0x0 seq=31
[TX] Immediate reply seq=31
[TX] Status seq=31 A=1.078 B=80.803
[TX] Status seq=31 A=0.058 B=95.684
[RX] ForwardPacket from=0x2 target=0xFF cmd=0x0 seq=32
[TX] Immediate reply seq=32
[TX] Status seq=32 A=0.348 B=110.662
[TX] Status seq=32 A=1.793 B=125.401
[RX] ForwardPacket from=0x2 target=0xFF cmd=0x0 seq=33
[TX] Immediate reply seq=33
[TX] Status seq=33 A=3.617 B=139.570
[TX] Status seq=33 A=4.842 B=152.849
[RX] ForwardPacket from=0x2 target=0xFF cmd=0x0 seq=34
[TX] Immediate reply seq=34
[TX] Status seq=34 A=4.810 B=164.942
[TX] Status seq=34 A=3.538 B=175.577
[RX] ForwardPacket from=0x2 target=0xFF cmd=0x0 seq=35
[TX] Immediate reply seq=35
[TX] Status seq=35 A=1.709 B=184.514
[TX] Status seq=35 A=0.305 B=191.553
[RX] ForwardPacket from=0x2 target=0xFF cmd=0x0 seq=36
[TX] Immediate reply seq=36
[TX] Status seq=36 A=0.078 B=196.536
[TX] Status seq=36 A=1.151 B=199.351
[RX] ForwardPacket from=0x2 target=0xFF cmd=0x0 seq=37
[TX] Immediate reply seq=37
[TX] Status seq=37 A=2.948 B=199.935
[TX] Status seq=37 A=4.504 B=198.275
[RX] ForwardPacket from=0x2 target=0xFF cmd=0x0 seq=38
[TX] Immediate reply seq=38
[TX] Status seq=38 A=4.985 B=194.407
[TX] Status seq=38 A=4.132 B=188.419
[RX] ForwardPacket from=0x2 target=0xFF cmd=0x0 seq=39
[TX] Immediate reply seq=39
[TX] Status seq=39 A=2.404 B=180.446
[TX] Status seq=39 A=0.727 B=170.666
[RX] ForwardPacket from=0x2 target=0xFF cmd=0x0 seq=40
[TX] Immediate reply seq=40
[TX] Status seq=40 A=0.001 B=159.299
[TX] Status seq=40 A=0.617 B=146.600
[RX] ForwardPacket from=0x2 target=0xFF cmd=0x0 seq=41
[TX] Immediate reply seq=41
[TX] Status seq=41 A=2.243 B=132.855
[TX] Status seq=41 A=4.007 B=118.372
[RX] ForwardPacket from=0x2 target=0xFF cmd=0x0 seq=42
[TX] Immediate reply seq=42
[TX] Status seq=42 A=4.962 B=103.476
[TX] Status seq=42 A=4.596 B=88.502
[RX] ForwardPacket from=0x2 target=0xFF cmd=0x0 seq=43
[TX] Immediate reply seq=43
[TX] Status seq=43 A=3.105 B=73.787
[TX] Status seq=43 A=1.290 B=59.660
[RX] ForwardPacket from=0x2 target=0xFF cmd=0x0 seq=44
[TX] Immediate reply seq=44
[TX] Status seq=44 A=0.123 B=46.439
[TX] Status seq=44 A=0.232 B=34.421
[RX] ForwardPacket from=0x2 target=0xFF cmd=0x0 seq=45
[TX] Immediate reply seq=45
[TX] Status seq=45 A=1.558 B=23.875
[TX] Status seq=45 A=3.390 B=15.040
[RX] ForwardPacket from=0x2 target=0xFF cmd=0x0 seq=46
[TX] Immediate reply seq=46
[TX] Status seq=46 A=4.743 B=8.112
[TX] Status seq=46 A=4.893 B=3.248
[RX] ForwardPacket from=0x2 target=0xFF cmd=0x0 seq=47
[TX] Immediate reply seq=47
[TX] Status seq=47 A=3.759 B=0.557
[TX] Status seq=47 A=1.949 B=0.099
[RX] ForwardPacket from=0x2 target=0xFF cmd=0x0 seq=48
[TX] Immediate reply seq=48
[TX] Status seq=48 A=0.435 B=1.884
[TX] Status seq=48 A=0.029 B=5.873
[RX] ForwardPacket from=0x2 target=0xFF cmd=0x0 seq=49
[TX] Immediate reply seq=49
[TX] Status seq=49 A=0.949 B=11.976
[TX] Status seq=49 A=2.701 B=20.056
[RX] ForwardPacket from=0x2 target=0xFF cmd=0x0 seq=50
[TX] Immediate reply seq=50
[TX] Status seq=50 A=4.346 B=29.931
[TX] Status seq=50 A=5.000 B=41.380
[RX] ForwardPacket from=0x2 target=0xFF cmd=0x0 seq=51
[TX] Immediate reply seq=51
[TX] Status seq=51 A=4.312 B=54.145
[TX] Status seq=51 A=2.652 B=67.940
[RX] ForwardPacket from=0x2 target=0xFF cmd=0x0 seq=52
[TX] Immediate reply seq=52
[TX] Status seq=52 A=0.911 B=82.455
[TX] Status seq=52 A=0.022 B=97.364
[RX] ForwardPacket from=0x2 target=0xFF cmd=0x0 seq=53
[TX] Immediate reply seq=53
[TX] Status seq=53 A=0.463 B=112.333
[TX] Status seq=53 A=1.997 B=127.024
[RX] ForwardPacket from=0x2 target=0xFF cmd=0x0 seq=54
[TX] Immediate reply seq=54
[TX] Status seq=54 A=3.801 B=141.108
[TX] Status seq=54 A=4.907 B=154.269
[RX] ForwardPacket from=0x2 target=0xFF cmd=0x0 seq=55
[TX] Immediate reply seq=55
[TX] Status seq=55 A=4.721 B=166.212
[TX] Status seq=55 A=3.344 B=176.667
[RX] ForwardPacket from=0x2 target=0xFF cmd=0x0 seq=56
[TX] Immediate reply seq=56
[TX] Status seq=56 A=1.513 B=185.401
[TX] Status seq=56 A=0.212 B=192.216
[RX] ForwardPacket from=0x2 target=0xFF cmd=0x0 seq=57
[TX] Immediate reply seq=57
[TX] Status seq=57 A=0.139 B=196.961
[TX] Status seq=57 A=1.333 B=199.528
[RX] ForwardPacket from=0x2 target=0xFF cmd=0x0 seq=58
[TX] Immediate reply seq=58
[TX] Status seq=58 A=3.153 B=199.860
[TX] Status seq=58 A=4.623 B=197.950
[RX] ForwardPacket from=0x2 target=0xFF cmd=0x0 seq=59
[TX] Immediate reply seq=59
[TX] Status seq=59 A=4.953 B=193.839
[TX] Status seq=59 A=3.968 B=187.621
[RX] ForwardPacket from=0x2 target=0xFF cmd=0x0 seq=60
[TX] Immediate reply seq=60
[TX] Status seq=60 A=2.194 B=179.436
[TX] Status seq=60 A=0.585 B=169.466
[RX] ForwardPacket from=0x2 target=0xFF cmd=0x0 seq=61
[TX] Immediate reply seq=61
[TX] Status seq=61 A=0.003 B=157.937
[TX] Status seq=61 A=0.762 B=145.106
[RX] ForwardPacket from=0x2 target=0xFF cmd=0x0 seq=62
[TX] Immediate reply seq=62
[TX] Status seq=62 A=2.453 B=131.262
[TX] Status seq=62 A=4.169 B=116.716
[TX] Status seq=62 A=4.990 B=101.795
[TX] Status seq=62 A=4.475 B=86.833
[RX] ForwardPacket from=0x2 target=0xFF cmd=0x0 seq=64
[TX] Immediate reply seq=64
[TX] Status seq=64 A=2.900 B=72.167
[TX] Status seq=64 A=1.110 B=58.127
[RX] ForwardPacket from=0x2 target=0xFF cmd=0x0 seq=65
[TX] Immediate reply seq=65
[TX] Status seq=65 A=0.067 B=45.026
[TX] Status seq=65 A=0.329 B=33.161
[RX] ForwardPacket from=0x2 target=0xFF cmd=0x0 seq=66
[TX] Immediate reply seq=66
[TX] Status seq=66 A=1.756 B=22.796
[TX] Status seq=66 A=3.583 B=14.165
[RX] ForwardPacket from=0x2 target=0xFF cmd=0x0 seq=67
[TX] Immediate reply seq=67
[TX] Status seq=67 A=4.828 B=7.462
[TX] Status seq=67 A=4.824 B=2.837
[RX] ForwardPacket from=0x2 target=0xFF cmd=0x0 seq=68
[TX] Immediate reply seq=68
[TX] Status seq=68 A=3.573 B=0.394
[TX] Status seq=68 A=1.746 B=0.188
[RX] ForwardPacket from=0x2 target=0xFF cmd=0x0 seq=69
[TX] Immediate reply seq=69
[TX] Status seq=69 A=0.324 B=2.223
[TX] Status seq=69 A=0.069 B=6.455
[RX] ForwardPacket from=0x2 target=0xFF cmd=0x0 seq=70
[TX] Immediate reply seq=70
[TX] Status seq=70 A=1.119 B=12.787
[TX] Status seq=70 A=2.910 B=21.078
[RX] ForwardPacket from=0x2 target=0xFF cmd=0x0 seq=71
[TX] Immediate reply seq=71
[TX] Status seq=71 A=4.481 B=31.141
[TX] Status seq=71 A=4.989 B=42.751
[RX] ForwardPacket from=0x2 target=0xFF cmd=0x0 seq=72
[TX] Immediate reply seq=72
[TX] Status seq=72 A=4.161 B=55.646
[TX] Status seq=72 A=2.442 B=69.538
[RX] ForwardPacket from=0x2 target=0xFF cmd=0x0 seq=73
[TX] Immediate reply seq=73
[TX] Status seq=73 A=0.754 B=84.113
[TX] Status seq=73 A=0.003 B=99.046
[RX] ForwardPacket from=0x2 target=0xFF cmd=0x0 seq=74
[TX] Immediate reply seq=74
[TX] Status seq=74 A=0.592 B=114.000
[TX] Status seq=74 A=2.204 B=128.639
[RX] ForwardPacket from=0x2 target=0xFF cmd=0x0 seq=75
[TX] Immediate reply seq=75
[TX] Status seq=75 A=3.976 B=142.635
[TX] Status seq=75 A=4.955 B=155.674
[RX] ForwardPacket from=0x2 target=0xFF cmd=0x0 seq=76
[TX] Immediate reply seq=76
[TX] Status seq=76 A=4.617 B=167.463
[TX] Status seq=76 A=3.143 B=177.736
[RX] ForwardPacket from=0x2 target=0xFF cmd=0x0 seq=77
[TX] Immediate reply seq=77
[TX] Status seq=77 A=1.324 B=186.264
[TX] Status seq=77 A=0.136 B=192.854
[RX] ForwardPacket from=0x2 target=0xFF cmd=0x0 seq=78
[TX] Immediate reply seq=78
[TX] Status seq=78 A=0.216 B=197.359
[TX] Status seq=78 A=1.523 B=199.677
[RX] ForwardPacket from=0x2 target=0xFF cmd=0x0 seq=79
[TX] Immediate reply seq=79
[TX] Status seq=79 A=3.353 B=199.757
[TX] Status seq=79 A=4.726 B=197.597
[RX] ForwardPacket from=0x2 target=0xFF cmd=0x0 seq=80
[TX] Immediate reply seq=80
[TX] Status seq=80 A=4.904 B=193.245
[TX] Status seq=80 A=3.792 B=186.799
[RX] ForwardPacket from=0x2 target=0xFF cmd=0x0 seq=81
[TX] Immediate reply seq=81
[TX] Status seq=81 A=1.987 B=178.403
[TX] Status seq=81 A=0.457 B=168.247
[RX] ForwardPacket from=0x2 target=0xFF cmd=0x0 seq=82
[TX] Immediate reply seq=82
[TX] Status seq=82 A=0.023 B=156.558
[TX] Status seq=82 A=0.919 B=143.599
[RX] ForwardPacket from=0x2 target=0xFF cmd=0x0 seq=83
[TX] Immediate reply seq=83
[TX] Status seq=83 A=2.663 B=129.660
[TX] Status seq=83 A=4.320 B=115.056
[RX] ForwardPacket from=0x2 target=0xFF cmd=0x0 seq=84
[TX] Immediate reply seq=84
[TX] Status seq=84 A=5.000 B=100.114
[TX] Status seq=84 A=4.339 B=85.169
[RX] ForwardPacket from=0x2 target=0xFF cmd=0x0 seq=85
[TX] Immediate reply seq=85
[TX] Status seq=85 A=2.691 B=70.557
[TX] Status seq=85 A=0.941 B=56.606
[RX] ForwardPacket from=0x2 target=0xFF cmd=0x0 seq=86
[TX] Immediate reply seq=86
[TX] Status seq=86 A=0.027 B=43.629
[TX] Status seq=86 A=0.441 B=31.919
[RX] ForwardPacket from=0x2 target=0xFF cmd=0x0 seq=87
[TX] Immediate reply seq=87
[TX] Status seq=87 A=1.959 B=21.738
[TX] Status seq=87 A=3.768 B=13.314
[RX] ForwardPacket from=0x2 target=0xFF cmd=0x0 seq=88
[TX] Immediate reply seq=88
[TX] Status seq=88 A=4.896 B=6.837
[TX] Status seq=88 A=4.739 B=2.453
[RX] ForwardPacket from=0x2 target=0xFF cmd=0x0 seq=89
[TX] Immediate reply seq=89
[TX] Status seq=89 A=3.380 B=0.259
[TX] Status seq=89 A=1.549 B=0.305
[RX] ForwardPacket from=0x2 target=0xFF cmd=0x0 seq=90
[TX] Immediate reply seq=90
[TX] Status seq=90 A=0.228 B=2.589
[TX] Status seq=90 A=0.127 B=7.062
[RX] ForwardPacket from=0x2 target=0xFF cmd=0x0 seq=91
[TX] Immediate reply seq=91
[TX] Status seq=91 A=1.299 B=13.622
[TX] Status seq=91 A=3.115 B=22.121
[RX] ForwardPacket from=0x2 target=0xFF cmd=0x0 seq=92
[TX] Immediate reply seq=92
[TX] Status seq=92 A=4.602 B=32.370
[TX] Status seq=92 A=4.961 B=44.137
[RX] ForwardPacket from=0x2 target=0xFF cmd=0x0 seq=93
[TX] Immediate reply seq=93
[TX] Status seq=93 A=3.999 B=57.159
[TX] Status seq=93 A=2.233 B=71.144
[RX] ForwardPacket from=0x2 target=0xFF cmd=0x0 seq=94
[TX] Immediate reply seq=94
[TX] Status seq=94 A=0.610 B=85.776
[TX] Status seq=94 A=0.002 B=100.727
[RX] ForwardPacket from=0x2 target=0xFF cmd=0x0 seq=95
[TX] Immediate reply seq=95
[TX] Status seq=95 A=0.734 B=115.662
[TX] Status seq=95 A=2.414 B=130.246
[RX] ForwardPacket from=0x2 target=0xFF cmd=0x0 seq=96
[TX] Immediate reply seq=96
[TX] Status seq=96 A=4.140 B=144.150
[TX] Status seq=96 A=4.986 B=157.063
[RX] ForwardPacket from=0x2 target=0xFF cmd=0x0 seq=97
[TX] Immediate reply seq=97
[TX] Status seq=97 A=4.498 B=168.694
[TX] Status seq=97 A=2.938 B=178.783
[TX] Status seq=97 A=1.143 B=187.102
[TX] Status seq=97 A=0.076 B=193.465
[RX] ForwardPacket from=0x2 target=0xFF cmd=0x0 seq=99
[TX] Immediate reply seq=99
[TX] Status seq=99 A=0.310 B=197.729
[TX] Status seq=99 A=1.719 B=199.798
[RX] ForwardPacket from=0x2 target=0xFF cmd=0x0 seq=100
[TX] Immediate reply seq=100
[TX] Status seq=100 A=3.548 B=199.626
[TX] Status seq=100 A=4.814 B=197.217
[RX] ForwardPacket from=0x2 target=0xFF cmd=0x0 seq=101
[TX] Immediate reply seq=101
[TX] Status seq=101 A=4.838 B=192.624
[TX] Status seq=101 A=3.608 B=185.952
[RX] ForwardPacket from=0x2 target=0xFF cmd=0x0 seq=102
[TX] Immediate reply seq=102
[TX] Status seq=102 A=1.783 B=177.348
[TX] Status seq=102 A=0.343 B=167.008
[RX] ForwardPacket from=0x2 target=0xFF cmd=0x0 seq=103
[TX] Immediate reply seq=103
[TX] Status seq=103 A=0.060 B=155.163
[TX] Status seq=103 A=1.087 B=142.079
[RX] ForwardPacket from=0x2 target=0xFF cmd=0x0 seq=104
[TX] Immediate reply seq=104
[TX] Status seq=104 A=2.872 B=128.050
[TX] Status seq=104 A=4.457 B=113.392
[RX] ForwardPacket from=0x2 target=0xFF cmd=0x0 seq=105
[TX] Immediate reply seq=105
[TX] Status seq=105 A=4.992 B=98.432
[TX] Status seq=105 A=4.190 B=83.508
[RX] ForwardPacket from=0x2 target=0xFF cmd=0x0 seq=106
[TX] Immediate reply seq=106
[TX] Status seq=106 A=2.481 B=68.954
[TX] Status seq=106 A=0.782 B=55.097
[RX] ForwardPacket from=0x2 target=0xFF cmd=0x0 seq=107
[TX] Immediate reply seq=107
[TX] Status seq=107 A=0.005 B=42.249
[TX] Status seq=107 A=0.567 B=30.697
[RX] ForwardPacket from=0x2 target=0xFF cmd=0x0 seq=108
[TX] Immediate reply seq=108
[TX] Status seq=108 A=2.166 B=20.702
[TX] Status seq=108 A=3.944 B=12.488
[RX] ForwardPacket from=0x2 target=0xFF cmd=0x0 seq=109
[TX] Immediate reply seq=109
[TX] Status seq=109 A=4.948 B=6.239
[TX] Status seq=109 A=4.638 B=2.096
[RX] ForwardPacket from=0x2 target=0xFF cmd=0x0 seq=110
[TX] Immediate reply seq=110
[TX] Status seq=110 A=3.180 B=0.152
[TX] Status seq=110 A=1.358 B=0.450
[RX] ForwardPacket from=0x2 target=0xFF cmd=0x0 seq=111
[TX] Immediate reply seq=111
[TX] Status seq=111 A=0.148 B=2.983
[TX] Status seq=111 A=0.201 B=7.696
[RX] ForwardPacket from=0x2 target=0xFF cmd=0x0 seq=112
[TX] Immediate reply seq=112
[TX] Status seq=112 A=1.487 B=14.481
[TX] Status seq=112 A=3.317 B=23.187
[RX] ForwardPacket from=0x2 target=0xFF cmd=0x0 seq=113
[TX] Immediate reply seq=113
[TX] Status seq=113 A=4.708 B=33.618
[TX] Status seq=113 A=4.915 B=45.540
[RX] ForwardPacket from=0x2 target=0xFF cmd=0x0 seq=114
[TX] Immediate reply seq=114
[TX] Status seq=114 A=3.825 B=58.685
[TX] Status seq=114 A=2.025 B=72.757
[RX] ForwardPacket from=0x2 target=0xFF cmd=0x0 seq=115
[TX] Immediate reply seq=115
[TX] Status seq=115 A=0.479 B=87.442
[TX] Status seq=115 A=0.018 B=102.408
[RX] ForwardPacket from=0x2 target=0xFF cmd=0x0 seq=116
[TX] Immediate reply seq=116
[TX] Status seq=116 A=0.889 B=117.321
[TX] Status seq=116 A=2.624 B=131.844
[RX] ForwardPacket from=0x2 target=0xFF cmd=0x0 seq=117
[TX] Immediate reply seq=117
[TX] Status seq=117 A=4.293 B=145.653
[TX] Status seq=117 A=4.999 B=158.436
[RX] ForwardPacket from=0x2 target=0xFF cmd=0x0 seq=118
[TX] Immediate reply seq=118
[TX] Status seq=118 A=4.365 B=169.906
[TX] Status seq=118 A=2.730 B=179.807
[RX] ForwardPacket from=0x2 target=0xFF cmd=0x0 seq=119
[TX] Immediate reply seq=119
[TX] Status seq=119 A=0.971 B=187.916
[TX] Status seq=119 A=0.033 B=194.050
[RX] ForwardPacket from=0x2 target=0xFF cmd=0x0 seq=120
[TX] Immediate reply seq=120
[TX] Status seq=120 A=0.419 B=198.072
[TX] Status seq=120 A=1.921 B=199.891
[RX] ForwardPacket from=0x2 target=0xFF cmd=0x0 seq=121
[TX] Immediate reply seq=121
[TX] Status seq=121 A=3.734 B=199.467
[TX] Status seq=121 A=4.885 B=196.809
[RX] ForwardPacket from=0x2 target=0xFF cmd=0x0 seq=122
[TX] Immediate reply seq=122
[TX] Status seq=122 A=4.756 B=191.977
[TX] Status seq=122 A=3.416 B=185.080
[RX] ForwardPacket from=0x2 target=0xFF cmd=0x0 seq=123
[TX] Immediate reply seq=123
[TX] Status seq=123 A=1.585 B=176.272
[TX] Status seq=123 A=0.245 B=165.751
[RX] ForwardPacket from=0x2 target=0xFF cmd=0x0 seq=124
[TX] Immediate reply seq=124
[TX] Status seq=124 A=0.115 B=153.753
[TX] Status seq=124 A=1.265 B=140.548
[RX] ForwardPacket from=0x2 target=0xFF cmd=0x0 seq=125
[TX] Immediate reply seq=125
[TX] Status seq=125 A=3.078 B=126.433
[TX] Status seq=125 A=4.581 B=111.724
[RX] ForwardPacket from=0x2 target=0xFF cmd=0x0 seq=126
[TX] Immediate reply seq=126
[TX] Status seq=126 A=4.967 B=96.752
[TX] Status seq=126 A=4.030 B=81.852
[RX] ForwardPacket from=0x2 target=0xFF cmd=0x0 seq=127
[TX] Immediate reply seq=127
[TX] Status seq=127 A=2.271 B=67.360
[TX] Status seq=127 A=0.636 B=53.601
[RX] ForwardPacket from=0x2 target=0xFF cmd=0x0 seq=128
[TX] Immediate reply seq=128
[TX] Status seq=128 A=0.001 B=40.884
[TX] Status seq=128 A=0.707 B=29.495
[RX] ForwardPacket from=0x2 target=0xFF cmd=0x0 seq=129
[TX] Immediate reply seq=129
[TX] Status seq=129 A=2.375 B=19.689
[TX] Status seq=129 A=4.111 B=11.687
[RX] ForwardPacket from=0x2 target=0xFF cmd=0x0 seq=130
[TX] Immediate reply seq=130
[TX] Status seq=130 A=4.982 B=5.668
[TX] Status seq=130 A=4.521 B=1.768
[RX] ForwardPacket from=0x2 target=0xFF cmd=0x0 seq=131
[TX] Immediate reply seq=131
[TX] Status seq=131 A=2.976 B=0.073
[TX] Status seq=131 A=1.175 B=0.623
[RX] ForwardPacket from=0x2 target=0xFF cmd=0x0 seq=132
[TX] Immediate reply seq=132
[TX] Status seq=132 A=0.086 B=3.405
[TX] Status seq=132 A=0.291 B=8.356
[RX] ForwardPacket from=0x2 target=0xFF cmd=0x0 seq=133
[TX] Immediate reply seq=133
[TX] Status seq=133 A=1.683 B=15.365
[TX] Status seq=133 A=3.512 B=24.274
[RX] ForwardPacket from=0x2 target=0xFF cmd=0x0 seq=134
[TX] Immediate reply seq=134
[TX] Status seq=134 A=4.799 B=34.885
[TX] Status seq=134 A=4.852 B=46.958
[RX] ForwardPacket from=0x2 target=0xFF cmd=0x0 seq=135
[TX] Immediate reply seq=135
[TX] Status seq=135 A=3.643 B=60.222
[TX] Status seq=135 A=1.820 B=74.379
[RX] ForwardPacket from=0x2 target=0xFF cmd=0x0 seq=136
[TX] Immediate reply seq=136
[TX] Status seq=136 A=0.363 B=89.111
[TX] Status seq=136 A=0.052 B=104.089
[RX] ForwardPacket from=0x2 target=0xFF cmd=0x0 seq=137
[TX] Immediate reply seq=137
[TX] Status seq=137 A=1.055 B=118.974
[TX] Status seq=137 A=2.833 B=133.433
[RX] ForwardPacket from=0x2 target=0xFF cmd=0x0 seq=138
[TX] Immediate reply seq=138
[TX] Status seq=138 A=4.433 B=147.142
[TX] Status seq=138 A=4.995 B=159.792
[RX] ForwardPacket from=0x2 target=0xFF cmd=0x0 seq=139
[TX] Immediate reply seq=139
[TX] Status seq=139 A=4.218 B=171.099
[TX] Status seq=139 A=2.520 B=180.809
[RX] ForwardPacket from=0x2 target=0xFF cmd=0x0 seq=140
[TX] Immediate reply seq=140
[TX] Status seq=140 A=0.810 B=188.704
[TX] Status seq=140 A=0.008 B=194.608
[RX] ForwardPacket from=0x2 target=0xFF cmd=0x0 seq=141
[TX] Immediate reply seq=141
[TX] Status seq=141 A=0.542 B=198.386
[TX] Status seq=141 A=2.128 B=199.955
[RX] ForwardPacket from=0x2 target=0xFF cmd=0x0 seq=142
[TX] Immediate reply seq=142
[TX] Status seq=142 A=3.913 B=199.280
[TX] Status seq=142 A=4.940 B=196.374
[RX] ForwardPacket from=0x2 target=0xFF cmd=0x0 seq=143
[TX] Immediate reply seq=143
[TX] Status seq=143 A=4.657 B=191.305
[TX] Status seq=143 A=3.217 B=184.185
[RX] ForwardPacket from=0x2 target=0xFF cmd=0x0 seq=144
[TX] Immediate reply seq=144
[TX] Status seq=144 A=1.393 B=175.174
[TX] Status seq=144 A=0.162 B=164.475
[RX] ForwardPacket from=0x2 target=0xFF cmd=0x0 seq=145
[TX] Immediate reply seq=145
[TX] Status seq=145 A=0.186 B=152.328
[TX] Status seq=145 A=1.452 B=139.006
[RX] ForwardPacket from=0x2 target=0xFF cmd=0x0 seq=146
[TX] Immediate reply seq=146
[TX] Status seq=146 A=3.280 B=124.808
[TX] Status seq=146 A=4.690 B=110.052
[RX] ForwardPacket from=0x2 target=0xFF cmd=0x0 seq=147
[TX] Immediate reply seq=147
[TX] Status seq=147 A=4.924 B=95.071
[TX] Status seq=147 A=3.858 B=80.201
[RX] ForwardPacket from=0x2 target=0xFF cmd=0x0 seq=148
[TX] Immediate reply seq=148
[TX] Status seq=148 A=2.063 B=65.775
[TX] Status seq=148 A=0.502 B=52.118
[RX] ForwardPacket from=0x2 target=0xFF cmd=0x0 seq=149
[TX] Immediate reply seq=149
[TX] Status seq=149 A=0.014 B=39.537
[TX] Status seq=149 A=0.859 B=28.313
[RX] ForwardPacket from=0x2 target=0xFF cmd=0x0 seq=150
[TX] Immediate reply seq=150
[TX] Status seq=150 A=2.585 B=18.699
[TX] Status seq=150 A=4.266 B=10.911
[RX] ForwardPacket from=0x2 target=0xFF cmd=0x0 seq=151
[TX] Immediate reply seq=151
[TX] Status seq=151 A=4.998 B=5.123
[TX] Status seq=151 A=4.390 B=1.467
[RX] ForwardPacket from=0x2 target=0xFF cmd=0x0 seq=152
[TX] Immediate reply seq=152
[TX] Status seq=152 A=2.768 B=0.023
[TX] Status seq=152 A=1.002 B=0.825
[RX] ForwardPacket from=0x2 target=0xFF cmd=0x0 seq=153
[TX] Immediate reply seq=153
[TX] Status seq=153 A=0.040 B=3.853
[TX] Status seq=153 A=0.398 B=9.041
[RX] ForwardPacket from=0x2 target=0xFF cmd=0x0 seq=154
[TX] Immediate reply seq=154
[TX] Status seq=154 A=1.884 B=16.272
[TX] Status seq=154 A=3.701 B=25.383
[RX] ForwardPacket from=0x2 target=0xFF cmd=0x0 seq=155
[TX] Immediate reply seq=155
[TX] Status seq=155 A=4.873 B=36.170
[TX] Status seq=155 A=4.772 B=48.391
[RX] ForwardPacket from=0x2 target=0xFF cmd=0x0 seq=156
[TX] Immediate reply seq=156
[TX] Status seq=156 A=3.452 B=61.770
[TX] Status seq=156 A=1.621 B=76.008
[RX] ForwardPacket from=0x2 target=0xFF cmd=0x0 seq=157
[TX] Immediate reply seq=157
[TX] Status seq=157 A=0.261 B=90.785
[TX] Status seq=157 A=0.103 B=105.768
[RX] ForwardPacket from=0x2 target=0xFF cmd=0x0 seq=158
[TX] Immediate reply seq=158
[TX] Status seq=158 A=1.231 B=120.622
[TX] Status seq=158 A=3.040 B=135.014
[RX] ForwardPacket from=0x2 target=0xFF cmd=0x0 seq=159
[TX] Immediate reply seq=159
[TX] Status seq=159 A=4.559 B=148.618
[TX] Status seq=159 A=4.973 B=161.131
[RX] ForwardPacket from=0x2 target=0xFF cmd=0x0 seq=160
[TX] Immediate reply seq=160
[TX] Status seq=160 A=4.060 B=172.271
[TX] Status seq=160 A=2.310 B=181.788
[RX] ForwardPacket from=0x2 target=0xFF cmd=0x0 seq=161
[TX] Immediate reply seq=161
[TX] Status seq=161 A=0.662 B=189.468
[TX] Status seq=161 A=0.000 B=195.139
[RX] ForwardPacket from=0x2 target=0xFF cmd=0x0 seq=162
[TX] Immediate reply seq=162
[TX] Status seq=162 A=0.680 B=198.673
[TX] Status seq=162 A=2.337 B=199.991
[RX] ForwardPacket from=0x2 target=0xFF cmd=0x0 seq=163
[TX] Immediate reply seq=163
[TX] Status seq=163 A=4.081 B=199.064
[TX] Status seq=163 A=4.977 B=195.912
[RX] ForwardPacket from=0x2 target=0xFF cmd=0x0 seq=164
[TX] Immediate reply seq=164
[TX] Status seq=164 A=4.544 B=190.606
[TX] Status seq=164 A=3.014 B=183.265
[RX] ForwardPacket from=0x2 target=0xFF cmd=0x0 seq=165
[TX] Immediate reply seq=165
[TX] Status seq=165 A=1.208 B=174.054
[TX] Status seq=165 A=0.096 B=163.180
[RX] ForwardPacket from=0x2 target=0xFF cmd=0x0 seq=166
[TX] Immediate reply seq=166
[TX] Status seq=166 A=0.274 B=150.887
[TX] Status seq=166 A=1.646 B=137.452
[RX] ForwardPacket from=0x2 target=0xFF cmd=0x0 seq=167
[TX] Immediate reply seq=167
[TX] Status seq=167 A=3.477 B=123.175
[TX] Status seq=167 A=4.783 B=108.378
[RX] ForwardPacket from=0x2 target=0xFF cmd=0x0 seq=168
[TX] Immediate reply seq=168
[TX] Status seq=168 A=4.865 B=93.393
[TX] Status seq=168 A=3.677 B=78.555
[RX] ForwardPacket from=0x2 target=0xFF cmd=0x0 seq=169
[TX] Immediate reply seq=169
[TX] Status seq=169 A=1.858 B=64.200
[TX] Status seq=169 A=0.383 B=50.649
[RX] ForwardPacket from=0x2 target=0xFF cmd=0x0 seq=170
[TX] Immediate reply seq=170
[TX] Status seq=170 A=0.045 B=38.206
[TX] Status seq=170 A=1.024 B=27.151
[RX] ForwardPacket from=0x2 target=0xFF cmd=0x0 seq=171
[TX] Immediate reply seq=171
[TX] Status seq=171 A=2.795 B=17.731
[TX] Status seq=171 A=4.408 B=10.160
[RX] ForwardPacket from=0x2 target=0xFF cmd=0x0 seq=172
[TX] Immediate reply seq=172
[TX] Status seq=172 A=4.997 B=4.606
[TX] Status seq=172 A=4.246 B=1.194
[RX] ForwardPacket from=0x2 target=0xFF cmd=0x0 seq=173
[TX] Immediate reply seq=173
[TX] Status seq=173 A=2.558 B=0.001
[TX] Status seq=173 A=0.839 B=1.054
[RX] ForwardPacket from=0x2 target=0xFF cmd=0x0 seq=174
[TX] Immediate reply seq=174
[TX] Status seq=174 A=0.011 B=4.329
[TX] Status seq=174 A=0.519 B=9.753
[RX] ForwardPacket from=0x2 target=0xFF cmd=0x0 seq=175
[TX] Immediate reply seq=175
[TX] Status seq=175 A=2.089 B=17.203
[TX] Status seq=175 A=3.881 B=26.513
[RX] ForwardPacket from=0x2 target=0xFF cmd=0x0 seq=176
[TX] Immediate reply seq=176
[TX] Status seq=176 A=4.931 B=37.474
[TX] Status seq=176 A=4.677 B=49.838
[RX] ForwardPacket from=0x2 target=0xFF cmd=0x0 seq=177
[TX] Immediate reply seq=177
[TX] Status seq=177 A=3.254 B=63.329
[TX] Status seq=177 A=1.427 B=77.643
[RX] ForwardPacket from=0x2 target=0xFF cmd=0x0 seq=178
[TX] Immediate reply seq=178
[TX] Status seq=178 A=0.176 B=92.460
[TX] Status seq=178 A=0.172 B=107.446
[RX] ForwardPacket from=0x2 target=0xFF cmd=0x0 seq=179
[TX] Immediate reply seq=179
[TX] Status seq=179 A=1.417 B=122.265
[TX] Status seq=179 A=3.243 B=136.584
[RX] ForwardPacket from=0x2 target=0xFF cmd=0x0 seq=180
[TX] Immediate reply seq=180
[TX] Status seq=180 A=4.671 B=150.080
[TX] Status seq=180 A=4.934 B=162.453
[RX] ForwardPacket from=0x2 target=0xFF cmd=0x0 seq=181
[TX] Immediate reply seq=181
[TX] Status seq=181 A=3.890 B=173.423
[TX] Status seq=181 A=2.101 B=182.744
[RX] ForwardPacket from=0x2 target=0xFF cmd=0x0 seq=182
[TX] Immediate reply seq=182
[TX] Status seq=182 A=0.526 B=190.207
[TX] Status seq=182 A=0.010 B=195.643
[RX] ForwardPacket from=0x2 target=0xFF cmd=0x0 seq=183
[TX] Immediate reply seq=183
[TX] Status seq=183 A=0.830 B=198.932
[TX] Status seq=183 A=2.547 B=199.999
[RX] ForwardPacket from=0x2 target=0xFF cmd=0x0 seq=184
[TX] Immediate reply seq=184
[TX] Status seq=184 A=4.238 B=198.821
[TX] Status seq=184 A=4.997 B=195.423
[RX] ForwardPacket from=0x2 target=0xFF cmd=0x0 seq=185
[TX] Immediate reply seq=185
[TX] Status seq=185 A=4.416 B=189.882
[TX] Status seq=185 A=2.807 B=182.322
[RX] ForwardPacket from=0x2 target=0xFF cmd=0x0 seq=186
[TX] Immediate reply seq=186
[TX] Status seq=186 A=1.033 B=172.914
[TX] Status seq=186 A=0.047 B=161.868
[RX] ForwardPacket from=0x2 target=0xFF cmd=0x0 seq=187
[TX] Immediate reply seq=187
[TX] Status seq=187 A=0.377 B=149.433
[TX] Status seq=187 A=1.846 B=135.888
[RX] ForwardPacket from=0x2 target=0xFF cmd=0x0 seq=188
[TX] Immediate reply seq=188
[TX] Status seq=188 A=3.667 B=121.536
[TX] Status seq=188 A=4.861 B=106.701
[RX] ForwardPacket from=0x2 target=0xFF cmd=0x0 seq=189
[TX] Immediate reply seq=189
[TX] Status seq=189 A=4.788 B=91.716
[TX] Status seq=189 A=3.488 B=76.916
[RX] ForwardPacket from=0x2 target=0xFF cmd=0x0 seq=190
[TX] Immediate reply seq=190
[TX] Status seq=190 A=1.657 B=62.636
[TX] Status seq=190 A=0.279 B=49.193
[RX] ForwardPacket from=0x2 target=0xFF cmd=0x0 seq=191
[TX] Immediate reply seq=191
[TX] Status seq=191 A=0.093 B=36.892
[TX] Status seq=191 A=1.198 B=26.009
[RX] ForwardPacket from=0x2 target=0xFF cmd=0x0 seq=192
[TX] Immediate reply seq=192
[TX] Status seq=192 A=3.002 B=16.787
[TX] Status seq=192 A=4.537 B=9.434
[RX] ForwardPacket from=0x2 target=0xFF cmd=0x0 seq=193
[TX] Immediate reply seq=193
[TX] Status seq=193 A=4.978 B=4.115
[TX] Status seq=193 A=4.090 B=0.949
[RX] ForwardPacket from=0x2 target=0xFF cmd=0x0 seq=194
[TX] Immediate reply seq=194
[TX] Status seq=194 A=2.348 B=0.007
[TX] Status seq=194 A=0.688 B=1.312
[RX] ForwardPacket from=0x2 target=0xFF cmd=0x0 seq=195
[TX] Immediate reply seq=195
[TX] Status seq=195 A=0.000 B=4.832
[TX] Status seq=195 A=0.654 B=10.490
[RX] ForwardPacket from=0x2 target=0xFF cmd=0x0 seq=196
[TX] Immediate reply seq=196
[TX] Status seq=196 A=2.298 B=18.158
[TX] Status seq=196 A=4.051 B=27.664
[RX] ForwardPacket from=0x2 target=0xFF cmd=0x0 seq=197
[TX] Immediate reply seq=197
[TX] Status seq=197 A=4.971 B=38.795
[TX] Status seq=197 A=4.566 B=51.299
[RX] ForwardPacket from=0x2 target=0xFF cmd=0x0 seq=198
[TX] Immediate reply seq=198
[TX] Status seq=198 A=3.052 B=64.898
[TX] Status seq=198 A=1.242 B=79.286
[RX] ForwardPacket from=0x2 target=0xFF cmd=0x0 seq=199
[TX] Immediate reply seq=199
[TX] Status seq=199 A=0.107 B=94.138
[TX] Status seq=199 A=0.256 B=109.122
[RX] ForwardPacket from=0x2 target=0xFF cmd=0x0 seq=200
[TX] Immediate reply seq=200
[TX] Status seq=200 A=1.610 B=123.901
[TX] Status seq=200 A=3.441 B=138.143
[RX] ForwardPacket from=0x2 target=0xFF cmd=0x0 seq=201
[TX] Immediate reply seq=201
[TX] Status seq=201 A=4.767 B=151.529
[TX] Status seq=201 A=4.877 B=163.757
[RX] ForwardPacket from=0x2 target=0xFF cmd=0x0 seq=202
[TX] Immediate reply seq=202
[TX] Status seq=202 A=3.711 B=174.554
[TX] Status seq=202 A=1.895 B=183.676
[RX] ForwardPacket from=0x2 target=0xFF cmd=0x0 seq=203
[TX] Immediate reply seq=203
[TX] Status seq=203 A=0.404 B=190.919
[TX] Status seq=203 A=0.038 B=196.121
[RX] ForwardPacket from=0x2 target=0xFF cmd=0x0 seq=204
[TX] Immediate reply seq=204
[TX] Status seq=204 A=0.992 B=199.163
[TX] Status seq=204 A=2.756 B=199.979
[RX] ForwardPacket from=0x2 target=0xFF cmd=0x0 seq=205
[TX] Immediate reply seq=205
[TX] Status seq=205 A=4.383 B=198.549
[TX] Status seq=205 A=4.999 B=194.906
[RX] ForwardPacket from=0x2 target=0xFF cmd=0x0 seq=206
[TX] Immediate reply seq=206
[TX] Status seq=206 A=4.274 B=189.132
[TX] Status seq=206 A=2.597 B=181.356
[RX] ForwardPacket from=0x2 target=0xFF cmd=0x0 seq=207
[TX] Immediate reply seq=207
[TX] Status seq=207 A=0.868 B=171.753
[TX] Status seq=207 A=0.015 B=160.539
[RX] ForwardPacket from=0x2 target=0xFF cmd=0x0 seq=208
[TX] Immediate reply seq=208
[TX] Status seq=208 A=0.495 B=147.964
[TX] Status seq=208 A=2.051 B=134.313
[RX] ForwardPacket from=0x2 target=0xFF cmd=0x0 seq=209
[TX] Immediate reply seq=209
[TX] Status seq=209 A=3.848 B=119.891
[TX] Status seq=209 A=4.922 B=105.023
[RX] ForwardPacket from=0x2 target=0xFF cmd=0x0 seq=210
[TX] Immediate reply seq=210
[TX] Status seq=210 A=4.695 B=90.041
[TX] Status seq=210 A=3.291 B=75.283
[RX] ForwardPacket from=0x2 target=0xFF cmd=0x0 seq=211
[TX] Immediate reply seq=211
[TX] Status seq=211 A=1.462 B=61.081
[TX] Status seq=211 A=0.190 B=47.753
[RX] ForwardPacket from=0x2 target=0xFF cmd=0x0 seq=212
[TX] Immediate reply seq=212
[TX] Status seq=212 A=0.158 B=35.597
[TX] Status seq=212 A=1.382 B=24.888
[RX] ForwardPacket from=0x2 target=0xFF cmd=0x0 seq=213
[TX] Immediate reply seq=213
[TX] Status seq=213 A=3.206 B=15.866
[TX] Status seq=213 A=4.651 B=8.734
[RX] ForwardPacket from=0x2 target=0xFF cmd=0x0 seq=214
[TX] Immediate reply seq=214
[TX] Status seq=214 A=4.942 B=3.651
[TX] Status seq=214 A=3.922 B=0.732
[RX] ForwardPacket from=0x2 target=0xFF cmd=0x0 seq=215
[TX] Immediate reply seq=215
[TX] Status seq=215 A=2.139 B=0.042
[TX] Status seq=215 A=0.550 B=1.597
[RX] ForwardPacket from=0x2 target=0xFF cmd=0x0 seq=216
[TX] Immediate reply seq=216
[TX] Status seq=216 A=0.007 B=5.362
[TX] Status seq=216 A=0.802 B=11.252
[RX] ForwardPacket from=0x2 target=0xFF cmd=0x0 seq=217
[TX] Immediate reply seq=217
[TX] Status seq=217 A=2.508 B=19.136
[TX] Status seq=217 A=4.210 B=28.835
[RX] ForwardPacket from=0x2 target=0xFF cmd=0x0 seq=218
[TX] Immediate reply seq=218
[TX] Status seq=218 A=4.994 B=40.133
[TX] Status seq=218 A=4.440 B=52.775
[RX] ForwardPacket from=0x2 target=0xFF cmd=0x0 seq=219
[TX] Immediate reply seq=219
[TX] Status seq=219 A=2.845 B=66.478
[TX] Status seq=219 A=1.065 B=80.933
[RX] ForwardPacket from=0x2 target=0xFF cmd=0x0 seq=220
[TX] Immediate reply seq=220
[TX] Status seq=220 A=0.055 B=95.817
[TX] Status seq=220 A=0.357 B=110.795
[RX] ForwardPacket from=0x2 target=0xFF cmd=0x0 seq=221
[TX] Immediate reply seq=221
[TX] Status seq=221 A=1.809 B=125.530
[TX] Status seq=221 A=3.632 B=139.692
[RX] ForwardPacket from=0x2 target=0xFF cmd=0x0 seq=222
[TX] Immediate reply seq=222
[TX] Status seq=222 A=4.848 B=152.963
[TX] Status seq=222 A=4.803 B=165.044
[RX] ForwardPacket from=0x2 target=0xFF cmd=0x0 seq=223
[TX] Immediate reply seq=223
[TX] Status seq=223 A=3.523 B=175.664
[TX] Status seq=223 A=1.694 B=184.585
[RX] ForwardPacket from=0x2 target=0xFF cmd=0x0 seq=224
[TX] Immediate reply seq=224
[TX] Status seq=224 A=0.297 B=191.607
[TX] Status seq=224 A=0.082 B=196.571
[RX] ForwardPacket from=0x2 target=0xFF cmd=0x0 seq=225
[TX] Immediate reply seq=225
[TX] Status seq=225 A=1.165 B=199.366
[TX] Status seq=225 A=2.964 B=199.930
[RX] ForwardPacket from=0x2 target=0xFF cmd=0x0 seq=226
[TX] Immediate reply seq=226
[TX] Status seq=226 A=4.514 B=198.250
[TX] Status seq=226 A=4.983 B=194.363
[RX] ForwardPacket from=0x2 target=0xFF cmd=0x0 seq=227
[TX] Immediate reply seq=227
[TX] Status seq=227 A=4.120 B=188.357
[TX] Status seq=227 A=2.387 B=180.367
[RX] ForwardPacket from=0x2 target=0xFF cmd=0x0 seq=228
[TX] Immediate reply seq=228
[TX] Status seq=228 A=0.715 B=170.571
[TX] Status seq=228 A=0.001 B=159.192
[RX] ForwardPacket from=0x2 target=0xFF cmd=0x0 seq=229
[TX] Immediate reply seq=229
[TX] Status seq=229 A=0.628 B=146.482
[TX] Status seq=229 A=2.259 B=132.729
[RX] ForwardPacket from=0x2 target=0xFF cmd=0x0 seq=230
[TX] Immediate reply seq=230
[TX] Status seq=230 A=4.020 B=118.240
[TX] Status seq=230 A=4.965 B=103.342
[RX] ForwardPacket from=0x2 target=0xFF cmd=0x0 seq=231
[TX] Immediate reply seq=231
[TX] Status seq=231 A=4.587 B=88.370
[TX] Status seq=231 A=3.089 B=73.658
[RX] ForwardPacket from=0x2 target=0xFF cmd=0x0 seq=232
[TX] Immediate reply seq=232
[TX] Status seq=232 A=1.275 B=59.538
[TX] Status seq=232 A=0.118 B=46.326
[RX] ForwardPacket from=0x2 target=0xFF cmd=0x0 seq=233
[TX] Immediate reply seq=233
[TX] Status seq=233 A=0.239 B=34.320
[TX] Status seq=233 A=1.574 B=23.789
[RX] ForwardPacket from=0x2 target=0xFF cmd=0x0 seq=234
[TX] Immediate reply seq=234
[TX] Status seq=234 A=3.405 B=14.969
[TX] Status seq=234 A=4.751 B=8.059
[RX] ForwardPacket from=0x2 target=0xFF cmd=0x0 seq=235
[TX] Immediate reply seq=235
[TX] Status seq=235 A=4.889 B=3.214
[TX] Status seq=235 A=3.745 B=0.543
[RX] ForwardPacket from=0x2 target=0xFF cmd=0x0 seq=236
[TX] Immediate reply seq=236
[TX] Status seq=236 A=1.933 B=0.105
[TX] Status seq=236 A=0.425 B=1.910
[RX] ForwardPacket from=0x2 target=0xFF cmd=0x0 seq=237
[TX] Immediate reply seq=237
[TX] Status seq=237 A=0.031 B=5.919
[TX] Status seq=237 A=0.962 B=12.040
[RX] ForwardPacket from=0x2 target=0xFF cmd=0x0 seq=238
[TX] Immediate reply seq=238
[TX] Status seq=238 A=2.718 B=20.137
[TX] Status seq=238 A=4.357 B=30.026
[RX] ForwardPacket from=0x2 target=0xFF cmd=0x0 seq=239
[TX] Immediate reply seq=239
[TX] Status seq=239 A=5.000 B=41.488
[TX] Status seq=239 A=4.301 B=54.264
[RX] ForwardPacket from=0x2 target=0xFF cmd=0x0 seq=240
[TX] Immediate reply seq=240
[TX] Status seq=240 A=2.636 B=68.067
[TX] Status seq=240 A=0.898 B=82.587
[RX] ForwardPacket from=0x2 target=0xFF cmd=0x0 seq=241
[TX] Immediate reply seq=241
[TX] Status seq=241 A=0.020 B=97.497
[TX] Status seq=241 A=0.472 B=112.465
[RX] ForwardPacket from=0x2 target=0xFF cmd=0x0 seq=242
[TX] Immediate reply seq=242
[TX] Status seq=242 A=2.013 B=127.152
[TX] Status seq=242 A=3.815 B=141.230
[RX] ForwardPacket from=0x2 target=0xFF cmd=0x0 seq=243
[TX] Immediate reply seq=243
[TX] Status seq=243 A=4.912 B=154.382
[TX] Status seq=243 A=4.714 B=166.311
[RX] ForwardPacket from=0x2 target=0xFF cmd=0x0 seq=244
[TX] Immediate reply seq=244
[TX] Status seq=244 A=3.328 B=176.753
[TX] Status seq=244 A=1.498 B=185.470
[RX] ForwardPacket from=0x2 target=0xFF cmd=0x0 seq=245
[TX] Immediate reply seq=245
[TX] Status seq=245 A=0.206 B=192.268
[TX] Status seq=245 A=0.145 B=196.994
[RX] ForwardPacket from=0x2 target=0xFF cmd=0x0 seq=246
[TX] Immediate reply seq=246
[TX] Status seq=246 A=1.347 B=199.541
[TX] Status seq=246 A=3.169 B=199.853
[RX] ForwardPacket from=0x2 target=0xFF cmd=0x0 seq=247
[TX] Immediate reply seq=247
[TX] Status seq=247 A=4.631 B=197.923
[TX] Status seq=247 A=4.950 B=193.793
[RX] ForwardPacket from=0x2 target=0xFF cmd=0x0 seq=248
[TX] Immediate reply seq=248
[TX] Status seq=248 A=3.954 B=187.557
[TX] Status seq=248 A=2.178 B=179.355
[RX] ForwardPacket from=0x2 target=0xFF cmd=0x0 seq=249
[TX] Immediate reply seq=249
[TX] Status seq=249 A=0.574 B=169.370
[TX] Status seq=249 A=0.004 B=157.828
[RX] ForwardPacket from=0x2 target=0xFF cmd=0x0 seq=250
[TX] Immediate reply seq=250
[TX] Status seq=250 A=0.774 B=144.987
[TX] Status seq=250 A=2.469 B=131.135
[RX] ForwardPacket from=0x2 target=0xFF cmd=0x0 seq=251
[TX] Immediate reply seq=251
[TX] Status seq=251 A=4.181 B=116.585
[TX] Status seq=251 A=4.991 B=101.662
[RX] ForwardPacket from=0x2 target=0xFF cmd=0x0 seq=252
[TX] Immediate reply seq=252
[TX] Status seq=252 A=4.464 B=86.701
[TX] Status seq=252 A=2.883 B=72.039
[RX] ForwardPacket from=0x2 target=0xFF cmd=0x0 seq=253
[TX] Immediate reply seq=253
[TX] Status seq=253 A=1.096 B=58.005
[TX] Status seq=253 A=0.063 B=44.915
[RX] ForwardPacket from=0x2 target=0xFF cmd=0x0 seq=254
[TX] Immediate reply seq=254
[TX] Status seq=254 A=0.337 B=33.062
[TX] Status seq=254 A=1.772 B=22.711
[RX] ForwardPacket from=0x2 target=0xFF cmd=0x0 seq=255
[TX] Immediate reply seq=255
[TX] Status seq=255 A=3.598 B=14.096
[TX] Status seq=255 A=4.834 B=7.411
[RX] ForwardPacket from=0x2 target=0xFF cmd=0x0 seq=256
[TX] Immediate reply seq=256
[TX] Status seq=256 A=4.818 B=2.805
[TX] Status seq=256 A=3.558 B=0.382
[RX] ForwardPacket from=0x2 target=0xFF cmd=0x0 seq=257
[TX] Immediate reply seq=257
[TX] Status seq=257 A=1.730 B=0.196
[TX] Status seq=257 A=0.316 B=2.251
[RX] ForwardPacket from=0x2 target=0xFF cmd=0x0 seq=258
[TX] Immediate reply seq=258
[TX] Status seq=258 A=0.073 B=6.502
[TX] Status seq=258 A=1.133 B=12.852
[RX] ForwardPacket from=0x2 target=0xFF cmd=0x0 seq=259
[TX] Immediate reply seq=259
[TX] Status seq=259 A=2.926 B=21.159
[TX] Status seq=259 A=4.491 B=31.238
[RX] ForwardPacket from=0x2 target=0xFF cmd=0x0 seq=260
[TX] Immediate reply seq=260
[TX] Status seq=260 A=4.987 B=42.860
[TX] Status seq=260 A=4.149 B=55.766
[RX] ForwardPacket from=0x2 target=0xFF cmd=0x0 seq=261
[TX] Immediate reply seq=261
[TX] Status seq=261 A=2.426 B=69.664
[TX] Status seq=261 A=0.742 B=84.245
[RX] ForwardPacket from=0x2 target=0xFF cmd=0x0 seq=262
[TX] Immediate reply seq=262
[TX] Status seq=262 A=0.002 B=99.179
[TX] Status seq=262 A=0.602 B=114.132
[RX] ForwardPacket from=0x2 target=0xFF cmd=0x0 seq=263
[TX] Immediate reply seq=263
[TX] Status seq=263 A=2.221 B=128.767
[TX] Status seq=263 A=3.989 B=142.755
[RX] ForwardPacket from=0x2 target=0xFF cmd=0x0 seq=264
[TX] Immediate reply seq=264
[TX] Status seq=264 A=4.958 B=155.785
[TX] Status seq=264 A=4.608 B=167.561
[RX] ForwardPacket from=0x2 target=0xFF cmd=0x0 seq=265
[TX] Immediate reply seq=265
[TX] Status seq=265 A=3.127 B=177.820
[TX] Status seq=265 A=1.309 B=186.331
[RX] ForwardPacket from=0x2 target=0xFF cmd=0x0 seq=266
[TX] Immediate reply seq=266
[TX] Status seq=266 A=0.130 B=192.903
[TX] Status seq=266 A=0.223 B=197.389
[RX] ForwardPacket from=0x2 target=0xFF cmd=0x0 seq=267
[TX] Immediate reply seq=267
[TX] Status seq=267 A=1.538 B=199.688
[TX] Status seq=267 A=3.369 B=199.748
[RX] ForwardPacket from=0x2 target=0xFF cmd=0x0 seq=268
[TX] Immediate reply seq=268
[TX] Status seq=268 A=4.734 B=197.568
[TX] Status seq=268 A=4.900 B=193.197
[RX] ForwardPacket from=0x2 target=0xFF cmd=0x0 seq=269
[TX] Immediate reply seq=269
[TX] Status seq=269 A=3.778 B=186.733
[TX] Status seq=269 A=1.971 B=178.320
[RX] ForwardPacket from=0x2 target=0xFF cmd=0x0 seq=270
[TX] Immediate reply seq=270
[TX] Status seq=270 A=0.447 B=168.149
[TX] Status seq=270 A=0.025 B=156.448
[RX] ForwardPacket from=0x2 target=0xFF cmd=0x0 seq=271
[TX] Immediate reply seq=271
[TX] Status seq=271 A=0.931 B=143.479
[TX] Status seq=271 A=2.679 B=129.533
[RX] ForwardPacket from=0x2 target=0xFF cmd=0x0 seq=272
[TX] Immediate reply seq=272
[TX] Status seq=272 A=4.331 B=114.924
[TX] Status seq=272 A=5.000 B=99.980
[RX] ForwardPacket from=0x2 target=0xFF cmd=0x0 seq=273
[TX] Immediate reply seq=273
[TX] Status seq=273 A=4.328 B=85.036
[TX] Status seq=273 A=2.674 B=70.430
[RX] ForwardPacket from=0x2 target=0xFF cmd=0x0 seq=274
[TX] Immediate reply seq=274
[TX] Status seq=274 A=0.928 B=56.486
[TX] Status seq=274 A=0.025 B=43.520
[RX] ForwardPacket from=0x2 target=0xFF cmd=0x0 seq=275
[TX] Immediate reply seq=275
[TX] Status seq=275 A=0.450 B=31.822
[TX] Status seq=275 A=1.975 B=21.655
[RX] ForwardPacket from=0x2 target=0xFF cmd=0x0 seq=276
[TX] Immediate reply seq=276
[TX] Status seq=276 A=3.782 B=13.248
[TX] Status seq=276 A=4.901 B=6.789
[RX] ForwardPacket from=0x2 target=0xFF cmd=0x0 seq=277
[TX] Immediate reply seq=277
[TX] Status seq=277 A=4.731 B=2.423
[TX] Status seq=277 A=3.364 B=0.249
[RX] ForwardPacket from=0x2 target=0xFF cmd=0x0 seq=278
[TX] Immediate reply seq=278
[TX] Status seq=278 A=1.533 B=0.315
[TX] Status seq=278 A=0.221 B=2.620
[RX] ForwardPacket from=0x2 target=0xFF cmd=0x0 seq=279
[TX] Immediate reply seq=279
[TX] Status seq=279 A=0.132 B=7.111
[TX] Status seq=279 A=1.313 B=13.689
[RX] ForwardPacket from=0x2 target=0xFF cmd=0x0 seq=280
[TX] Immediate reply seq=280
[TX] Status seq=280 A=3.132 B=22.205
[TX] Status seq=280 A=4.611 B=32.468
[RX] ForwardPacket from=0x2 target=0xFF cmd=0x0 seq=281
[TX] Immediate reply seq=281
[TX] Status seq=281 A=4.958 B=44.248
[TX] Status seq=281 A=3.985 B=57.280
[RX] ForwardPacket from=0x2 target=0xFF cmd=0x0 seq=282
[TX] Immediate reply seq=282
[TX] Status seq=282 A=2.216 B=71.271
[TX] Status seq=282 A=0.599 B=85.908
[RX] ForwardPacket from=0x2 target=0xFF cmd=0x0 seq=283
[TX] Immediate reply seq=283
[TX] Status seq=283 A=0.002 B=100.861
[TX] Status seq=283 A=0.746 B=115.794
[RX] ForwardPacket from=0x2 target=0xFF cmd=0x0 seq=284
[TX] Immediate reply seq=284
[TX] Status seq=284 A=2.431 B=130.373
[TX] Status seq=284 A=4.153 B=144.270
[RX] ForwardPacket from=0x2 target=0xFF cmd=0x0 seq=285
[TX] Immediate reply seq=285
[TX] Status seq=285 A=4.988 B=157.172
[TX] Status seq=285 A=4.488 B=168.791
[RX] ForwardPacket from=0x2 target=0xFF cmd=0x0 seq=286
[TX] Immediate reply seq=286
[TX] Status seq=286 A=2.921 B=178.864
[TX] Status seq=286 A=1.129 B=187.167
[RX] ForwardPacket from=0x2 target=0xFF cmd=0x0 seq=287
[TX] Immediate reply seq=287
[TX] Status seq=287 A=0.072 B=193.512
[TX] Status seq=287 A=0.318 B=197.757
[RX] ForwardPacket from=0x2 target=0xFF cmd=0x0 seq=288
[TX] Immediate reply seq=288
[TX] Status seq=288 A=1.735 B=199.807
[TX] Status seq=288 A=3.563 B=199.615
[RX] ForwardPacket from=0x2 target=0xFF cmd=0x0 seq=289
[TX] Immediate reply seq=289
[TX] Status seq=289 A=4.820 B=197.186
[TX] Status seq=289 A=4.832 B=192.574
[RX] ForwardPacket from=0x2 target=0xFF cmd=0x0 seq=290
[TX] Immediate reply seq=290
[TX] Status seq=290 A=3.593 B=185.883
[TX] Status seq=290 A=1.767 B=177.264
[RX] ForwardPacket from=0x2 target=0xFF cmd=0x0 seq=291
[TX] Immediate reply seq=291
[TX] Status seq=291 A=0.335 B=166.910
[TX] Status seq=291 A=0.064 B=155.052
[RX] ForwardPacket from=0x2 target=0xFF cmd=0x0 seq=292
[TX] Immediate reply seq=292
[TX] Status seq=292 A=1.100 B=141.959
[TX] Status seq=292 A=2.888 B=127.923
[RX] ForwardPacket from=0x2 target=0xFF cmd=0x0 seq=293
[TX] Immediate reply seq=293
[TX] Status seq=293 A=4.467 B=113.259
[TX] Status seq=293 A=4.991 B=98.299
[RX] ForwardPacket from=0x2 target=0xFF cmd=0x0 seq=294
[TX] Immediate reply seq=294
[TX] Status seq=294 A=4.178 B=83.377
[TX] Status seq=294 A=2.464 B=68.827
[RX] ForwardPacket from=0x2 target=0xFF cmd=0x0 seq=295
[TX] Immediate reply seq=295
[TX] Status seq=295 A=0.770 B=54.978
[TX] Status seq=295 A=0.004 B=42.140
[RX] ForwardPacket from=0x2 target=0xFF cmd=0x0 seq=296
[TX] Immediate reply seq=296
[TX] Status seq=296 A=0.577 B=30.602
[TX] Status seq=296 A=2.182 B=20.621
[RX] ForwardPacket from=0x2 target=0xFF cmd=0x0 seq=297
[TX] Immediate reply seq=297
[TX] Status seq=297 A=3.958 B=12.424
[TX] Status seq=297 A=4.951 B=6.193
[RX] ForwardPacket from=0x2 target=0xFF cmd=0x0 seq=298
[TX] Immediate reply seq=298
[TX] Status seq=298 A=4.629 B=2.069
[TX] Status seq=298 A=3.164 B=0.145
[RX] ForwardPacket from=0x2 target=0xFF cmd=0x0 seq=299
[TX] Immediate reply seq=299
[TX] Status seq=299 A=1.343 B=0.462
[TX] Status seq=299 A=0.143 B=3.016
[RX] ForwardPacket from=0x2 target=0xFF cmd=0x0 seq=300
[TX] Immediate reply seq=300
[TX] Status seq=300 A=0.207 B=7.747
[TX] Status seq=300 A=1.502 B=14.550
[RX] ForwardPacket from=0x2 target=0xFF cmd=0x0 seq=301
[TX] Immediate reply seq=301
[TX] Status seq=301 A=3.332 B=23.272
[TX] Status seq=301 A=4.716 B=33.718
[RX] ForwardPacket from=0x2 target=0xFF cmd=0x0 seq=302
[TX] Immediate reply seq=302
[TX] Status seq=302 A=4.910 B=45.652
[TX] Status seq=302 A=3.811 B=58.806
[RX] ForwardPacket from=0x2 target=0xFF cmd=0x0 seq=303
[TX] Immediate reply seq=303
[TX] Status seq=303 A=2.009 B=72.886
[TX] Status seq=303 A=0.470 B=87.574
[RX] ForwardPacket from=0x2 target=0xFF cmd=0x0 seq=304
[TX] Immediate reply seq=304
[TX] Status seq=304 A=0.020 B=102.541
[TX] Status seq=304 A=0.901 B=117.452
[RX] ForwardPacket from=0x2 target=0xFF cmd=0x0 seq=305
[TX] Immediate reply seq=305
[TX] Status seq=305 A=2.641 B=131.971
[TX] Status seq=305 A=4.304 B=145.771
[RX] ForwardPacket from=0x2 target=0xFF cmd=0x0 seq=306
[TX] Immediate reply seq=306
[TX] Status seq=306 A=5.000 B=158.543
[TX] Status seq=306 A=4.354 B=170.001
[RX] ForwardPacket from=0x2 target=0xFF cmd=0x0 seq=307
[TX] Immediate reply seq=307
[TX] Status seq=307 A=2.713 B=179.887
[TX] Status seq=307 A=0.958 B=187.979
[RX] ForwardPacket from=0x2 target=0xFF cmd=0x0 seq=308
[TX] Immediate reply seq=308
[TX] Status seq=308 A=0.030 B=194.095
[TX] Status seq=308 A=0.428 B=198.097
[RX] ForwardPacket from=0x2 target=0xFF cmd=0x0 seq=309
[TX] Immediate reply seq=309
[TX] Status seq=309 A=1.938 B=199.897
[TX] Status seq=309 A=3.749 B=199.453
[RX] ForwardPacket from=0x2 target=0xFF cmd=0x0 seq=310
[TX] Immediate reply seq=310
[TX] Status seq=310 A=4.890 B=196.776
[TX] Status seq=310 A=4.749 B=191.925
[RX] ForwardPacket from=0x2 target=0xFF cmd=0x0 seq=311
[TX] Immediate reply seq=311
[TX] Status seq=311 A=3.401 B=185.010
[TX] Status seq=311 A=1.569 B=176.186
[RX] ForwardPacket from=0x2 target=0xFF cmd=0x0 seq=312
[TX] Immediate reply seq=312
[TX] Status seq=312 A=0.237 B=165.650
[TX] Status seq=312 A=0.120 B=153.641
[RX] ForwardPacket from=0x2 target=0xFF cmd=0x0 seq=313
[TX] Immediate reply seq=313
[TX] Status seq=313 A=1.279 B=140.426
[TX] Status seq=313 A=3.094 B=126.305
[RX] ForwardPacket from=0x2 target=0xFF cmd=0x0 seq=314
[TX] Immediate reply seq=314
[TX] Status seq=314 A=4.590 B=111.591
[TX] Status seq=314 A=4.964 B=96.618
[RX] ForwardPacket from=0x2 target=0xFF cmd=0x0 seq=315
[TX] Immediate reply seq=315
[TX] Status seq=315 A=4.016 B=81.721
[TX] Status seq=315 A=2.255 B=67.234
[RX] ForwardPacket from=0x2 target=0xFF cmd=0x0 seq=316
[TX] Immediate reply seq=316
[TX] Status seq=316 A=0.625 B=53.483
[TX] Status seq=316 A=0.001 B=40.777
[RX] ForwardPacket from=0x2 target=0xFF cmd=0x0 seq=317
[TX] Immediate reply seq=317
[TX] Status seq=317 A=0.718 B=29.401
[TX] Status seq=317 A=2.392 B=19.610
[RX] ForwardPacket from=0x2 target=0xFF cmd=0x0 seq=318
[TX] Immediate reply seq=318
[TX] Status seq=318 A=4.123 B=11.624
[TX] Status seq=318 A=4.984 B=5.624
[RX] ForwardPacket from=0x2 target=0xFF cmd=0x0 seq=319
[TX] Immediate reply seq=319
[TX] Status seq=319 A=4.511 B=1.743
[TX] Status seq=319 A=2.960 B=0.068
[RX] ForwardPacket from=0x2 target=0xFF cmd=0x0 seq=320
[TX] Immediate reply seq=320
[TX] Status seq=320 A=1.161 B=0.638
[TX] Status seq=320 A=0.081 B=3.439
[RX] ForwardPacket from=0x2 target=0xFF cmd=0x0 seq=321
[TX] Immediate reply seq=321
[TX] Status seq=321 A=0.299 B=8.409
[TX] Status seq=321 A=1.698 B=15.436
[RX] ForwardPacket from=0x2 target=0xFF cmd=0x0 seq=322
[TX] Immediate reply seq=322
[TX] Status seq=322 A=3.527 B=24.362
[TX] Status seq=322 A=4.805 B=34.986
[RX] ForwardPacket from=0x2 target=0xFF cmd=0x0 seq=323
[TX] Immediate reply seq=323
[TX] Status seq=323 A=4.846 B=47.071
[TX] Status seq=323 A=3.628 B=60.344
[RX] ForwardPacket from=0x2 target=0xFF cmd=0x0 seq=324
[TX] Immediate reply seq=324
[TX] Status seq=324 A=1.804 B=74.508
[TX] Status seq=324 A=0.354 B=89.244
[TX] Status seq=324 A=0.056 B=104.222
[TX] Status seq=324 A=1.069 B=119.105
[RX] ForwardPacket from=0x2 target=0xFF cmd=0x0 seq=326
[TX] Immediate reply seq=326
[TX] Status seq=326 A=2.850 B=133.560
[TX] Status seq=326 A=4.443 B=147.259
[TX] Status seq=326 A=4.994 B=159.899
[TX] Status seq=326 A=4.206 B=171.192
[RX] ForwardPacket from=0x2 target=0xFF cmd=0x0 seq=328
[TX] Immediate reply seq=328
[TX] Status seq=328 A=2.503 B=180.888
[TX] Status seq=328 A=0.798 B=188.766
[RX] ForwardPacket from=0x2 target=0xFF cmd=0x0 seq=329
[TX] Immediate reply seq=329
[TX] Status seq=329 A=0.006 B=194.651
[TX] Status seq=329 A=0.553 B=198.410
[RX] ForwardPacket from=0x2 target=0xFF cmd=0x0 seq=330
[TX] Immediate reply seq=330
[TX] Status seq=330 A=2.144 B=199.959
[TX] Status seq=330 A=3.926 B=199.264
[RX] ForwardPacket from=0x2 target=0xFF cmd=0x0 seq=331
[TX] Immediate reply seq=331
[TX] Status seq=331 A=4.943 B=196.339
[TX] Status seq=331 A=4.649 B=191.250
[RX] ForwardPacket from=0x2 target=0xFF cmd=0x0 seq=332
[TX] Immediate reply seq=332
[TX] Status seq=332 A=3.202 B=184.112
[TX] Status seq=332 A=1.378 B=175.086
[RX] ForwardPacket from=0x2 target=0xFF cmd=0x0 seq=333
[TX] Immediate reply seq=333
[TX] Status seq=333 A=0.156 B=164.373
[TX] Status seq=333 A=0.192 B=152.214
[RX] ForwardPacket from=0x2 target=0xFF cmd=0x0 seq=334
[TX] Immediate reply seq=334
[TX] Status seq=334 A=1.467 B=138.883
[TX] Status seq=334 A=3.296 B=124.678
[RX] ForwardPacket from=0x2 target=0xFF cmd=0x0 seq=335
[TX] Immediate reply seq=335
[TX] Status seq=335 A=4.698 B=109.919
[TX] Status seq=335 A=4.920 B=94.938
[RX] ForwardPacket from=0x2 target=0xFF cmd=0x0 seq=336
[TX] Immediate reply seq=336
[TX] Status seq=336 A=3.844 B=80.070
[TX] Status seq=336 A=2.047 B=65.650
[RX] ForwardPacket from=0x2 target=0xFF cmd=0x0 seq=337
[TX] Immediate reply seq=337
[TX] Status seq=337 A=0.492 B=52.001
[TX] Status seq=337 A=0.016 B=39.430
[RX] ForwardPacket from=0x2 target=0xFF cmd=0x0 seq=338
[TX] Immediate reply seq=338
[TX] Status seq=338 A=0.872 B=28.220
[TX] Status seq=338 A=2.602 B=18.621
[RX] ForwardPacket from=0x2 target=0xFF cmd=0x0 seq=339
[TX] Immediate reply seq=339
[TX] Status seq=339 A=4.277 B=10.850
[TX] Status seq=339 A=4.999 B=5.081
[RX] ForwardPacket from=0x2 target=0xFF cmd=0x0 seq=340
[TX] Immediate reply seq=340
[TX] Status seq=340 A=4.380 B=1.444
[TX] Status seq=340 A=2.752 B=0.020
[RX] ForwardPacket from=0x2 target=0xFF cmd=0x0 seq=341
[TX] Immediate reply seq=341
[TX] Status seq=341 A=0.989 B=0.842
[TX] Status seq=341 A=0.037 B=3.890
[RX] ForwardPacket from=0x2 target=0xFF cmd=0x0 seq=342
[TX] Immediate reply seq=342
[TX] Status seq=342 A=0.407 B=9.097
[TX] Status seq=342 A=1.900 B=16.345
[RX] ForwardPacket from=0x2 target=0xFF cmd=0x0 seq=343
[TX] Immediate reply seq=343
[TX] Status seq=343 A=3.715 B=25.472
[TX] Status seq=343 A=4.878 B=36.273
[RX] ForwardPacket from=0x2 target=0xFF cmd=0x0 seq=344
[TX] Immediate reply seq=344
[TX] Status seq=344 A=4.765 B=48.505
[TX] Status seq=344 A=3.437 B=61.893
[RX] ForwardPacket from=0x2 target=0xFF cmd=0x0 seq=345
[TX] Immediate reply seq=345
[TX] Status seq=345 A=1.605 B=76.137
[TX] Status seq=345 A=0.254 B=90.918
[RX] ForwardPacket from=0x2 target=0xFF cmd=0x0 seq=346
[TX] Immediate reply seq=346
[TX] Status seq=346 A=0.108 B=105.902
[TX] Status seq=346 A=1.246 B=120.753
[RX] ForwardPacket from=0x2 target=0xFF cmd=0x0 seq=347
[TX] Immediate reply seq=347
[TX] Status seq=347 A=3.056 B=135.138
[TX] Status seq=347 A=4.568 B=148.735
[RX] ForwardPacket from=0x2 target=0xFF cmd=0x0 seq=348
[TX] Immediate reply seq=348
[TX] Status seq=348 A=4.971 B=161.237
[TX] Status seq=348 A=4.047 B=172.363
[RX] ForwardPacket from=0x2 target=0xFF cmd=0x0 seq=349
[TX] Immediate reply seq=349
[TX] Status seq=349 A=2.293 B=181.864
[TX] Status seq=349 A=0.650 B=189.527
[RX] ForwardPacket from=0x2 target=0xFF cmd=0x0 seq=350
[TX] Immediate reply seq=350
[TX] Status seq=350 A=0.000 B=195.180
[TX] Status seq=350 A=0.691 B=198.695
[RX] ForwardPacket from=0x2 target=0xFF cmd=0x0 seq=351
[TX] Immediate reply seq=351
[TX] Status seq=351 A=2.353 B=199.993
[TX] Status seq=351 A=4.094 B=199.046
[RX] ForwardPacket from=0x2 target=0xFF cmd=0x0 seq=352
[TX] Immediate reply seq=352
[TX] Status seq=352 A=4.979 B=195.874
[TX] Status seq=352 A=4.534 B=190.549
[RX] ForwardPacket from=0x2 target=0xFF cmd=0x0 seq=353
[TX] Immediate reply seq=353
[TX] Status seq=353 A=2.998 B=183.191
[TX] Status seq=353 A=1.194 B=173.964
[RX] ForwardPacket from=0x2 target=0xFF cmd=0x0 seq=354
[TX] Immediate reply seq=354
[TX] Status seq=354 A=0.091 B=163.077
[TX] Status seq=354 A=0.281 B=150.773
[RX] ForwardPacket from=0x2 target=0xFF cmd=0x0 seq=355
[TX] Immediate reply seq=355
[TX] Status seq=355 A=1.662 B=137.328
[TX] Status seq=355 A=3.492 B=123.045
[RX] ForwardPacket from=0x2 target=0xFF cmd=0x0 seq=356
[TX] Immediate reply seq=356
[TX] Status seq=356 A=4.790 B=108.245
[TX] Status seq=356 A=4.859 B=93.260
[TX] Status seq=356 A=3.662 B=78.425
[TX] Status seq=356 A=1.842 B=64.076
[RX] ForwardPacket from=0x2 target=0xFF cmd=0x0 seq=358
[TX] Immediate reply seq=358
[TX] Status seq=358 A=0.374 B=50.533
[TX] Status seq=358 A=0.048 B=38.101
[TX] Status seq=358 A=1.037 B=27.059
[TX] Status seq=358 A=2.811 B=17.656
[RX] ForwardPacket from=0x2 target=0xFF cmd=0x0 seq=360
[TX] Immediate reply seq=360
[TX] Status seq=360 A=4.419 B=10.101
[TX] Status seq=360 A=4.996 B=4.566
[RX] ForwardPacket from=0x2 target=0xFF cmd=0x0 seq=361
[TX] Immediate reply seq=361
[TX] Status seq=361 A=4.234 B=1.173
[TX] Status seq=361 A=2.542 B=0.001
[RX] ForwardPacket from=0x2 target=0xFF cmd=0x0 seq=362
[TX] Immediate reply seq=362
[TX] Status seq=362 A=0.827 B=1.074
[TX] Status seq=362 A=0.010 B=4.368
[RX] ForwardPacket from=0x2 target=0xFF cmd=0x0 seq=363
[TX] Immediate reply seq=363
[TX] Status seq=363 A=0.529 B=9.811
[TX] Status seq=363 A=2.106 B=17.279
[RX] ForwardPacket from=0x2 target=0xFF cmd=0x0 seq=364
[TX] Immediate reply seq=364
[TX] Status seq=364 A=3.894 B=26.604
[TX] Status seq=364 A=4.935 B=37.578
[RX] ForwardPacket from=0x2 target=0xFF cmd=0x0 seq=365
[TX] Immediate reply seq=365
[TX] Status seq=365 A=4.668 B=49.953
[TX] Status seq=365 A=3.239 B=63.453
[RX] ForwardPacket from=0x2 target=0xFF cmd=0x0 seq=366
[TX] Immediate reply seq=366
[TX] Status seq=366 A=1.412 B=77.774
[TX] Status seq=366 A=0.170 B=92.593
[RX] ForwardPacket from=0x2 target=0xFF cmd=0x0 seq=367
[TX] Immediate reply seq=367
[TX] Status seq=367 A=0.178 B=107.579
[TX] Status seq=367 A=1.432 B=122.395
[RX] ForwardPacket from=0x2 target=0xFF cmd=0x0 seq=368
[TX] Immediate reply seq=368
[TX] Status seq=368 A=3.259 B=136.708
[TX] Status seq=368 A=4.679 B=150.196
[RX] ForwardPacket from=0x2 target=0xFF cmd=0x0 seq=369
[TX] Immediate reply seq=369
[TX] Status seq=369 A=4.930 B=162.557
[TX] Status seq=369 A=3.877 B=173.513
[RX] ForwardPacket from=0x2 target=0xFF cmd=0x0 seq=370
[TX] Immediate reply seq=370
[TX] Status seq=370 A=2.085 B=182.819
[TX] Status seq=370 A=0.516 B=190.264
[RX] ForwardPacket from=0x2 target=0xFF cmd=0x0 seq=371
[TX] Immediate reply seq=371
[TX] Status seq=371 A=0.012 B=195.682
[TX] Status seq=371 A=0.843 B=198.952
[RX] ForwardPacket from=0x2 target=0xFF cmd=0x0 seq=372
[TX] Immediate reply seq=372
[TX] Status seq=372 A=2.563 B=199.999
[TX] Status seq=372 A=4.250 B=198.800
[RX] ForwardPacket from=0x2 target=0xFF cmd=0x0 seq=373
[TX] Immediate reply seq=373
[TX] Status seq=373 A=4.997 B=195.383
[TX] Status seq=373 A=4.405 B=189.823
[RX] ForwardPacket from=0x2 target=0xFF cmd=0x0 seq=374
[TX] Immediate reply seq=374
[TX] Status seq=374 A=2.790 B=182.247
[TX] Status seq=374 A=1.020 B=172.823
[RX] ForwardPacket from=0x2 target=0xFF cmd=0x0 seq=375
[TX] Immediate reply seq=375
[TX] Status seq=375 A=0.044 B=161.763
[TX] Status seq=375 A=0.386 B=149.317
[RX] ForwardPacket from=0x2 target=0xFF cmd=0x0 seq=376
[TX] Immediate reply seq=376
[TX] Status seq=376 A=1.862 B=135.763
[TX] Status seq=376 A=3.681 B=121.406
[RX] ForwardPacket from=0x2 target=0xFF cmd=0x0 seq=377
[TX] Immediate reply seq=377
[TX] Status seq=377 A=4.866 B=106.568
[TX] Status seq=377 A=4.781 B=91.583
[RX] ForwardPacket from=0x2 target=0xFF cmd=0x0 seq=378
[TX] Immediate reply seq=378
[TX] Status seq=378 A=3.472 B=76.786
[TX] Status seq=378 A=1.642 B=62.511
[RX] ForwardPacket from=0x2 target=0xFF cmd=0x0 seq=379
[TX] Immediate reply seq=379
[TX] Status seq=379 A=0.271 B=49.079
[TX] Status seq=379 A=0.097 B=36.789
[RX] ForwardPacket from=0x2 target=0xFF cmd=0x0 seq=380
[TX] Immediate reply seq=380
[TX] Status seq=380 A=1.212 B=25.919
[TX] Status seq=380 A=3.018 B=16.713
[RX] ForwardPacket from=0x2 target=0xFF cmd=0x0 seq=381
[TX] Immediate reply seq=381
[TX] Status seq=381 A=4.546 B=9.377
[TX] Status seq=381 A=4.976 B=4.077
[RX] ForwardPacket from=0x2 target=0xFF cmd=0x0 seq=382
[TX] Immediate reply seq=382
[TX] Status seq=382 A=4.077 B=0.931
[TX] Status seq=382 A=2.332 B=0.009
[RX] ForwardPacket from=0x2 target=0xFF cmd=0x0 seq=383
[TX] Immediate reply seq=383
[TX] Status seq=383 A=0.677 B=1.333
[TX] Status seq=383 A=0.000 B=4.873
[RX] ForwardPacket from=0x2 target=0xFF cmd=0x0 seq=384
[TX] Immediate reply seq=384
[TX] Status seq=384 A=0.665 B=10.549
[TX] Status seq=384 A=2.314 B=18.235
[RX] ForwardPacket from=0x2 target=0xFF cmd=0x0 seq=385
[TX] Immediate reply seq=385
[TX] Status seq=385 A=4.064 B=27.756
[TX] Status seq=385 A=4.974 B=38.900
[RX] ForwardPacket from=0x2 target=0xFF cmd=0x0 seq=386
[TX] Immediate reply seq=386
[TX] Status seq=386 A=4.556 B=51.417
[TX] Status seq=386 A=3.035 B=65.023
[RX] ForwardPacket from=0x2 target=0xFF cmd=0x0 seq=387
[TX] Immediate reply seq=387
[TX] Status seq=387 A=1.227 B=79.416
[TX] Status seq=387 A=0.102 B=94.271
[RX] ForwardPacket from=0x2 target=0xFF cmd=0x0 seq=388
[TX] Immediate reply seq=388
[TX] Status seq=388 A=0.264 B=109.255
[TX] Status seq=388 A=1.625 B=124.031
[RX] ForwardPacket from=0x2 target=0xFF cmd=0x0 seq=389
[TX] Immediate reply seq=389
[TX] Status seq=389 A=3.456 B=138.266
[TX] Status seq=389 A=4.774 B=151.643
[RX] ForwardPacket from=0x2 target=0xFF cmd=0x0 seq=390
[TX] Immediate reply seq=390
[TX] Status seq=390 A=4.872 B=163.860
[TX] Status seq=390 A=3.696 B=174.643
[RX] ForwardPacket from=0x2 target=0xFF cmd=0x0 seq=391
[TX] Immediate reply seq=391
[TX] Status seq=391 A=1.879 B=183.749
[TX] Status seq=391 A=0.395 B=190.975
[RX] ForwardPacket from=0x2 target=0xFF cmd=0x0 seq=392
[TX] Immediate reply seq=392
[TX] Status seq=392 A=0.040 B=196.157
[TX] Status seq=392 A=1.006 B=199.180
[RX] ForwardPacket from=0x2 target=0xFF cmd=0x0 seq=393
[TX] Immediate reply seq=393
[TX] Status seq=393 A=2.773 B=199.976
[TX] Status seq=393 A=4.394 B=198.526
[RX] ForwardPacket from=0x2 target=0xFF cmd=0x0 seq=394
[TX] Immediate reply seq=394
[TX] Status seq=394 A=4.998 B=194.864
[TX] Status seq=394 A=4.262 B=189.071
[RX] ForwardPacket from=0x2 target=0xFF cmd=0x0 seq=395
[TX] Immediate reply seq=395
[TX] Status seq=395 A=2.581 B=181.278
[TX] Status seq=395 A=0.856 B=171.660
[RX] ForwardPacket from=0x2 target=0xFF cmd=0x0 seq=396
[TX] Immediate reply seq=396
[TX] Status seq=396 A=0.013 B=160.432
[TX] Status seq=396 A=0.505 B=147.847
[RX] ForwardPacket from=0x2 target=0xFF cmd=0x0 seq=397
[TX] Immediate reply seq=397
[TX] Status seq=397 A=2.068 B=134.188
[TX] Status seq=397 A=3.862 B=119.760
[RX] ForwardPacket from=0x2 target=0xFF cmd=0x0 seq=398
[TX] Immediate reply seq=398
[TX] Status seq=398 A=4.926 B=104.889
[TX] Status seq=398 A=4.687 B=89.908
[RX] ForwardPacket from=0x2 target=0xFF cmd=0x0 seq=399
[TX] Immediate reply seq=399
[TX] Status seq=399 A=3.276 B=75.155
[TX] Status seq=399 A=1.447 B=60.958
[RX] ForwardPacket from=0x2 target=0xFF cmd=0x0 seq=400
[TX] Immediate reply seq=400
[TX] Status seq=400 A=0.184 B=47.639
[TX] Status seq=400 A=0.164 B=35.495
[RX] ForwardPacket from=0x2 target=0xFF cmd=0x0 seq=401
[TX] Immediate reply seq=401
[TX] Status seq=401 A=1.397 B=24.800
[TX] Status seq=401 A=3.222 B=15.794
[RX] ForwardPacket from=0x2 target=0xFF cmd=0x0 seq=402
[TX] Immediate reply seq=402
[TX] Status seq=402 A=4.660 B=8.679
[TX] Status seq=402 A=4.939 B=3.615
[RX] ForwardPacket from=0x2 target=0xFF cmd=0x0 seq=403
[TX] Immediate reply seq=403
[TX] Status seq=403 A=3.909 B=0.716
[TX] Status seq=403 A=2.123 B=0.046
[RX] ForwardPacket from=0x2 target=0xFF cmd=0x0 seq=404
[TX] Immediate reply seq=404
[TX] Status seq=404 A=0.540 B=1.621
[TX] Status seq=404 A=0.008 B=5.405
[RX] ForwardPacket from=0x2 target=0xFF cmd=0x0 seq=405
[TX] Immediate reply seq=405
[TX] Status seq=405 A=0.814 B=11.314
[TX] Status seq=405 A=2.525 B=19.214
[RX] ForwardPacket from=0x2 target=0xFF cmd=0x0 seq=406
[TX] Immediate reply seq=406
[TX] Status seq=406 A=4.222 B=28.929
[TX] Status seq=406 A=4.995 B=40.240
[RX] ForwardPacket from=0x2 target=0xFF cmd=0x0 seq=407
[TX] Immediate reply seq=407
[TX] Status seq=407 A=4.430 B=52.893
[TX] Status seq=407 A=2.829 B=66.604
[RX] ForwardPacket from=0x2 target=0xFF cmd=0x0 seq=408
[TX] Immediate reply seq=408
[TX] Status seq=408 A=1.051 B=81.065
[TX] Status seq=408 A=0.051 B=95.951
[RX] ForwardPacket from=0x2 target=0xFF cmd=0x0 seq=409
[TX] Immediate reply seq=409
[TX] Status seq=409 A=0.365 B=110.927
[TX] Status seq=409 A=1.825 B=125.659
[RX] ForwardPacket from=0x2 target=0xFF cmd=0x0 seq=410
[TX] Immediate reply seq=410
[TX] Status seq=410 A=3.647 B=139.814
[TX] Status seq=410 A=4.853 B=153.076
[RX] ForwardPacket from=0x2 target=0xFF cmd=0x0 seq=411
[TX] Immediate reply seq=411
[TX] Status seq=411 A=4.797 B=165.145
[TX] Status seq=411 A=3.508 B=175.751
[RX] ForwardPacket from=0x2 target=0xFF cmd=0x0 seq=412
[TX] Immediate reply seq=412
[TX] Status seq=412 A=1.678 B=184.656
[TX] Status seq=412 A=0.289 B=191.660
[RX] ForwardPacket from=0x2 target=0xFF cmd=0x0 seq=413
[TX] Immediate reply seq=413
[TX] Status seq=413 A=0.087 B=196.605
[TX] Status seq=413 A=1.179 B=199.381
[RX] ForwardPacket from=0x2 target=0xFF cmd=0x0 seq=414
[TX] Immediate reply seq=414
[TX] Status seq=414 A=2.981 B=199.925
[TX] Status seq=414 A=4.524 B=198.225
[RX] ForwardPacket from=0x2 target=0xFF cmd=0x0 seq=415
[TX] Immediate reply seq=415
[TX] Status seq=415 A=4.981 B=194.319
[TX] Status seq=415 A=4.107 B=188.294
[RX] ForwardPacket from=0x2 target=0xFF cmd=0x0 seq=416
[TX] Immediate reply seq=416
[TX] Status seq=416 A=2.370 B=180.287
[TX] Status seq=416 A=0.703 B=170.477
[RX] ForwardPacket from=0x2 target=0xFF cmd=0x0 seq=417
[TX] Immediate reply seq=417
[TX] Status seq=417 A=0.000 B=159.084
[TX] Status seq=417 A=0.639 B=146.364
[RX] ForwardPacket from=0x2 target=0xFF cmd=0x0 seq=418
[TX] Immediate reply seq=418
[TX] Status seq=418 A=2.276 B=132.603
[TX] Status seq=418 A=4.033 B=118.109
[RX] ForwardPacket from=0x2 target=0xFF cmd=0x0 seq=419
[TX] Immediate reply seq=419
[TX] Status seq=419 A=4.968 B=103.210
[TX] Status seq=419 A=4.578 B=88.237
[RX] ForwardPacket from=0x2 target=0xFF cmd=0x0 seq=420
[TX] Immediate reply seq=420
[TX] Status seq=420 A=3.073 B=73.529
[TX] Status seq=420 A=1.261 B=59.416
[RX] ForwardPacket from=0x2 target=0xFF cmd=0x0 seq=421
[TX] Immediate reply seq=421
[TX] Status seq=421 A=0.113 B=46.213
[TX] Status seq=421 A=0.247 B=34.220
[RX] ForwardPacket from=0x2 target=0xFF cmd=0x0 seq=422
[TX] Immediate reply seq=422
[TX] Status seq=422 A=1.589 B=23.703
[TX] Status seq=422 A=3.420 B=14.899
[RX] ForwardPacket from=0x2 target=0xFF cmd=0x0 seq=423
[TX] Immediate reply seq=423
[TX] Status seq=423 A=4.758 B=8.007
[TX] Status seq=423 A=4.884 B=3.181
[RX] ForwardPacket from=0x2 target=0xFF cmd=0x0 seq=424
[TX] Immediate reply seq=424
[TX] Status seq=424 A=3.730 B=0.529
[TX] Status seq=424 A=1.917 B=0.111
[RX] ForwardPacket from=0x2 target=0xFF cmd=0x0 seq=425
[TX] Immediate reply seq=425
[TX] Status seq=425 A=0.416 B=1.936
[TX] Status seq=425 A=0.034 B=5.964
[RX] ForwardPacket from=0x2 target=0xFF cmd=0x0 seq=426
[TX] Immediate reply seq=426
[TX] Status seq=426 A=0.975 B=12.103
[TX] Status seq=426 A=2.734 B=20.217
[RX] ForwardPacket from=0x2 target=0xFF cmd=0x0 seq=427
[TX] Immediate reply seq=427
[TX] Status seq=427 A=4.368 B=30.122
[TX] Status seq=427 A=4.999 B=41.597
[RX] ForwardPacket from=0x2 target=0xFF cmd=0x0 seq=428
[TX] Immediate reply seq=428
[TX] Status seq=428 A=4.289 B=54.383
[TX] Status seq=428 A=2.619 B=68.193
[RX] ForwardPacket from=0x2 target=0xFF cmd=0x0 seq=429
[TX] Immediate reply seq=429
[TX] Status seq=429 A=0.885 B=82.718
[TX] Status seq=429 A=0.018 B=97.631
[RX] ForwardPacket from=0x2 target=0xFF cmd=0x0 seq=430
[TX] Immediate reply seq=430
[TX] Status seq=430 A=0.482 B=112.598
[TX] Status seq=430 A=2.030 B=127.281
[RX] ForwardPacket from=0x2 target=0xFF cmd=0x0 seq=431
[TX] Immediate reply seq=431
[TX] Status seq=431 A=3.829 B=141.351
[TX] Status seq=431 A=4.916 B=154.494
[RX] ForwardPacket from=0x2 target=0xFF cmd=0x0 seq=432
[TX] Immediate reply seq=432
[TX] Status seq=432 A=4.706 B=166.411
[TX] Status seq=432 A=3.312 B=176.839
[RX] ForwardPacket from=0x2 target=0xFF cmd=0x0 seq=433
[TX] Immediate reply seq=433
[TX] Status seq=433 A=1.483 B=185.539
[TX] Status seq=433 A=0.199 B=192.319
[RX] ForwardPacket from=0x2 target=0xFF cmd=0x0 seq=434
[TX] Immediate reply seq=434
[TX] Status seq=434 A=0.150 B=197.026
[TX] Status seq=434 A=1.362 B=199.554
[RX] ForwardPacket from=0x2 target=0xFF cmd=0x0 seq=435
[TX] Immediate reply seq=435
[TX] Status seq=435 A=3.185 B=199.846
[TX] Status seq=435 A=4.640 B=197.896
[RX] ForwardPacket from=0x2 target=0xFF cmd=0x0 seq=436
[TX] Immediate reply seq=436
[TX] Status seq=436 A=4.947 B=193.747
[TX] Status seq=436 A=3.941 B=187.492
[RX] ForwardPacket from=0x2 target=0xFF cmd=0x0 seq=437
[TX] Immediate reply seq=437
[TX] Status seq=437 A=2.161 B=179.274
[TX] Status seq=437 A=0.564 B=169.274
[RX] ForwardPacket from=0x2 target=0xFF cmd=0x0 seq=438
[TX] Immediate reply seq=438
[TX] Status seq=438 A=0.005 B=157.719
[TX] Status seq=438 A=0.786 B=144.868
[RX] ForwardPacket from=0x2 target=0xFF cmd=0x0 seq=439
[TX] Immediate reply seq=439
[TX] Status seq=439 A=2.486 B=131.008
[TX] Status seq=439 A=4.194 B=116.453
[RX] ForwardPacket from=0x2 target=0xFF cmd=0x0 seq=440
[TX] Immediate reply seq=440
[TX] Status seq=440 A=4.993 B=101.528
[TX] Status seq=440 A=4.454 B=86.569
[RX] ForwardPacket from=0x2 target=0xFF cmd=0x0 seq=441
[TX] Immediate reply seq=441
[TX] Status seq=441 A=2.867 B=71.912
[TX] Status seq=441 A=1.083 B=57.884
[RX] ForwardPacket from=0x2 target=0xFF cmd=0x0 seq=442
[TX] Immediate reply seq=442
[TX] Status seq=442 A=0.059 B=44.804
[TX] Status seq=442 A=0.345 B=32.962
[RX] ForwardPacket from=0x2 target=0xFF cmd=0x0 seq=443
[TX] Immediate reply seq=443
[TX] Status seq=443 A=1.788 B=22.626
[TX] Status seq=443 A=3.612 B=14.029
[RX] ForwardPacket from=0x2 target=0xFF cmd=0x0 seq=444
[TX] Immediate reply seq=444
[TX] Status seq=444 A=4.840 B=7.361
[TX] Status seq=444 A=4.812 B=2.774
[RX] ForwardPacket from=0x2 target=0xFF cmd=0x0 seq=445
[TX] Immediate reply seq=445
[TX] Status seq=445 A=3.543 B=0.370
[TX] Status seq=445 A=1.715 B=0.204
[RX] ForwardPacket from=0x2 target=0xFF cmd=0x0 seq=446
[TX] Immediate reply seq=446
[TX] Status seq=446 A=0.308 B=2.279
[TX] Status seq=446 A=0.077 B=6.549
[RX] ForwardPacket from=0x2 target=0xFF cmd=0x0 seq=447
[TX] Immediate reply seq=447
[TX] Status seq=447 A=1.147 B=12.917
[TX] Status seq=447 A=2.943 B=21.242
[RX] ForwardPacket from=0x2 target=0xFF cmd=0x0 seq=448
[TX] Immediate reply seq=448
[TX] Status seq=448 A=4.501 B=31.335
[TX] Status seq=448 A=4.986 B=42.969
[RX] ForwardPacket from=0x2 target=0xFF cmd=0x0 seq=449
[TX] Immediate reply seq=449
[TX] Status seq=449 A=4.136 B=55.886
[TX] Status seq=449 A=2.409 B=69.792
[RX] ForwardPacket from=0x2 target=0xFF cmd=0x0 seq=450
[TX] Immediate reply seq=450
[TX] Status seq=450 A=0.731 B=84.377
[TX] Status seq=450 A=0.001 B=99.312
[RX] ForwardPacket from=0x2 target=0xFF cmd=0x0 seq=451
[TX] Immediate reply seq=451
[TX] Status seq=451 A=0.613 B=114.263
[TX] Status seq=451 A=2.237 B=128.895
[RX] ForwardPacket from=0x2 target=0xFF cmd=0x0 seq=452
[TX] Immediate reply seq=452
[TX] Status seq=452 A=4.003 B=142.876
[TX] Status seq=452 A=4.961 B=155.896
[RX] ForwardPacket from=0x2 target=0xFF cmd=0x0 seq=453
[TX] Immediate reply seq=453
[TX] Status seq=453 A=4.599 B=167.659
[TX] Status seq=453 A=3.111 B=177.903
[RX] ForwardPacket from=0x2 target=0xFF cmd=0x0 seq=454
[TX] Immediate reply seq=454
[TX] Status seq=454 A=1.294 B=186.398
[TX] Status seq=454 A=0.125 B=192.952
[RX] ForwardPacket from=0x2 target=0xFF cmd=0x0 seq=455
[TX] Immediate reply seq=455
[TX] Status seq=455 A=0.230 B=197.420
[TX] Status seq=455 A=1.553 B=199.699
[RX] ForwardPacket from=0x2 target=0xFF cmd=0x0 seq=456
[TX] Immediate reply seq=456
[TX] Status seq=456 A=3.384 B=199.739
[TX] Status seq=456 A=4.741 B=197.539
[RX] ForwardPacket from=0x2 target=0xFF cmd=0x0 seq=457
[TX] Immediate reply seq=457
[TX] Status seq=457 A=4.895 B=193.148
[TX] Status seq=457 A=3.764 B=186.666
[RX] ForwardPacket from=0x2 target=0xFF cmd=0x0 seq=458
[TX] Immediate reply seq=458
[TX] Status seq=458 A=1.954 B=178.237
[TX] Status seq=458 A=0.438 B=168.052
[RX] ForwardPacket from=0x2 target=0xFF cmd=0x0 seq=459
[TX] Immediate reply seq=459
[TX] Status seq=459 A=0.028 B=156.338
[TX] Status seq=459 A=0.944 B=143.359
[RX] ForwardPacket from=0x2 target=0xFF cmd=0x0 seq=460
[TX] Immediate reply seq=460
[TX] Status seq=460 A=2.696 B=129.405
[TX] Status seq=460 A=4.342 B=114.792
[RX] ForwardPacket from=0x2 target=0xFF cmd=0x0 seq=461
[TX] Immediate reply seq=461
[TX] Status seq=461 A=5.000 B=99.847
[TX] Status seq=461 A=4.316 B=84.904
[RX] ForwardPacket from=0x2 target=0xFF cmd=0x0 seq=462
[TX] Immediate reply seq=462
[TX] Status seq=462 A=2.658 B=70.302
[TX] Status seq=462 A=0.915 B=56.365
[RX] ForwardPacket from=0x2 target=0xFF cmd=0x0 seq=463
[TX] Immediate reply seq=463
[TX] Status seq=463 A=0.022 B=43.409
[TX] Status seq=463 A=0.460 B=31.725
[RX] ForwardPacket from=0x2 target=0xFF cmd=0x0 seq=464
[TX] Immediate reply seq=464
[TX] Status seq=464 A=1.992 B=21.572
[TX] Status seq=464 A=3.796 B=13.182
[RX] ForwardPacket from=0x2 target=0xFF cmd=0x0 seq=465
[TX] Immediate reply seq=465
[TX] Status seq=465 A=4.906 B=6.740
[TX] Status seq=465 A=4.724 B=2.394
[RX] ForwardPacket from=0x2 target=0xFF cmd=0x0 seq=466
[TX] Immediate reply seq=466
[TX] Status seq=466 A=3.349 B=0.240
[TX] Status seq=466 A=1.518 B=0.326
[RX] ForwardPacket from=0x2 target=0xFF cmd=0x0 seq=467
[TX] Immediate reply seq=467
[TX] Status seq=467 A=0.214 B=2.650
[TX] Status seq=467 A=0.137 B=7.161
[RX] ForwardPacket from=0x2 target=0xFF cmd=0x0 seq=468
[TX] Immediate reply seq=468
[TX] Status seq=468 A=1.328 B=13.756
[TX] Status seq=468 A=3.148 B=22.289
[RX] ForwardPacket from=0x2 target=0xFF cmd=0x0 seq=469
[TX] Immediate reply seq=469
[TX] Status seq=469 A=4.620 B=32.567
[TX] Status seq=469 A=4.954 B=44.359
[RX] ForwardPacket from=0x2 target=0xFF cmd=0x0 seq=470
[TX] Immediate reply seq=470
[TX] Status seq=470 A=3.972 B=57.401
[TX] Status seq=470 A=2.200 B=71.399
[RX] ForwardPacket from=0x2 target=0xFF cmd=0x0 seq=471
[TX] Immediate reply seq=471
[TX] Status seq=471 A=0.588 B=86.039
[TX] Status seq=471 A=0.003 B=100.994
[RX] ForwardPacket from=0x2 target=0xFF cmd=0x0 seq=472
[TX] Immediate reply seq=472
[TX] Status seq=472 A=0.758 B=115.926
[TX] Status seq=472 A=2.447 B=130.501
[RX] ForwardPacket from=0x2 target=0xFF cmd=0x0 seq=473
[TX] Immediate reply seq=473
[TX] Status seq=473 A=4.165 B=144.389
[TX] Status seq=473 A=4.989 B=157.281
[RX] ForwardPacket from=0x2 target=0xFF cmd=0x0 seq=474
[TX] Immediate reply seq=474
[TX] Status seq=474 A=4.478 B=168.888
[TX] Status seq=474 A=2.905 B=178.946
[RX] ForwardPacket from=0x2 target=0xFF cmd=0x0 seq=475
[TX] Immediate reply seq=475
[TX] Status seq=475 A=1.115 B=187.233
[TX] Status seq=475 A=0.068 B=193.559
[RX] ForwardPacket from=0x2 target=0xFF cmd=0x0 seq=476
[TX] Immediate reply seq=476
[TX] Status seq=476 A=0.326 B=197.785
[TX] Status seq=476 A=1.751 B=199.815
[RX] ForwardPacket from=0x2 target=0xFF cmd=0x0 seq=477
[TX] Immediate reply seq=477
[TX] Status seq=477 A=3.578 B=199.603
[TX] Status seq=477 A=4.826 B=197.154
[RX] ForwardPacket from=0x2 target=0xFF cmd=0x0 seq=478
[TX] Immediate reply seq=478
[TX] Status seq=478 A=4.826 B=192.523
[TX] Status seq=478 A=3.578 B=185.815
[RX] ForwardPacket from=0x2 target=0xFF cmd=0x0 seq=479
[TX] Immediate reply seq=479
[TX] Status seq=479 A=1.752 B=177.179
[TX] Status seq=479 A=0.326 B=166.810
[RX] ForwardPacket from=0x2 target=0xFF cmd=0x0 seq=480
[TX] Immediate reply seq=480
[TX] Status seq=480 A=0.068 B=154.940
[TX] Status seq=480 A=1.114 B=141.837
[RX] ForwardPacket from=0x2 target=0xFF cmd=0x0 seq=481
[TX] Immediate reply seq=481
[TX] Status seq=481 A=2.904 B=127.795
[TX] Status seq=481 A=4.478 B=113.127
[RX] ForwardPacket from=0x2 target=0xFF cmd=0x0 seq=482
[TX] Immediate reply seq=482
[TX] Status seq=482 A=4.990 B=98.166
[TX] Status seq=482 A=4.166 B=83.244
[RX] ForwardPacket from=0x2 target=0xFF cmd=0x0 seq=483
[TX] Immediate reply seq=483
[TX] Status seq=483 A=2.448 B=68.700
[TX] Status seq=483 A=0.758 B=54.859
[RX] ForwardPacket from=0x2 target=0xFF cmd=0x0 seq=484
[TX] Immediate reply seq=484
[TX] Status seq=484 A=0.003 B=42.031
[TX] Status seq=484 A=0.588 B=30.506
[RX] ForwardPacket from=0x2 target=0xFF cmd=0x0 seq=485
[TX] Immediate reply seq=485
[TX] Status seq=485 A=2.199 B=20.540
[TX] Status seq=485 A=3.971 B=12.359
[RX] ForwardPacket from=0x2 target=0xFF cmd=0x0 seq=486
[TX] Immediate reply seq=486
[TX] Status seq=486 A=4.954 B=6.147
[TX] Status seq=486 A=4.620 B=2.042
[RX] ForwardPacket from=0x2 target=0xFF cmd=0x0 seq=487
[TX] Immediate reply seq=487
[TX] Status seq=487 A=3.148 B=0.138
[TX] Status seq=487 A=1.329 B=0.475
[RX] ForwardPacket from=0x2 target=0xFF cmd=0x0 seq=488
[TX] Immediate reply seq=488
[TX] Status seq=488 A=0.137 B=3.048
[TX] Status seq=488 A=0.214 B=7.799
[RX] ForwardPacket from=0x2 target=0xFF cmd=0x0 seq=489
[TX] Immediate reply seq=489
[TX] Status seq=489 A=1.517 B=14.620
[TX] Status seq=489 A=3.348 B=23.358
[RX] ForwardPacket from=0x2 target=0xFF cmd=0x0 seq=490
[TX] Immediate reply seq=490
[TX] Status seq=490 A=4.724 B=33.818
[TX] Status seq=490 A=4.906 B=45.764
[RX] ForwardPacket from=0x2 target=0xFF cmd=0x0 seq=491
[TX] Immediate reply seq=491
[TX] Status seq=491 A=3.797 B=58.927
[TX] Status seq=491 A=1.992 B=73.014
[RX] ForwardPacket from=0x2 target=0xFF cmd=0x0 seq=492
[TX] Immediate reply seq=492
[TX] Status seq=492 A=0.460 B=87.706
[TX] Status seq=492 A=0.022 B=102.676
[RX] ForwardPacket from=0x2 target=0xFF cmd=0x0 seq=493
[TX] Immediate reply seq=493
[TX] Status seq=493 A=0.914 B=117.583
[TX] Status seq=493 A=2.657 B=132.096
[RX] ForwardPacket from=0x2 target=0xFF cmd=0x0 seq=494
[TX] Immediate reply seq=494
[TX] Status seq=494 A=4.316 B=145.890
[TX] Status seq=494 A=5.000 B=158.652
[RX] ForwardPacket from=0x2 target=0xFF cmd=0x0 seq=495
[TX] Immediate reply seq=495
[TX] Status seq=495 A=4.343 B=170.097
[TX] Status seq=495 A=2.697 B=179.968
[RX] ForwardPacket from=0x2 target=0xFF cmd=0x0 seq=496
[TX] Immediate reply seq=496
[TX] Status seq=496 A=0.945 B=188.042
[TX] Status seq=496 A=0.028 B=194.140
[RX] ForwardPacket from=0x2 target=0xFF cmd=0x0 seq=497
[TX] Immediate reply seq=497
[TX] Status seq=497 A=0.437 B=198.123
[TX] Status seq=497 A=1.954 B=199.903
[RX] ForwardPacket from=0x2 target=0xFF cmd=0x0 seq=498
[TX] Immediate reply seq=498
[TX] Status seq=498 A=3.763 B=199.439
[TX] Status seq=498 A=4.895 B=196.742
[RX] ForwardPacket from=0x2 target=0xFF cmd=0x0 seq=499
[TX] Immediate reply seq=499
[TX] Status seq=499 A=4.741 B=191.872
[TX] Status seq=499 A=3.385 B=184.940
[RX] ForwardPacket from=0x2 target=0xFF cmd=0x0 seq=500
[TX] Immediate reply seq=500
[TX] Status seq=500 A=1.554 B=176.099
[TX] Status seq=500 A=0.230 B=165.550
[RX] ForwardPacket from=0x2 target=0xFF cmd=0x0 seq=501
[TX] Immediate reply seq=501
[TX] Status seq=501 A=0.125 B=153.529
[TX] Status seq=501 A=1.294 B=140.304
[RX] ForwardPacket from=0x2 target=0xFF cmd=0x0 seq=502
[TX] Immediate reply seq=502
[TX] Status seq=502 A=3.110 B=126.176
[TX] Status seq=502 A=4.599 B=111.458
[RX] ForwardPacket from=0x2 target=0xFF cmd=0x0 seq=503
[TX] Immediate reply seq=503
[TX] Status seq=503 A=4.961 B=96.485
[TX] Status seq=503 A=4.003 B=81.590
[RX] ForwardPacket from=0x2 target=0xFF cmd=0x0 seq=504
[TX] Immediate reply seq=504
[TX] Status seq=504 A=2.238 B=67.108
[TX] Status seq=504 A=0.614 B=53.365
[RX] ForwardPacket from=0x2 target=0xFF cmd=0x0 seq=505
[TX] Immediate reply seq=505
[TX] Status seq=505 A=0.001 B=40.669
[TX] Status seq=505 A=0.730 B=29.306
[RX] ForwardPacket from=0x2 target=0xFF cmd=0x0 seq=506
[TX] Immediate reply seq=506
[TX] Status seq=506 A=2.408 B=19.531
[TX] Status seq=506 A=4.136 B=11.562
[RX] ForwardPacket from=0x2 target=0xFF cmd=0x0 seq=507
[TX] Immediate reply seq=507
[TX] Status seq=507 A=4.986 B=5.580
[TX] Status seq=507 A=4.501 B=1.718
[RX] ForwardPacket from=0x2 target=0xFF cmd=0x0 seq=508
[TX] Immediate reply seq=508
[TX] Status seq=508 A=2.943 B=0.063
[TX] Status seq=508 A=1.147 B=0.653
[RX] ForwardPacket from=0x2 target=0xFF cmd=0x0 seq=509
[TX] Immediate reply seq=509
[TX] Status seq=509 A=0.077 B=3.474
[TX] Status seq=509 A=0.307 B=8.463
[RX] ForwardPacket from=0x2 target=0xFF cmd=0x0 seq=510
[TX] Immediate reply seq=510
[TX] Status seq=510 A=1.714 B=15.507
[TX] Status seq=510 A=3.543 B=24.449
[RX] ForwardPacket from=0x2 target=0xFF cmd=0x0 seq=511
[TX] Immediate reply seq=511
[TX] Status seq=511 A=4.812 B=35.087
[TX] Status seq=511 A=4.840 B=47.184
[RX] ForwardPacket from=0x2 target=0xFF cmd=0x0 seq=512
[TX] Immediate reply seq=512
[TX] Status seq=512 A=3.613 B=60.466
[TX] Status seq=512 A=1.789 B=74.638
[RX] ForwardPacket from=0x2 target=0xFF cmd=0x0 seq=513
[TX] Immediate reply seq=513
[TX] Status seq=513 A=0.346 B=89.377
[TX] Status seq=513 A=0.059 B=104.355
[RX] ForwardPacket from=0x2 target=0xFF cmd=0x0 seq=514
[TX] Immediate reply seq=514
[TX] Status seq=514 A=1.082 B=119.236
[TX] Status seq=514 A=2.866 B=133.685
[RX] ForwardPacket from=0x2 target=0xFF cmd=0x0 seq=515
[TX] Immediate reply seq=515
[TX] Status seq=515 A=4.454 B=147.378
[TX] Status seq=515 A=4.993 B=160.005
[RX] ForwardPacket from=0x2 target=0xFF cmd=0x0 seq=516
[TX] Immediate reply seq=516
[TX] Status seq=516 A=4.194 B=171.286
[TX] Status seq=516 A=2.487 B=180.966
[TX] Status seq=516 A=0.786 B=188.827
[TX] Status seq=516 A=0.005 B=194.694
[RX] ForwardPacket from=0x2 target=0xFF cmd=0x0 seq=518
[TX] Immediate reply seq=518
[TX] Status seq=518 A=0.563 B=198.434
[TX] Status seq=518 A=2.161 B=199.963
[RX] ForwardPacket from=0x2 target=0xFF cmd=0x0 seq=519
[TX] Immediate reply seq=519
[TX] Status seq=519 A=3.940 B=199.247
[TX] Status seq=519 A=4.947 B=196.303
[RX] ForwardPacket from=0x2 target=0xFF cmd=0x0 seq=520
[TX] Immediate reply seq=520
[TX] Status seq=520 A=4.640 B=191.195
[TX] Status seq=520 A=3.186 B=184.040
[RX] ForwardPacket from=0x2 target=0xFF cmd=0x0 seq=521
[TX] Immediate reply seq=521
[TX] Status seq=521 A=1.363 B=174.998
[TX] Status seq=521 A=0.150 B=164.270
[RX] ForwardPacket from=0x2 target=0xFF cmd=0x0 seq=522
[TX] Immediate reply seq=522
[TX] Status seq=522 A=0.199 B=152.100
[TX] Status seq=522 A=1.482 B=138.759
[RX] ForwardPacket from=0x2 target=0xFF cmd=0x0 seq=523
[TX] Immediate reply seq=523
[TX] Status seq=523 A=3.312 B=124.549
[TX] Status seq=523 A=4.706 B=109.787
[RX] ForwardPacket from=0x2 target=0xFF cmd=0x0 seq=524
[TX] Immediate reply seq=524
[TX] Status seq=524 A=4.916 B=94.804
[TX] Status seq=524 A=3.830 B=79.940
[RX] ForwardPacket from=0x2 target=0xFF cmd=0x0 seq=525
[TX] Immediate reply seq=525
[TX] Status seq=525 A=2.030 B=65.524
[TX] Status seq=525 A=0.483 B=51.884
[RX] ForwardPacket from=0x2 target=0xFF cmd=0x0 seq=526
[TX] Immediate reply seq=526
[TX] Status seq=526 A=0.017 B=39.325
[TX] Status seq=526 A=0.885 B=28.127
[RX] ForwardPacket from=0x2 target=0xFF cmd=0x0 seq=527
[TX] Immediate reply seq=527
[TX] Status seq=527 A=2.619 B=18.544
[TX] Status seq=527 A=4.289 B=10.790
[RX] ForwardPacket from=0x2 target=0xFF cmd=0x0 seq=528
[TX] Immediate reply seq=528
[TX] Status seq=528 A=4.999 B=5.039
[TX] Status seq=528 A=4.369 B=1.422
[RX] ForwardPacket from=0x2 target=0xFF cmd=0x0 seq=529
[TX] Immediate reply seq=529
[TX] Status seq=529 A=2.735 B=0.018
[TX] Status seq=529 A=0.975 B=0.859
[RX] ForwardPacket from=0x2 target=0xFF cmd=0x0 seq=530
[TX] Immediate reply seq=530
[TX] Status seq=530 A=0.034 B=3.927
[TX] Status seq=530 A=0.416 B=9.153
[RX] ForwardPacket from=0x2 target=0xFF cmd=0x0 seq=531
[TX] Immediate reply seq=531
[TX] Status seq=531 A=1.916 B=16.418
[TX] Status seq=531 A=3.730 B=25.561
[RX] ForwardPacket from=0x2 target=0xFF cmd=0x0 seq=532
[TX] Immediate reply seq=532
[TX] Status seq=532 A=4.883 B=36.376
[TX] Status seq=532 A=4.758 B=48.620
[RX] ForwardPacket from=0x2 target=0xFF cmd=0x0 seq=533
[TX] Immediate reply seq=533
[TX] Status seq=533 A=3.421 B=62.017
[TX] Status seq=533 A=1.590 B=76.266
[RX] ForwardPacket from=0x2 target=0xFF cmd=0x0 seq=534
[TX] Immediate reply seq=534
[TX] Status seq=534 A=0.247 B=91.051
[TX] Status seq=534 A=0.113 B=106.034
[RX] ForwardPacket from=0x2 target=0xFF cmd=0x0 seq=535
[TX] Immediate reply seq=535
[TX] Status seq=535 A=1.260 B=120.884
[TX] Status seq=535 A=3.073 B=135.263
[RX] ForwardPacket from=0x2 target=0xFF cmd=0x0 seq=536
[TX] Immediate reply seq=536
[TX] Status seq=536 A=4.578 B=148.851
[TX] Status seq=536 A=4.968 B=161.342
[RX] ForwardPacket from=0x2 target=0xFF cmd=0x0 seq=537
[TX] Immediate reply seq=537
[TX] Status seq=537 A=4.034 B=172.455
[TX] Status seq=537 A=2.277 B=181.941
[RX] ForwardPacket from=0x2 target=0xFF cmd=0x0 seq=538
[TX] Immediate reply seq=538
[TX] Status seq=538 A=0.639 B=189.587
[TX] Status seq=538 A=0.000 B=195.221
[RX] ForwardPacket from=0x2 target=0xFF cmd=0x0 seq=539
[TX] Immediate reply seq=539
[TX] Status seq=539 A=0.703 B=198.716
[TX] Status seq=539 A=2.370 B=199.995
[RX] ForwardPacket from=0x2 target=0xFF cmd=0x0 seq=540
[TX] Immediate reply seq=540
[TX] Status seq=540 A=4.106 B=199.027
[TX] Status seq=540 A=4.981 B=195.836
[RX] ForwardPacket from=0x2 target=0xFF cmd=0x0 seq=541
[TX] Immediate reply seq=541
[TX] Status seq=541 A=4.524 B=190.493
[TX] Status seq=541 A=2.981 B=183.117
[RX] ForwardPacket from=0x2 target=0xFF cmd=0x0 seq=542
[TX] Immediate reply seq=542
[TX] Status seq=542 A=1.180 B=173.875
[TX] Status seq=542 A=0.087 B=162.973
[RX] ForwardPacket from=0x2 target=0xFF cmd=0x0 seq=543
[TX] Immediate reply seq=543
[TX] Status seq=543 A=0.289 B=150.658
[TX] Status seq=543 A=1.677 B=137.205
[RX] ForwardPacket from=0x2 target=0xFF cmd=0x0 seq=544
[TX] Immediate reply seq=544
[TX] Status seq=544 A=3.507 B=122.915
[TX] Status seq=544 A=4.797 B=108.112
[RX] ForwardPacket from=0x2 target=0xFF cmd=0x0 seq=545
[TX] Immediate reply seq=545
[TX] Status seq=545 A=4.854 B=93.126
[TX] Status seq=545 A=3.648 B=78.295
[RX] ForwardPacket from=0x2 target=0xFF cmd=0x0 seq=546
[TX] Immediate reply seq=546
[TX] Status seq=546 A=1.826 B=63.952
[TX] Status seq=546 A=0.366 B=50.417
[RX] ForwardPacket from=0x2 target=0xFF cmd=0x0 seq=547
[TX] Immediate reply seq=547
[TX] Status seq=547 A=0.051 B=37.996
[TX] Status seq=547 A=1.050 B=26.968
[RX] ForwardPacket from=0x2 target=0xFF cmd=0x0 seq=548
[TX] Immediate reply seq=548
[TX] Status seq=548 A=2.828 B=17.580
[TX] Status seq=548 A=4.429 B=10.043
[RX] ForwardPacket from=0x2 target=0xFF cmd=0x0 seq=549
[TX] Immediate reply seq=549
[TX] Status seq=549 A=4.995 B=4.526
[TX] Status seq=549 A=4.222 B=1.153
[RX] ForwardPacket from=0x2 target=0xFF cmd=0x0 seq=550
[TX] Immediate reply seq=550
[TX] Status seq=550 A=2.525 B=0.000
[TX] Status seq=550 A=0.814 B=1.093
[RX] ForwardPacket from=0x2 target=0xFF cmd=0x0 seq=551
[TX] Immediate reply seq=551
[TX] Status seq=551 A=0.008 B=4.407
[TX] Status seq=551 A=0.539 B=9.868
[RX] ForwardPacket from=0x2 target=0xFF cmd=0x0 seq=552
[TX] Immediate reply seq=552
[TX] Status seq=552 A=2.122 B=17.353
[TX] Status seq=552 A=3.908 B=26.695
[RX] ForwardPacket from=0x2 target=0xFF cmd=0x0 seq=553
[TX] Immediate reply seq=553
[TX] Status seq=553 A=4.938 B=37.682
[TX] Status seq=553 A=4.660 B=50.068
[RX] ForwardPacket from=0x2 target=0xFF cmd=0x0 seq=554
[TX] Immediate reply seq=554
[TX] Status seq=554 A=3.223 B=63.578
[TX] Status seq=554 A=1.397 B=77.903
[RX] ForwardPacket from=0x2 target=0xFF cmd=0x0 seq=555
[TX] Immediate reply seq=555
[TX] Status seq=555 A=0.164 B=92.727
[TX] Status seq=555 A=0.184 B=107.712
[RX] ForwardPacket from=0x2 target=0xFF cmd=0x0 seq=556
[TX] Immediate reply seq=556
[TX] Status seq=556 A=1.447 B=122.524
[TX] Status seq=556 A=3.275 B=136.832
[RX] ForwardPacket from=0x2 target=0xFF cmd=0x0 seq=557
[TX] Immediate reply seq=557
[TX] Status seq=557 A=4.687 B=150.311
[TX] Status seq=557 A=4.926 B=162.662
[RX] ForwardPacket from=0x2 target=0xFF cmd=0x0 seq=558
[TX] Immediate reply seq=558
[TX] Status seq=558 A=3.863 B=173.604
[TX] Status seq=558 A=2.068 B=182.893
[RX] ForwardPacket from=0x2 target=0xFF cmd=0x0 seq=559
[TX] Immediate reply seq=559
[TX] Status seq=559 A=0.506 B=190.321
[TX] Status seq=559 A=0.013 B=195.721
[RX] ForwardPacket from=0x2 target=0xFF cmd=0x0 seq=560
[TX] Immediate reply seq=560
[TX] Status seq=560 A=0.855 B=198.971
[TX] Status seq=560 A=2.580 B=199.998
[RX] ForwardPacket from=0x2 target=0xFF cmd=0x0 seq=561
[TX] Immediate reply seq=561
[TX] Status seq=561 A=4.262 B=198.780
[TX] Status seq=561 A=4.998 B=195.342
[RX] ForwardPacket from=0x2 target=0xFF cmd=0x0 seq=562
[TX] Immediate reply seq=562
[TX] Status seq=562 A=4.394 B=189.765
[TX] Status seq=562 A=2.774 B=182.170
[RX] ForwardPacket from=0x2 target=0xFF cmd=0x0 seq=563
[TX] Immediate reply seq=563
[TX] Status seq=563 A=1.006 B=172.731
[TX] Status seq=563 A=0.041 B=161.659
[RX] ForwardPacket from=0x2 target=0xFF cmd=0x0 seq=564
[TX] Immediate reply seq=564
[TX] Status seq=564 A=0.395 B=149.201
[TX] Status seq=564 A=1.878 B=135.639
[RX] ForwardPacket from=0x2 target=0xFF cmd=0x0 seq=565
[TX] Immediate reply seq=565
[TX] Status seq=565 A=3.696 B=121.275
[TX] Status seq=565 A=4.871 B=106.435
[RX] ForwardPacket from=0x2 target=0xFF cmd=0x0 seq=566
[TX] Immediate reply seq=566
[TX] Status seq=566 A=4.775 B=91.451
[TX] Status seq=566 A=3.457 B=76.657
[RX] ForwardPacket from=0x2 target=0xFF cmd=0x0 seq=567
[TX] Immediate reply seq=567
[TX] Status seq=567 A=1.626 B=62.388
[TX] Status seq=567 A=0.264 B=48.963
[RX] ForwardPacket from=0x2 target=0xFF cmd=0x0 seq=568
[TX] Immediate reply seq=568
[TX] Status seq=568 A=0.102 B=36.686
[TX] Status seq=568 A=1.227 B=25.830
[RX] ForwardPacket from=0x2 target=0xFF cmd=0x0 seq=569
[TX] Immediate reply seq=569
[TX] Status seq=569 A=3.035 B=16.639
[TX] Status seq=569 A=4.556 B=9.321
[RX] ForwardPacket from=0x2 target=0xFF cmd=0x0 seq=570
[TX] Immediate reply seq=570
[TX] Status seq=570 A=4.974 B=4.039
[TX] Status seq=570 A=4.064 B=0.912
[RX] ForwardPacket from=0x2 target=0xFF cmd=0x0 seq=571
[TX] Immediate reply seq=571
[TX] Status seq=571 A=2.315 B=0.011
[TX] Status seq=571 A=0.665 B=1.355
[RX] ForwardPacket from=0x2 target=0xFF cmd=0x0 seq=572
[TX] Immediate reply seq=572
[TX] Status seq=572 A=0.000 B=4.914
[TX] Status seq=572 A=0.676 B=10.610
[RX] ForwardPacket from=0x2 target=0xFF cmd=0x0 seq=573
[TX] Immediate reply seq=573
[TX] Status seq=573 A=2.331 B=18.312
[TX] Status seq=573 A=4.077 B=27.848
[RX] ForwardPacket from=0x2 target=0xFF cmd=0x0 seq=574
[TX] Immediate reply seq=574
[TX] Status seq=574 A=4.976 B=39.006
[TX] Status seq=574 A=4.547 B=51.533
[RX] ForwardPacket from=0x2 target=0xFF cmd=0x0 seq=575
[TX] Immediate reply seq=575
[TX] Status seq=575 A=3.019 B=65.149
[TX] Status seq=575 A=1.213 B=79.547
[RX] ForwardPacket from=0x2 target=0xFF cmd=0x0 seq=576
[TX] Immediate reply seq=576
[TX] Status seq=576 A=0.097 B=94.404
[TX] Status seq=576 A=0.271 B=109.388
[RX] ForwardPacket from=0x2 target=0xFF cmd=0x0 seq=577
[TX] Immediate reply seq=577
[TX] Status seq=577 A=1.641 B=124.160
[TX] Status seq=577 A=3.472 B=138.390
[RX] ForwardPacket from=0x2 target=0xFF cmd=0x0 seq=578
[TX] Immediate reply seq=578
[TX] Status seq=578 A=4.781 B=151.757
[TX] Status seq=578 A=4.866 B=163.962
[RX] ForwardPacket from=0x2 target=0xFF cmd=0x0 seq=579
[TX] Immediate reply seq=579
[TX] Status seq=579 A=3.682 B=174.732
[TX] Status seq=579 A=1.863 B=183.822
[RX] ForwardPacket from=0x2 target=0xFF cmd=0x0 seq=580
[TX] Immediate reply seq=580
[TX] Status seq=580 A=0.386 B=191.030
[TX] Status seq=580 A=0.043 B=196.194
[RX] ForwardPacket from=0x2 target=0xFF cmd=0x0 seq=581
[TX] Immediate reply seq=581
[TX] Status seq=581 A=1.019 B=199.197
[TX] Status seq=581 A=2.789 B=199.973
[RX] ForwardPacket from=0x2 target=0xFF cmd=0x0 seq=582
[TX] Immediate reply seq=582
[TX] Status seq=582 A=4.404 B=198.504
[TX] Status seq=582 A=4.997 B=194.822
[RX] ForwardPacket from=0x2 target=0xFF cmd=0x0 seq=583
[TX] Immediate reply seq=583
[TX] Status seq=583 A=4.250 B=189.011
[TX] Status seq=583 A=2.564 B=181.201
[RX] ForwardPacket from=0x2 target=0xFF cmd=0x0 seq=584
[TX] Immediate reply seq=584
[TX] Status seq=584 A=0.843 B=171.567
[TX] Status seq=584 A=0.012 B=160.326
[RX] ForwardPacket from=0x2 target=0xFF cmd=0x0 seq=585
[TX] Immediate reply seq=585
[TX] Status seq=585 A=0.515 B=147.730
[TX] Status seq=585 A=2.084 B=134.062
[RX] ForwardPacket from=0x2 target=0xFF cmd=0x0 seq=586
[TX] Immediate reply seq=586
[TX] Status seq=586 A=3.876 B=119.630
[TX] Status seq=586 A=4.930 B=104.756
[RX] ForwardPacket from=0x2 target=0xFF cmd=0x0 seq=587
[TX] Immediate reply seq=587
[TX] Status seq=587 A=4.679 B=89.776
[TX] Status seq=587 A=3.260 B=75.025
[RX] ForwardPacket from=0x2 target=0xFF cmd=0x0 seq=588
[TX] Immediate reply seq=588
[TX] Status seq=588 A=1.432 B=60.835
[TX] Status seq=588 A=0.178 B=47.526
[RX] ForwardPacket from=0x2 target=0xFF cmd=0x0 seq=589
[TX] Immediate reply seq=589
[TX] Status seq=589 A=0.170 B=35.393
[TX] Status seq=589 A=1.412 B=24.713
[RX] ForwardPacket from=0x2 target=0xFF cmd=0x0 seq=590
[TX] Immediate reply seq=590
[TX] Status seq=590 A=3.238 B=15.722
[TX] Status seq=590 A=4.668 B=8.625
[RX] ForwardPacket from=0x2 target=0xFF cmd=0x0 seq=591
[TX] Immediate reply seq=591
[TX] Status seq=591 A=4.935 B=3.580
[TX] Status seq=591 A=3.895 B=0.700
[RX] ForwardPacket from=0x2 target=0xFF cmd=0x0 seq=592
[TX] Immediate reply seq=592
[TX] Status seq=592 A=2.107 B=0.050
[TX] Status seq=592 A=0.529 B=1.645
[RX] ForwardPacket from=0x2 target=0xFF cmd=0x0 seq=593
[TX] Immediate reply seq=593
[TX] Status seq=593 A=0.010 B=5.449
[TX] Status seq=593 A=0.826 B=11.375
[RX] ForwardPacket from=0x2 target=0xFF cmd=0x0 seq=594
[TX] Immediate reply seq=594
[TX] Status seq=594 A=2.541 B=19.293
[TX] Status seq=594 A=4.234 B=29.023
[RX] ForwardPacket from=0x2 target=0xFF cmd=0x0 seq=595
[TX] Immediate reply seq=595
[TX] Status seq=595 A=4.996 B=40.347
[TX] Status seq=595 A=4.419 B=53.010
[RX] ForwardPacket from=0x2 target=0xFF cmd=0x0 seq=596
[TX] Immediate reply seq=596
[TX] Status seq=596 A=2.812 B=66.729
[TX] Status seq=596 A=1.038 B=81.196
[RX] ForwardPacket from=0x2 target=0xFF cmd=0x0 seq=597
[TX] Immediate reply seq=597
[TX] Status seq=597 A=0.048 B=96.083
[TX] Status seq=597 A=0.374 B=111.061
[RX] ForwardPacket from=0x2 target=0xFF cmd=0x0 seq=598
[TX] Immediate reply seq=598
[TX] Status seq=598 A=1.841 B=125.788
[TX] Status seq=598 A=3.662 B=139.936
[RX] ForwardPacket from=0x2 target=0xFF cmd=0x0 seq=599
[TX] Immediate reply seq=599
[TX] Status seq=599 A=4.859 B=153.189
[TX] Status seq=599 A=4.790 B=165.246
[RX] ForwardPacket from=0x2 target=0xFF cmd=0x0 seq=600
[TX] Immediate reply seq=600
[TX] Status seq=600 A=3.493 B=175.839
[TX] Status seq=600 A=1.662 B=184.727
[RX] ForwardPacket from=0x2 target=0xFF cmd=0x0 seq=601
[TX] Immediate reply seq=601
[TX] Status seq=601 A=0.281 B=191.713
[TX] Status seq=601 A=0.091 B=196.640
[RX] ForwardPacket from=0x2 target=0xFF cmd=0x0 seq=602
[TX] Immediate reply seq=602
[TX] Status seq=602 A=1.193 B=199.396
[TX] Status seq=602 A=2.997 B=199.920
[RX] ForwardPacket from=0x2 target=0xFF cmd=0x0 seq=603
[TX] Immediate reply seq=603
[TX] Status seq=603 A=4.534 B=198.200
[TX] Status seq=603 A=4.979 B=194.275
[RX] ForwardPacket from=0x2 target=0xFF cmd=0x0 seq=604
[TX] Immediate reply seq=604
[TX] Status seq=604 A=4.094 B=188.232
[TX] Status seq=604 A=2.354 B=180.208
[RX] ForwardPacket from=0x2 target=0xFF cmd=0x0 seq=605
[TX] Immediate reply seq=605
[TX] Status seq=605 A=0.692 B=170.382
[TX] Status seq=605 A=0.000 B=158.976
[RX] ForwardPacket from=0x2 target=0xFF cmd=0x0 seq=606
[TX] Immediate reply seq=606
[TX] Status seq=606 A=0.650 B=146.246
[TX] Status seq=606 A=2.293 B=132.476
[RX] ForwardPacket from=0x2 target=0xFF cmd=0x0 seq=607
[TX] Immediate reply seq=607
[TX] Status seq=607 A=4.046 B=117.979
[TX] Status seq=607 A=4.970 B=103.075
[RX] ForwardPacket from=0x2 target=0xFF cmd=0x0 seq=608
[TX] Immediate reply seq=608
[TX] Status seq=608 A=4.569 B=88.105
[TX] Status seq=608 A=3.057 B=73.401
[RX] ForwardPacket from=0x2 target=0xFF cmd=0x0 seq=609
[TX] Immediate reply seq=609
[TX] Status seq=609 A=1.246 B=59.294
[TX] Status seq=609 A=0.108 B=46.102
[RX] ForwardPacket from=0x2 target=0xFF cmd=0x0 seq=610
[TX] Immediate reply seq=610
[TX] Status seq=610 A=0.254 B=34.119
[TX] Status seq=610 A=1.605 B=23.616
[RX] ForwardPacket from=0x2 target=0xFF cmd=0x0 seq=611
[TX] Immediate reply seq=611
[TX] Status seq=611 A=3.436 B=14.830
[TX] Status seq=611 A=4.765 B=7.955
[RX] ForwardPacket from=0x2 target=0xFF cmd=0x0 seq=612
[TX] Immediate reply seq=612
[TX] Status seq=612 A=4.879 B=3.148
[TX] Status seq=612 A=3.716 B=0.515
[RX] ForwardPacket from=0x2 target=0xFF cmd=0x0 seq=613
[TX] Immediate reply seq=613
[TX] Status seq=613 A=1.901 B=0.117
[TX] Status seq=613 A=0.407 B=1.962
[RX] ForwardPacket from=0x2 target=0xFF cmd=0x0 seq=614
[TX] Immediate reply seq=614
[TX] Status seq=614 A=0.037 B=6.009
[TX] Status seq=614 A=0.988 B=12.167
[RX] ForwardPacket from=0x2 target=0xFF cmd=0x0 seq=615
[TX] Immediate reply seq=615
[TX] Status seq=615 A=2.751 B=20.298
[TX] Status seq=615 A=4.379 B=30.217
[RX] ForwardPacket from=0x2 target=0xFF cmd=0x0 seq=616
[TX] Immediate reply seq=616
[TX] Status seq=616 A=4.999 B=41.704
[TX] Status seq=616 A=4.278 B=54.502
[RX] ForwardPacket from=0x2 target=0xFF cmd=0x0 seq=617
[TX] Immediate reply seq=617
[TX] Status seq=617 A=2.603 B=68.319
[TX] Status seq=617 A=0.872 B=82.850
[RX] ForwardPacket from=0x2 target=0xFF cmd=0x0 seq=618
[TX] Immediate reply seq=618
[TX] Status seq=618 A=0.016 B=97.764
[TX] Status seq=618 A=0.492 B=112.729
[RX] ForwardPacket from=0x2 target=0xFF cmd=0x0 seq=619
[TX] Immediate reply seq=619
[TX] Status seq=619 A=2.046 B=127.409
[TX] Status seq=619 A=3.844 B=141.472
[RX] ForwardPacket from=0x2 target=0xFF cmd=0x0 seq=620
[TX] Immediate reply seq=620
[TX] Status seq=620 A=4.920 B=154.606
[TX] Status seq=620 A=4.698 B=166.511
[RX] ForwardPacket from=0x2 target=0xFF cmd=0x0 seq=621
[TX] Immediate reply seq=621
[TX] Status seq=621 A=3.296 B=176.923
[TX] Status seq=621 A=1.467 B=185.608
[RX] ForwardPacket from=0x2 target=0xFF cmd=0x0 seq=622
[TX] Immediate reply seq=622
[TX] Status seq=622 A=0.193 B=192.370
[TX] Status seq=622 A=0.156 B=197.058
[RX] ForwardPacket from=0x2 target=0xFF cmd=0x0 seq=623
[TX] Immediate reply seq=623
[TX] Status seq=623 A=1.377 B=199.566
[TX] Status seq=623 A=3.201 B=199.839
[RX] ForwardPacket from=0x2 target=0xFF cmd=0x0 seq=624
[TX] Immediate reply seq=624
[TX] Status seq=624 A=4.649 B=197.868
[TX] Status seq=624 A=4.943 B=193.700
[RX] ForwardPacket from=0x2 target=0xFF cmd=0x0 seq=625
[TX] Immediate reply seq=625
[TX] Status seq=625 A=3.927 B=187.428
[TX] Status seq=625 A=2.145 B=179.192
[RX] ForwardPacket from=0x2 target=0xFF cmd=0x0 seq=626
[TX] Immediate reply seq=626
[TX] Status seq=626 A=0.553 B=169.178
[TX] Status seq=626 A=0.006 B=157.610
[RX] ForwardPacket from=0x2 target=0xFF cmd=0x0 seq=627
[TX] Immediate reply seq=627
[TX] Status seq=627 A=0.798 B=144.749
[TX] Status seq=627 A=2.502 B=130.881
[RX] ForwardPacket from=0x2 target=0xFF cmd=0x0 seq=628
[TX] Immediate reply seq=628
[TX] Status seq=628 A=4.206 B=116.322
[TX] Status seq=628 A=4.994 B=101.396
[RX] ForwardPacket from=0x2 target=0xFF cmd=0x0 seq=629
[TX] Immediate reply seq=629
[TX] Status seq=629 A=4.444 B=86.437
[TX] Status seq=629 A=2.850 B=71.784
[RX] ForwardPacket from=0x2 target=0xFF cmd=0x0 seq=630
[TX] Immediate reply seq=630
[TX] Status seq=630 A=1.069 B=57.763
[TX] Status seq=630 A=0.056 B=44.693
[RX] ForwardPacket from=0x2 target=0xFF cmd=0x0 seq=631
[TX] Immediate reply seq=631
[TX] Status seq=631 A=0.354 B=32.864
[TX] Status seq=631 A=1.804 B=22.542
[RX] ForwardPacket from=0x2 target=0xFF cmd=0x0 seq=632
[TX] Immediate reply seq=632
[TX] Status seq=632 A=3.627 B=13.960
[TX] Status seq=632 A=4.846 B=7.310
[RX] ForwardPacket from=0x2 target=0xFF cmd=0x0 seq=633
[TX] Immediate reply seq=633
[TX] Status seq=633 A=4.806 B=2.743
[TX] Status seq=633 A=3.528 B=0.359
[RX] ForwardPacket from=0x2 target=0xFF cmd=0x0 seq=634
[TX] Immediate reply seq=634
[TX] Status seq=634 A=1.699 B=0.213
[TX] Status seq=634 A=0.300 B=2.308
[RX] ForwardPacket from=0x2 target=0xFF cmd=0x0 seq=635
[TX] Immediate reply seq=635
[TX] Status seq=635 A=0.081 B=6.597
[TX] Status seq=635 A=1.161 B=12.983
[RX] ForwardPacket from=0x2 target=0xFF cmd=0x0 seq=636
[TX] Immediate reply seq=636
[TX] Status seq=636 A=2.959 B=21.324
[TX] Status seq=636 A=4.511 B=31.432
[RX] ForwardPacket from=0x2 target=0xFF cmd=0x0 seq=637
[TX] Immediate reply seq=637
[TX] Status seq=637 A=4.984 B=43.079
[TX] Status seq=637 A=4.124 B=56.006
[RX] ForwardPacket from=0x2 target=0xFF cmd=0x0 seq=638
[TX] Immediate reply seq=638
[TX] Status seq=638 A=2.392 B=69.919
[TX] Status seq=638 A=0.719 B=84.509
[RX] ForwardPacket from=0x2 target=0xFF cmd=0x0 seq=639
[TX] Immediate reply seq=639
[TX] Status seq=639 A=0.001 B=99.446
[TX] Status seq=639 A=0.624 B=114.395
[RX] ForwardPacket from=0x2 target=0xFF cmd=0x0 seq=640
[TX] Immediate reply seq=640
[TX] Status seq=640 A=2.254 B=129.023
[TX] Status seq=640 A=4.016 B=142.997
[RX] ForwardPacket from=0x2 target=0xFF cmd=0x0 seq=641
[TX] Immediate reply seq=641
[TX] Status seq=641 A=4.964 B=156.007
[TX] Status seq=641 A=4.590 B=167.757
[RX] ForwardPacket from=0x2 target=0xFF cmd=0x0 seq=642
[TX] Immediate reply seq=642
[TX] Status seq=642 A=3.095 B=177.987
[TX] Status seq=642 A=1.280 B=186.465
[RX] ForwardPacket from=0x2 target=0xFF cmd=0x0 seq=643
[TX] Immediate reply seq=643
[TX] Status seq=643 A=0.120 B=193.002
[TX] Status seq=643 A=0.237 B=197.450
[RX] ForwardPacket from=0x2 target=0xFF cmd=0x0 seq=644
[TX] Immediate reply seq=644
[TX] Status seq=644 A=1.569 B=199.709
[TX] Status seq=644 A=3.400 B=199.729
[RX] ForwardPacket from=0x2 target=0xFF cmd=0x0 seq=645
[TX] Immediate reply seq=645
[TX] Status seq=645 A=4.748 B=197.509
[TX] Status seq=645 A=4.890 B=193.100
[RX] ForwardPacket from=0x2 target=0xFF cmd=0x0 seq=646
[TX] Immediate reply seq=646
[TX] Status seq=646 A=3.749 B=186.599
[TX] Status seq=646 A=1.938 B=178.154
[RX] ForwardPacket from=0x2 target=0xFF cmd=0x0 seq=647
[TX] Immediate reply seq=647
[TX] Status seq=647 A=0.428 B=167.954
[TX] Status seq=647 A=0.030 B=156.227
[RX] ForwardPacket from=0x2 target=0xFF cmd=0x0 seq=648
[TX] Immediate reply seq=648
[TX] Status seq=648 A=0.957 B=143.238
[TX] Status seq=648 A=2.712 B=129.277
[RX] ForwardPacket from=0x2 target=0xFF cmd=0x0 seq=649
[TX] Immediate reply seq=649
[TX] Status seq=649 A=4.353 B=114.660
[TX] Status seq=649 A=5.000 B=99.714
[RX] ForwardPacket from=0x2 target=0xFF cmd=0x0 seq=650
[TX] Immediate reply seq=650
[TX] Status seq=650 A=4.305 B=84.772
[TX] Status seq=650 A=2.641 B=70.175
[RX] ForwardPacket from=0x2 target=0xFF cmd=0x0 seq=651
[TX] Immediate reply seq=651
[TX] Status seq=651 A=0.902 B=56.245
[TX] Status seq=651 A=0.020 B=43.299
[RX] ForwardPacket from=0x2 target=0xFF cmd=0x0 seq=652
[TX] Immediate reply seq=652
[TX] Status seq=652 A=0.469 B=31.627
[TX] Status seq=652 A=2.008 B=21.489
[RX] ForwardPacket from=0x2 target=0xFF cmd=0x0 seq=653
[TX] Immediate reply seq=653
[TX] Status seq=653 A=3.811 B=13.116
[TX] Status seq=653 A=4.910 B=6.692
[RX] ForwardPacket from=0x2 target=0xFF cmd=0x0 seq=654
[TX] Immediate reply seq=654
[TX] Status seq=654 A=4.716 B=2.365
[TX] Status seq=654 A=3.333 B=0.231
[RX] ForwardPacket from=0x2 target=0xFF cmd=0x0 seq=655
[TX] Immediate reply seq=655
[TX] Status seq=655 A=1.503 B=0.337
[TX] Status seq=655 A=0.208 B=2.681
[RX] ForwardPacket from=0x2 target=0xFF cmd=0x0 seq=656
[TX] Immediate reply seq=656
[TX] Status seq=656 A=0.143 B=7.211
[TX] Status seq=656 A=1.343 B=13.824
[RX] ForwardPacket from=0x2 target=0xFF cmd=0x0 seq=657
[TX] Immediate reply seq=657
[TX] Status seq=657 A=3.164 B=22.373
[TX] Status seq=657 A=4.629 B=32.666
[RX] ForwardPacket from=0x2 target=0xFF cmd=0x0 seq=658
[TX] Immediate reply seq=658
[TX] Status seq=658 A=4.951 B=44.470
[TX] Status seq=658 A=3.958 B=57.522
[RX] ForwardPacket from=0x2 target=0xFF cmd=0x0 seq=659
[TX] Immediate reply seq=659
[TX] Status seq=659 A=2.183 B=71.527
[TX] Status seq=659 A=0.578 B=86.171
[RX] ForwardPacket from=0x2 target=0xFF cmd=0x0 seq=660
[TX] Immediate reply seq=660
[TX] Status seq=660 A=0.004 B=101.128
[TX] Status seq=660 A=0.770 B=116.057
[RX] ForwardPacket from=0x2 target=0xFF cmd=0x0 seq=661
[TX] Immediate reply seq=661
[TX] Status seq=661 A=2.464 B=130.628
[TX] Status seq=661 A=4.177 B=144.509
[RX] ForwardPacket from=0x2 target=0xFF cmd=0x0 seq=662
[TX] Immediate reply seq=662
[TX] Status seq=662 A=4.991 B=157.391
[TX] Status seq=662 A=4.468 B=168.985
[RX] ForwardPacket from=0x2 target=0xFF cmd=0x0 seq=663
[TX] Immediate reply seq=663
[TX] Status seq=663 A=2.889 B=179.028
[TX] Status seq=663 A=1.101 B=187.298
[RX] ForwardPacket from=0x2 target=0xFF cmd=0x0 seq=664
[TX] Immediate reply seq=664
[TX] Status seq=664 A=0.064 B=193.607
[TX] Status seq=664 A=0.334 B=197.813
[RX] ForwardPacket from=0x2 target=0xFF cmd=0x0 seq=665
[TX] Immediate reply seq=665
[TX] Status seq=665 A=1.767 B=199.823
[TX] Status seq=665 A=3.593 B=199.591
[RX] ForwardPacket from=0x2 target=0xFF cmd=0x0 seq=666
[TX] Immediate reply seq=666
[TX] Status seq=666 A=4.832 B=197.122
[TX] Status seq=666 A=4.820 B=192.473
[RX] ForwardPacket from=0x2 target=0xFF cmd=0x0 seq=667
[TX] Immediate reply seq=667
[TX] Status seq=667 A=3.563 B=185.747
[TX] Status seq=667 A=1.736 B=177.094
[RX] ForwardPacket from=0x2 target=0xFF cmd=0x0 seq=668
[TX] Immediate reply seq=668
[TX] Status seq=668 A=0.318 B=166.711
[TX] Status seq=668 A=0.072 B=154.829
[RX] ForwardPacket from=0x2 target=0xFF cmd=0x0 seq=669
[TX] Immediate reply seq=669
[TX] Status seq=669 A=1.128 B=141.716
[TX] Status seq=669 A=2.921 B=127.667
[RX] ForwardPacket from=0x2 target=0xFF cmd=0x0 seq=670
[TX] Immediate reply seq=670
[TX] Status seq=670 A=4.488 B=112.995
[TX] Status seq=670 A=4.988 B=98.032
[TX] Status seq=670 A=4.153 B=83.113
[TX] Status seq=670 A=2.431 B=68.574
[RX] ForwardPacket from=0x2 target=0xFF cmd=0x0 seq=672
[TX] Immediate reply seq=672
[TX] Status seq=672 A=0.746 B=54.740
[TX] Status seq=672 A=0.002 B=41.922
[RX] ForwardPacket from=0x2 target=0xFF cmd=0x0 seq=673
[TX] Immediate reply seq=673
[TX] Status seq=673 A=0.599 B=30.410
[TX] Status seq=673 A=2.215 B=20.459
[RX] ForwardPacket from=0x2 target=0xFF cmd=0x0 seq=674
[TX] Immediate reply seq=674
[TX] Status seq=674 A=3.985 B=12.295
[TX] Status seq=674 A=4.957 B=6.101
[RX] ForwardPacket from=0x2 target=0xFF cmd=0x0 seq=675
[TX] Immediate reply seq=675
[TX] Status seq=675 A=4.611 B=2.015
[TX] Status seq=675 A=3.132 B=0.131
[RX] ForwardPacket from=0x2 target=0xFF cmd=0x0 seq=676
[TX] Immediate reply seq=676
[TX] Status seq=676 A=1.314 B=0.489
[TX] Status seq=676 A=0.132 B=3.081
[RX] ForwardPacket from=0x2 target=0xFF cmd=0x0 seq=677
[TX] Immediate reply seq=677
[TX] Status seq=677 A=0.221 B=7.850
[TX] Status seq=677 A=1.533 B=14.689
[RX] ForwardPacket from=0x2 target=0xFF cmd=0x0 seq=678
[TX] Immediate reply seq=678
[TX] Status seq=678 A=3.364 B=23.444
[TX] Status seq=678 A=4.731 B=33.918
[RX] ForwardPacket from=0x2 target=0xFF cmd=0x0 seq=679
[TX] Immediate reply seq=679
[TX] Status seq=679 A=4.901 B=45.876
[TX] Status seq=679 A=3.783 B=59.049
[RX] ForwardPacket from=0x2 target=0xFF cmd=0x0 seq=680
[TX] Immediate reply seq=680
[TX] Status seq=680 A=1.976 B=73.143
[TX] Status seq=680 A=0.450 B=87.839
[RX] ForwardPacket from=0x2 target=0xFF cmd=0x0 seq=681
[TX] Immediate reply seq=681
[TX] Status seq=681 A=0.025 B=102.809
[TX] Status seq=681 A=0.927 B=117.715
[RX] ForwardPacket from=0x2 target=0xFF cmd=0x0 seq=682
[TX] Immediate reply seq=682
[TX] Status seq=682 A=2.674 B=132.223
[TX] Status seq=682 A=4.327 B=146.009
[RX] ForwardPacket from=0x2 target=0xFF cmd=0x0 seq=683
[TX] Immediate reply seq=683
[TX] Status seq=683 A=5.000 B=158.760
[TX] Status seq=683 A=4.331 B=170.192
[RX] ForwardPacket from=0x2 target=0xFF cmd=0x0 seq=684
[TX] Immediate reply seq=684
[TX] Status seq=684 A=2.680 B=180.048
[TX] Status seq=684 A=0.932 B=188.105
[RX] ForwardPacket from=0x2 target=0xFF cmd=0x0 seq=685
[TX] Immediate reply seq=685
[TX] Status seq=685 A=0.025 B=194.185
[TX] Status seq=685 A=0.447 B=198.149
[RX] ForwardPacket from=0x2 target=0xFF cmd=0x0 seq=686
[TX] Immediate reply seq=686
[TX] Status seq=686 A=1.970 B=199.909
[TX] Status seq=686 A=3.778 B=199.425
[RX] ForwardPacket from=0x2 target=0xFF cmd=0x0 seq=687
[TX] Immediate reply seq=687
[TX] Status seq=687 A=4.900 B=196.708
[TX] Status seq=687 A=4.734 B=191.820
[RX] ForwardPacket from=0x2 target=0xFF cmd=0x0 seq=688
[TX] Immediate reply seq=688
[TX] Status seq=688 A=3.369 B=184.869
[TX] Status seq=688 A=1.538 B=176.012
[RX] ForwardPacket from=0x2 target=0xFF cmd=0x0 seq=689
[TX] Immediate reply seq=689
[TX] Status seq=689 A=0.223 B=165.449
[TX] Status seq=689 A=0.130 B=153.416
[RX] ForwardPacket from=0x2 target=0xFF cmd=0x0 seq=690
[TX] Immediate reply seq=690
[TX] Status seq=690 A=1.308 B=140.182
[TX] Status seq=690 A=3.126 B=126.047
[RX] ForwardPacket from=0x2 target=0xFF cmd=0x0 seq=691
[TX] Immediate reply seq=691
[TX] Status seq=691 A=4.608 B=111.325
[TX] Status seq=691 A=4.959 B=96.351
[RX] ForwardPacket from=0x2 target=0xFF cmd=0x0 seq=692
[TX] Immediate reply seq=692
[TX] Status seq=692 A=3.990 B=81.459
[TX] Status seq=692 A=2.222 B=66.982
[RX] ForwardPacket from=0x2 target=0xFF cmd=0x0 seq=693
[TX] Immediate reply seq=693
[TX] Status seq=693 A=0.603 B=53.247
[TX] Status seq=693 A=0.002 B=40.561
[RX] ForwardPacket from=0x2 target=0xFF cmd=0x0 seq=694
[TX] Immediate reply seq=694
[TX] Status seq=694 A=0.742 B=29.212
[TX] Status seq=694 A=2.425 B=19.452
[RX] ForwardPacket from=0x2 target=0xFF cmd=0x0 seq=695
[TX] Immediate reply seq=695
[TX] Status seq=695 A=4.148 B=11.500
[TX] Status seq=695 A=4.987 B=5.536
[RX] ForwardPacket from=0x2 target=0xFF cmd=0x0 seq=696
[TX] Immediate reply seq=696
[TX] Status seq=696 A=4.491 B=1.693
[TX] Status seq=696 A=2.927 B=0.059
[RX] ForwardPacket from=0x2 target=0xFF cmd=0x0 seq=697
[TX] Immediate reply seq=697
[TX] Status seq=697 A=1.133 B=0.669
[TX] Status seq=697 A=0.073 B=3.509
[RX] ForwardPacket from=0x2 target=0xFF cmd=0x0 seq=698
[TX] Immediate reply seq=698
[TX] Status seq=698 A=0.315 B=8.516
[TX] Status seq=698 A=1.730 B=15.579
[RX] ForwardPacket from=0x2 target=0xFF cmd=0x0 seq=699
[TX] Immediate reply seq=699
[TX] Status seq=699 A=3.558 B=24.537
[TX] Status seq=699 A=4.818 B=35.189
[RX] ForwardPacket from=0x2 target=0xFF cmd=0x0 seq=700
[TX] Immediate reply seq=700
[TX] Status seq=700 A=4.834 B=47.298
[TX] Status seq=700 A=3.598 B=60.589
[RX] ForwardPacket from=0x2 target=0xFF cmd=0x0 seq=701
[TX] Immediate reply seq=701
[TX] Status seq=701 A=1.773 B=74.767
[TX] Status seq=701 A=0.337 B=89.510
[RX] ForwardPacket from=0x2 target=0xFF cmd=0x0 seq=702
[TX] Immediate reply seq=702
[TX] Status seq=702 A=0.063 B=104.488
[TX] Status seq=702 A=1.096 B=119.368
[RX] ForwardPacket from=0x2 target=0xFF cmd=0x0 seq=703
[TX] Immediate reply seq=703
[TX] Status seq=703 A=2.883 B=133.810
[TX] Status seq=703 A=4.464 B=147.495
[RX] ForwardPacket from=0x2 target=0xFF cmd=0x0 seq=704
[TX] Immediate reply seq=704
[TX] Status seq=704 A=4.991 B=160.112
[TX] Status seq=704 A=4.182 B=171.379
[RX] ForwardPacket from=0x2 target=0xFF cmd=0x0 seq=705
[TX] Immediate reply seq=705
[TX] Status seq=705 A=2.470 B=181.044
[TX] Status seq=705 A=0.774 B=188.888
[RX] ForwardPacket from=0x2 target=0xFF cmd=0x0 seq=706
[TX] Immediate reply seq=706
[TX] Status seq=706 A=0.004 B=194.737
[TX] Status seq=706 A=0.574 B=198.457
[RX] ForwardPacket from=0x2 target=0xFF cmd=0x0 seq=707
[TX] Immediate reply seq=707
[TX] Status seq=707 A=2.177 B=199.966
[TX] Status seq=707 A=3.954 B=199.231
[RX] ForwardPacket from=0x2 target=0xFF cmd=0x0 seq=708
[TX] Immediate reply seq=708
[TX] Status seq=708 A=4.950 B=196.267
[TX] Status seq=708 A=4.632 B=191.140
[RX] ForwardPacket from=0x2 target=0xFF cmd=0x0 seq=709
[TX] Immediate reply seq=709
[TX] Status seq=709 A=3.170 B=183.968
[TX] Status seq=709 A=1.348 B=174.910
[RX] ForwardPacket from=0x2 target=0xFF cmd=0x0 seq=710
[TX] Immediate reply seq=710
[TX] Status seq=710 A=0.145 B=164.168
[TX] Status seq=710 A=0.205 B=151.986
[RX] ForwardPacket from=0x2 target=0xFF cmd=0x0 seq=711
[TX] Immediate reply seq=711
[TX] Status seq=711 A=1.497 B=138.636
[TX] Status seq=711 A=3.327 B=124.419
[RX] ForwardPacket from=0x2 target=0xFF cmd=0x0 seq=712
[TX] Immediate reply seq=712
[TX] Status seq=712 A=4.713 B=109.654
[TX] Status seq=712 A=4.912 B=94.671
[RX] ForwardPacket from=0x2 target=0xFF cmd=0x0 seq=713
[TX] Immediate reply seq=713
[TX] Status seq=713 A=3.816 B=79.809
[TX] Status seq=713 A=2.014 B=65.399
[RX] ForwardPacket from=0x2 target=0xFF cmd=0x0 seq=714
[TX] Immediate reply seq=714
[TX] Status seq=714 A=0.473 B=51.767
[TX] Status seq=714 A=0.019 B=39.219
[RX] ForwardPacket from=0x2 target=0xFF cmd=0x0 seq=715
[TX] Immediate reply seq=715
[TX] Status seq=715 A=0.897 B=28.034
[TX] Status seq=715 A=2.635 B=18.466
[RX] ForwardPacket from=0x2 target=0xFF cmd=0x0 seq=716
[TX] Immediate reply seq=716
[TX] Status seq=716 A=4.300 B=10.729
[TX] Status seq=716 A=5.000 B=4.998
[RX] ForwardPacket from=0x2 target=0xFF cmd=0x0 seq=717
[TX] Immediate reply seq=717
[TX] Status seq=717 A=4.357 B=1.399
[TX] Status seq=717 A=2.718 B=0.015
[RX] ForwardPacket from=0x2 target=0xFF cmd=0x0 seq=718
[TX] Immediate reply seq=718
[TX] Status seq=718 A=0.962 B=0.877
[TX] Status seq=718 A=0.031 B=3.964
[RX] ForwardPacket from=0x2 target=0xFF cmd=0x0 seq=719
[TX] Immediate reply seq=719
[TX] Status seq=719 A=0.425 B=9.209
[TX] Status seq=719 A=1.932 B=16.491
[RX] ForwardPacket from=0x2 target=0xFF cmd=0x0 seq=720
[TX] Immediate reply seq=720
[TX] Status seq=720 A=3.744 B=25.651
[TX] Status seq=720 A=4.888 B=36.479
[RX] ForwardPacket from=0x2 target=0xFF cmd=0x0 seq=721
[TX] Immediate reply seq=721
[TX] Status seq=721 A=4.751 B=48.734
[TX] Status seq=721 A=3.406 B=62.140
[RX] ForwardPacket from=0x2 target=0xFF cmd=0x0 seq=722
[TX] Immediate reply seq=722
[TX] Status seq=722 A=1.574 B=76.396
[TX] Status seq=722 A=0.240 B=91.184
[RX] ForwardPacket from=0x2 target=0xFF cmd=0x0 seq=723
[TX] Immediate reply seq=723
[TX] Status seq=723 A=0.118 B=106.168
[TX] Status seq=723 A=1.275 B=121.015
[RX] ForwardPacket from=0x2 target=0xFF cmd=0x0 seq=724
[TX] Immediate reply seq=724
[TX] Status seq=724 A=3.089 B=135.388
[TX] Status seq=724 A=4.587 B=148.967
[RX] ForwardPacket from=0x2 target=0xFF cmd=0x0 seq=725
[TX] Immediate reply seq=725
[TX] Status seq=725 A=4.965 B=161.448
[TX] Status seq=725 A=4.021 B=172.547
[RX] ForwardPacket from=0x2 target=0xFF cmd=0x0 seq=726
[TX] Immediate reply seq=726
[TX] Status seq=726 A=2.260 B=182.018
[TX] Status seq=726 A=0.628 B=189.646
[RX] ForwardPacket from=0x2 target=0xFF cmd=0x0 seq=727
[TX] Immediate reply seq=727
[TX] Status seq=727 A=0.001 B=195.261
[TX] Status seq=727 A=0.715 B=198.737
[RX] ForwardPacket from=0x2 target=0xFF cmd=0x0 seq=728
[TX] Immediate reply seq=728
[TX] Status seq=728 A=2.386 B=199.996
[TX] Status seq=728 A=4.119 B=199.009
[RX] ForwardPacket from=0x2 target=0xFF cmd=0x0 seq=729
[TX] Immediate reply seq=729
[TX] Status seq=729 A=4.983 B=195.798
[TX] Status seq=729 A=4.515 B=190.436
[TX] Status seq=729 A=2.965 B=183.043
[TX] Status seq=729 A=1.166 B=173.785
[RX] ForwardPacket from=0x2 target=0xFF cmd=0x0 seq=731
[TX] Immediate reply seq=731
[TX] Status seq=731 A=0.083 B=162.869
[TX] Status seq=731 A=0.297 B=150.542
[TX] Status seq=731 A=1.693 B=137.081
[TX] Status seq=731 A=3.522 B=122.785
[RX] ForwardPacket from=0x2 target=0xFF cmd=0x0 seq=733
[TX] Immediate reply seq=733
[TX] Status seq=733 A=4.803 B=107.979
[TX] Status seq=733 A=4.848 B=92.993
[RX] ForwardPacket from=0x2 target=0xFF cmd=0x0 seq=734
[TX] Immediate reply seq=734
[TX] Status seq=734 A=3.633 B=78.165
[TX] Status seq=734 A=1.810 B=63.827
[RX] ForwardPacket from=0x2 target=0xFF cmd=0x0 seq=735
[TX] Immediate reply seq=735
[TX] Status seq=735 A=0.357 B=50.301
[TX] Status seq=735 A=0.054 B=37.892
[RX] ForwardPacket from=0x2 target=0xFF cmd=0x0 seq=736
[TX] Immediate reply seq=736
[TX] Status seq=736 A=1.064 B=26.876
[TX] Status seq=736 A=2.844 B=17.504
[RX] ForwardPacket from=0x2 target=0xFF cmd=0x0 seq=737
[TX] Immediate reply seq=737
[TX] Status seq=737 A=4.440 B=9.985
[TX] Status seq=737 A=4.994 B=4.486
[RX] ForwardPacket from=0x2 target=0xFF cmd=0x0 seq=738
[TX] Immediate reply seq=738
[TX] Status seq=738 A=4.210 B=1.133
[TX] Status seq=738 A=2.509 B=0.000
[RX] ForwardPacket from=0x2 target=0xFF cmd=0x0 seq=739
[TX] Immediate reply seq=739
[TX] Status seq=739 A=0.802 B=1.113
[TX] Status seq=739 A=0.007 B=4.446
[RX] ForwardPacket from=0x2 target=0xFF cmd=0x0 seq=740
[TX] Immediate reply seq=740
[TX] Status seq=740 A=0.549 B=9.926
[TX] Status seq=740 A=2.139 B=17.428
[RX] ForwardPacket from=0x2 target=0xFF cmd=0x0 seq=741
[TX] Immediate reply seq=741
[TX] Status seq=741 A=3.922 B=26.786
[TX] Status seq=741 A=4.942 B=37.786
[RX] ForwardPacket from=0x2 target=0xFF cmd=0x0 seq=742
[TX] Immediate reply seq=742
[TX] Status seq=742 A=4.652 B=50.184
[TX] Status seq=742 A=3.207 B=63.702
[RX] ForwardPacket from=0x2 target=0xFF cmd=0x0 seq=743
[TX] Immediate reply seq=743
[TX] Status seq=743 A=1.383 B=78.034
[TX] Status seq=743 A=0.158 B=92.860
[RX] ForwardPacket from=0x2 target=0xFF cmd=0x0 seq=744
[TX] Immediate reply seq=744
[TX] Status seq=744 A=0.190 B=107.845
[TX] Status seq=744 A=1.462 B=122.654
[RX] ForwardPacket from=0x2 target=0xFF cmd=0x0 seq=745
[TX] Immediate reply seq=745
[TX] Status seq=745 A=3.291 B=136.956
[TX] Status seq=745 A=4.695 B=150.426
[RX] ForwardPacket from=0x2 target=0xFF cmd=0x0 seq=746
[TX] Immediate reply seq=746
[TX] Status seq=746 A=4.922 B=162.766
[TX] Status seq=746 A=3.849 B=173.694
[RX] ForwardPacket from=0x2 target=0xFF cmd=0x0 seq=747
[TX] Immediate reply seq=747
[TX] Status seq=747 A=2.052 B=182.968
[TX] Status seq=747 A=0.496 B=190.379
[RX] ForwardPacket from=0x2 target=0xFF cmd=0x0 seq=748
[TX] Immediate reply seq=748
[TX] Status seq=748 A=0.015 B=195.759
[TX] Status seq=748 A=0.868 B=198.990
[RX] ForwardPacket from=0x2 target=0xFF cmd=0x0 seq=749
[TX] Immediate reply seq=749
[TX] Status seq=749 A=2.596 B=199.997
[TX] Status seq=749 A=4.273 B=198.759
[RX] ForwardPacket from=0x2 target=0xFF cmd=0x0 seq=750
[TX] Immediate reply seq=750
[TX] Status seq=750 A=4.999 B=195.302
[TX] Status seq=750 A=4.383 B=189.706
[RX] ForwardPacket from=0x2 target=0xFF cmd=0x0 seq=751
[TX] Immediate reply seq=751
[TX] Status seq=751 A=2.757 B=182.094
[TX] Status seq=751 A=0.993 B=172.639
[RX] ForwardPacket from=0x2 target=0xFF cmd=0x0 seq=752
[TX] Immediate reply seq=752
[TX] Status seq=752 A=0.038 B=161.554
[TX] Status seq=752 A=0.404 B=149.084
[RX] ForwardPacket from=0x2 target=0xFF cmd=0x0 seq=753
[TX] Immediate reply seq=753
[TX] Status seq=753 A=1.895 B=135.514
[TX] Status seq=753 A=3.710 B=121.145
[RX] ForwardPacket from=0x2 target=0xFF cmd=0x0 seq=754
[TX] Immediate reply seq=754
[TX] Status seq=754 A=4.877 B=106.302
[TX] Status seq=754 A=4.768 B=91.318
[RX] ForwardPacket from=0x2 target=0xFF cmd=0x0 seq=755
[TX] Immediate reply seq=755
[TX] Status seq=755 A=3.442 B=76.527
[TX] Status seq=755 A=1.610 B=62.265
[RX] ForwardPacket from=0x2 target=0xFF cmd=0x0 seq=756
[TX] Immediate reply seq=756
[TX] Status seq=756 A=0.257 B=48.849
[TX] Status seq=756 A=0.107 B=36.583
[RX] ForwardPacket from=0x2 target=0xFF cmd=0x0 seq=757
[TX] Immediate reply seq=757
[TX] Status seq=757 A=1.241 B=25.741
[TX] Status seq=757 A=3.051 B=16.565
[RX] ForwardPacket from=0x2 target=0xFF cmd=0x0 seq=758
[TX] Immediate reply seq=758
[TX] Status seq=758 A=4.565 B=9.265
[TX] Status seq=758 A=4.971 B=4.002
[RX] ForwardPacket from=0x2 target=0xFF cmd=0x0 seq=759
[TX] Immediate reply seq=759
[TX] Status seq=759 A=4.051 B=0.895
[TX] Status seq=759 A=2.299 B=0.013
[RX] ForwardPacket from=0x2 target=0xFF cmd=0x0 seq=760
[TX] Immediate reply seq=760
[TX] Status seq=760 A=0.654 B=1.377
[TX] Status seq=760 A=0.000 B=4.956
[RX] ForwardPacket from=0x2 target=0xFF cmd=0x0 seq=761
[TX] Immediate reply seq=761
[TX] Status seq=761 A=0.688 B=10.669
[TX] Status seq=761 A=2.348 B=18.389
[RX] ForwardPacket from=0x2 target=0xFF cmd=0x0 seq=762
[TX] Immediate reply seq=762
[TX] Status seq=762 A=4.090 B=27.941
[TX] Status seq=762 A=4.978 B=39.112
[RX] ForwardPacket from=0x2 target=0xFF cmd=0x0 seq=763
[TX] Immediate reply seq=763
[TX] Status seq=763 A=4.537 B=51.649
[TX] Status seq=763 A=3.003 B=65.274
[RX] ForwardPacket from=0x2 target=0xFF cmd=0x0 seq=764
[TX] Immediate reply seq=764
[TX] Status seq=764 A=1.199 B=79.677
[TX] Status seq=764 A=0.093 B=94.537
[RX] ForwardPacket from=0x2 target=0xFF cmd=0x0 seq=765
[TX] Immediate reply seq=765
[TX] Status seq=765 A=0.279 B=109.521
[TX] Status seq=765 A=1.657 B=124.289
[RX] ForwardPacket from=0x2 target=0xFF cmd=0x0 seq=766
[TX] Immediate reply seq=766
[TX] Status seq=766 A=3.487 B=138.513
[TX] Status seq=766 A=4.788 B=151.872
[RX] ForwardPacket from=0x2 target=0xFF cmd=0x0 seq=767
[TX] Immediate reply seq=767
[TX] Status seq=767 A=4.861 B=164.065
[TX] Status seq=767 A=3.667 B=174.820
[RX] ForwardPacket from=0x2 target=0xFF cmd=0x0 seq=768
[TX] Immediate reply seq=768
[TX] Status seq=768 A=1.847 B=183.895
[TX] Status seq=768 A=0.377 B=191.086
[RX] ForwardPacket from=0x2 target=0xFF cmd=0x0 seq=769
[TX] Immediate reply seq=769
[TX] Status seq=769 A=0.047 B=196.230
[TX] Status seq=769 A=1.033 B=199.214
[RX] ForwardPacket from=0x2 target=0xFF cmd=0x0 seq=770
[TX] Immediate reply seq=770
[TX] Status seq=770 A=2.806 B=199.970
[TX] Status seq=770 A=4.415 B=198.481
[RX] ForwardPacket from=0x2 target=0xFF cmd=0x0 seq=771
[TX] Immediate reply seq=771
[TX] Status seq=771 A=4.997 B=194.779
[TX] Status seq=771 A=4.238 B=188.950
[RX] ForwardPacket from=0x2 target=0xFF cmd=0x0 seq=772
[TX] Immediate reply seq=772
[TX] Status seq=772 A=2.547 B=181.123
[TX] Status seq=772 A=0.831 B=171.473
[RX] ForwardPacket from=0x2 target=0xFF cmd=0x0 seq=773
[TX] Immediate reply seq=773
[TX] Status seq=773 A=0.010 B=160.220
[TX] Status seq=773 A=0.525 B=147.612
[RX] ForwardPacket from=0x2 target=0xFF cmd=0x0 seq=774
[TX] Immediate reply seq=774
[TX] Status seq=774 A=2.100 B=133.937
[TX] Status seq=774 A=3.890 B=119.499
[RX] ForwardPacket from=0x2 target=0xFF cmd=0x0 seq=775
[TX] Immediate reply seq=775
[TX] Status seq=775 A=4.933 B=104.623
[TX] Status seq=775 A=4.671 B=89.643
[RX] ForwardPacket from=0x2 target=0xFF cmd=0x0 seq=776
[TX] Immediate reply seq=776
[TX] Status seq=776 A=3.244 B=74.895
[TX] Status seq=776 A=1.417 B=60.713
[RX] ForwardPacket from=0x2 target=0xFF cmd=0x0 seq=777
[TX] Immediate reply seq=777
[TX] Status seq=777 A=0.172 B=47.412
[TX] Status seq=777 A=0.176 B=35.291
[RX] ForwardPacket from=0x2 target=0xFF cmd=0x0 seq=778
[TX] Immediate reply seq=778
[TX] Status seq=778 A=1.427 B=24.625
[TX] Status seq=778 A=3.254 B=15.650
[RX] ForwardPacket from=0x2 target=0xFF cmd=0x0 seq=779
[TX] Immediate reply seq=779
[TX] Status seq=779 A=4.676 B=8.571
[TX] Status seq=779 A=4.931 B=3.545
[RX] ForwardPacket from=0x2 target=0xFF cmd=0x0 seq=780
[TX] Immediate reply seq=780
[TX] Status seq=780 A=3.881 B=0.684
[TX] Status seq=780 A=2.090 B=0.054
[RX] ForwardPacket from=0x2 target=0xFF cmd=0x0 seq=781
[TX] Immediate reply seq=781
[TX] Status seq=781 A=0.519 B=1.669
[TX] Status seq=781 A=0.011 B=5.492
[RX] ForwardPacket from=0x2 target=0xFF cmd=0x0 seq=782
[TX] Immediate reply seq=782
[TX] Status seq=782 A=0.839 B=11.437
[TX] Status seq=782 A=2.558 B=19.372
[RX] ForwardPacket from=0x2 target=0xFF cmd=0x0 seq=783
[TX] Immediate reply seq=783
[TX] Status seq=783 A=4.246 B=29.117
[TX] Status seq=783 A=4.997 B=40.455
[RX] ForwardPacket from=0x2 target=0xFF cmd=0x0 seq=784
[TX] Immediate reply seq=784
[TX] Status seq=784 A=4.408 B=53.128
[TX] Status seq=784 A=2.795 B=66.855
[RX] ForwardPacket from=0x2 target=0xFF cmd=0x0 seq=785
[TX] Immediate reply seq=785
[TX] Status seq=785 A=1.024 B=81.327
[TX] Status seq=785 A=0.045 B=96.217
[RX] ForwardPacket from=0x2 target=0xFF cmd=0x0 seq=786
[TX] Immediate reply seq=786
[TX] Status seq=786 A=0.383 B=111.193
[TX] Status seq=786 A=1.857 B=125.917
[RX] ForwardPacket from=0x2 target=0xFF cmd=0x0 seq=787
[TX] Immediate reply seq=787
[TX] Status seq=787 A=3.676 B=140.059
[TX] Status seq=787 A=4.864 B=153.302
[RX] ForwardPacket from=0x2 target=0xFF cmd=0x0 seq=788
[TX] Immediate reply seq=788
[TX] Status seq=788 A=4.784 B=165.347
[TX] Status seq=788 A=3.477 B=175.926
[RX] ForwardPacket from=0x2 target=0xFF cmd=0x0 seq=789
[TX] Immediate reply seq=789
[TX] Status seq=789 A=1.647 B=184.798
[TX] Status seq=789 A=0.274 B=191.766
[RX] ForwardPacket from=0x2 target=0xFF cmd=0x0 seq=790
[TX] Immediate reply seq=790
[TX] Status seq=790 A=0.096 B=196.674
[TX] Status seq=790 A=1.208 B=199.410
[RX] ForwardPacket from=0x2 target=0xFF cmd=0x0 seq=791
[TX] Immediate reply seq=791
[TX] Status seq=791 A=3.013 B=199.914
[TX] Status seq=791 A=4.543 B=198.175
[RX] ForwardPacket from=0x2 target=0xFF cmd=0x0 seq=792
[TX] Immediate reply seq=792
[TX] Status seq=792 A=4.977 B=194.230
[TX] Status seq=792 A=4.081 B=188.169
[RX] ForwardPacket from=0x2 target=0xFF cmd=0x0 seq=793
[TX] Immediate reply seq=793
[TX] Status seq=793 A=2.337 B=180.128
[TX] Status seq=793 A=0.680 B=170.287
[RX] ForwardPacket from=0x2 target=0xFF cmd=0x0 seq=794
[TX] Immediate reply seq=794
[TX] Status seq=794 A=0.000 B=158.868
[TX] Status seq=794 A=0.661 B=146.128
[RX] ForwardPacket from=0x2 target=0xFF cmd=0x0 seq=795
[TX] Immediate reply seq=795
[TX] Status seq=795 A=2.309 B=132.350
[TX] Status seq=795 A=4.059 B=117.847
[RX] ForwardPacket from=0x2 target=0xFF cmd=0x0 seq=796
[TX] Immediate reply seq=796
[TX] Status seq=796 A=4.973 B=102.942
[TX] Status seq=796 A=4.559 B=87.972
[RX] ForwardPacket from=0x2 target=0xFF cmd=0x0 seq=797
[TX] Immediate reply seq=797
[TX] Status seq=797 A=3.041 B=73.273
[TX] Status seq=797 A=1.232 B=59.172
[RX] ForwardPacket from=0x2 target=0xFF cmd=0x0 seq=798
[TX] Immediate reply seq=798
[TX] Status seq=798 A=0.104 B=45.989
[TX] Status seq=798 A=0.261 B=34.018
[RX] ForwardPacket from=0x2 target=0xFF cmd=0x0 seq=799
[TX] Immediate reply seq=799
[TX] Status seq=799 A=1.620 B=23.530
[TX] Status seq=799 A=3.451 B=14.760
[RX] ForwardPacket from=0x2 target=0xFF cmd=0x0 seq=800
[TX] Immediate reply seq=800
[TX] Status seq=800 A=4.772 B=7.903
[TX] Status seq=800 A=4.873 B=3.114
[RX] ForwardPacket from=0x2 target=0xFF cmd=0x0 seq=801
[TX] Immediate reply seq=801
[TX] Status seq=801 A=3.701 B=0.502
[TX] Status seq=801 A=1.884 B=0.124
[RX] ForwardPacket from=0x2 target=0xFF cmd=0x0 seq=802
[TX] Immediate reply seq=802
[TX] Status seq=802 A=0.398 B=1.989
[TX] Status seq=802 A=0.039 B=6.055
[RX] ForwardPacket from=0x2 target=0xFF cmd=0x0 seq=803
[TX] Immediate reply seq=803
[TX] Status seq=803 A=1.001 B=12.231
[TX] Status seq=803 A=2.767 B=20.378
[RX] ForwardPacket from=0x2 target=0xFF cmd=0x0 seq=804
[TX] Immediate reply seq=804
[TX] Status seq=804 A=4.390 B=30.313
[TX] Status seq=804 A=4.998 B=41.813
[RX] ForwardPacket from=0x2 target=0xFF cmd=0x0 seq=805
[TX] Immediate reply seq=805
[TX] Status seq=805 A=4.266 B=54.620
[TX] Status seq=805 A=2.586 B=68.446
[RX] ForwardPacket from=0x2 target=0xFF cmd=0x0 seq=806
[TX] Immediate reply seq=806
[TX] Status seq=806 A=0.860 B=82.982
[TX] Status seq=806 A=0.014 B=97.898
[RX] ForwardPacket from=0x2 target=0xFF cmd=0x0 seq=807
[TX] Immediate reply seq=807
[TX] Status seq=807 A=0.502 B=112.861
[TX] Status seq=807 A=2.062 B=127.538
[RX] ForwardPacket from=0x2 target=0xFF cmd=0x0 seq=808
[TX] Immediate reply seq=808
[TX] Status seq=808 A=3.858 B=141.594
[TX] Status seq=808 A=4.924 B=154.717
[RX] ForwardPacket from=0x2 target=0xFF cmd=0x0 seq=809
[TX] Immediate reply seq=809
[TX] Status seq=809 A=4.690 B=166.611
[TX] Status seq=809 A=3.281 B=177.008
[RX] ForwardPacket from=0x2 target=0xFF cmd=0x0 seq=810
[TX] Immediate reply seq=810
[TX] Status seq=810 A=1.452 B=185.677
[TX] Status seq=810 A=0.186 B=192.421
[RX] ForwardPacket from=0x2 target=0xFF cmd=0x0 seq=811
[TX] Immediate reply seq=811
[TX] Status seq=811 A=0.162 B=197.091
[TX] Status seq=811 A=1.392 B=199.579
[RX] ForwardPacket from=0x2 target=0xFF cmd=0x0 seq=812
[TX] Immediate reply seq=812
[TX] Status seq=812 A=3.217 B=199.831
[TX] Status seq=812 A=4.657 B=197.841
[RX] ForwardPacket from=0x2 target=0xFF cmd=0x0 seq=813
[TX] Immediate reply seq=813
[TX] Status seq=813 A=4.940 B=193.654
[TX] Status seq=813 A=3.913 B=187.363
[RX] ForwardPacket from=0x2 target=0xFF cmd=0x0 seq=814
[TX] Immediate reply seq=814
[TX] Status seq=814 A=2.128 B=179.111
[TX] Status seq=814 A=0.543 B=169.082
[RX] ForwardPacket from=0x2 target=0xFF cmd=0x0 seq=815
[TX] Immediate reply seq=815
[TX] Status seq=815 A=0.008 B=157.501
[TX] Status seq=815 A=0.810 B=144.629
[RX] ForwardPacket from=0x2 target=0xFF cmd=0x0 seq=816
[TX] Immediate reply seq=816
[TX] Status seq=816 A=2.519 B=130.754
[TX] Status seq=816 A=4.218 B=116.190
[RX] ForwardPacket from=0x2 target=0xFF cmd=0x0 seq=817
[TX] Immediate reply seq=817
[TX] Status seq=817 A=4.995 B=101.262
[TX] Status seq=817 A=4.433 B=86.304
[RX] ForwardPacket from=0x2 target=0xFF cmd=0x0 seq=818
[TX] Immediate reply seq=818
[TX] Status seq=818 A=2.834 B=71.656
[TX] Status seq=818 A=1.055 B=57.642
[RX] ForwardPacket from=0x2 target=0xFF cmd=0x0 seq=819
[TX] Immediate reply seq=819
[TX] Status seq=819 A=0.052 B=44.581
[TX] Status seq=819 A=0.363 B=32.765
[RX] ForwardPacket from=0x2 target=0xFF cmd=0x0 seq=820
[TX] Immediate reply seq=820
[TX] Status seq=820 A=1.820 B=22.458
[TX] Status seq=820 A=3.642 B=13.892
[RX] ForwardPacket from=0x2 target=0xFF cmd=0x0 seq=821
[TX] Immediate reply seq=821
[TX] Status seq=821 A=4.852 B=7.260
[TX] Status seq=821 A=4.799 B=2.712
[RX] ForwardPacket from=0x2 target=0xFF cmd=0x0 seq=822
[TX] Immediate reply seq=822
[TX] Status seq=822 A=3.513 B=0.348
[TX] Status seq=822 A=1.683 B=0.222
[RX] ForwardPacket from=0x2 target=0xFF cmd=0x0 seq=823
[TX] Immediate reply seq=823
[TX] Status seq=823 A=0.292 B=2.336
[TX] Status seq=823 A=0.085 B=6.645
[RX] ForwardPacket from=0x2 target=0xFF cmd=0x0 seq=824
[TX] Immediate reply seq=824
[TX] Status seq=824 A=1.175 B=13.049
[TX] Status seq=824 A=2.975 B=21.406
[RX] ForwardPacket from=0x2 target=0xFF cmd=0x0 seq=825
[TX] Immediate reply seq=825
[TX] Status seq=825 A=4.521 B=31.529
[TX] Status seq=825 A=4.982 B=43.189
[RX] ForwardPacket from=0x2 target=0xFF cmd=0x0 seq=826
[TX] Immediate reply seq=826
[TX] Status seq=826 A=4.111 B=56.125
[TX] Status seq=826 A=2.376 B=70.046
[RX] ForwardPacket from=0x2 target=0xFF cmd=0x0 seq=827
[TX] Immediate reply seq=827
[TX] Status seq=827 A=0.707 B=84.640
[TX] Status seq=827 A=0.001 B=99.580
[RX] ForwardPacket from=0x2 target=0xFF cmd=0x0 seq=828
[TX] Immediate reply seq=828
[TX] Status seq=828 A=0.635 B=114.527
[TX] Status seq=828 A=2.271 B=129.150
[RX] ForwardPacket from=0x2 target=0xFF cmd=0x0 seq=829
[TX] Immediate reply seq=829
[TX] Status seq=829 A=4.029 B=143.117
[TX] Status seq=829 A=4.967 B=156.116
[RX] ForwardPacket from=0x2 target=0xFF cmd=0x0 seq=830
[TX] Immediate reply seq=830
[TX] Status seq=830 A=4.581 B=167.856
[TX] Status seq=830 A=3.078 B=178.070
[RX] ForwardPacket from=0x2 target=0xFF cmd=0x0 seq=831
[TX] Immediate reply seq=831
[TX] Status seq=831 A=1.265 B=186.532
[TX] Status seq=831 A=0.115 B=193.051
[RX] ForwardPacket from=0x2 target=0xFF cmd=0x0 seq=832
[TX] Immediate reply seq=832
[TX] Status seq=832 A=0.244 B=197.479
[TX] Status seq=832 A=1.584 B=199.719
[RX] ForwardPacket from=0x2 target=0xFF cmd=0x0 seq=833
[TX] Immediate reply seq=833
[TX] Status seq=833 A=3.415 B=199.719
[TX] Status seq=833 A=4.756 B=197.479
[RX] ForwardPacket from=0x2 target=0xFF cmd=0x0 seq=834
[TX] Immediate reply seq=834
[TX] Status seq=834 A=4.885 B=193.051
[TX] Status seq=834 A=3.735 B=186.533
[RX] ForwardPacket from=0x2 target=0xFF cmd=0x0 seq=835
[TX] Immediate reply seq=835
[TX] Status seq=835 A=1.922 B=178.071
[TX] Status seq=835 A=0.419 B=167.856
[RX] ForwardPacket from=0x2 target=0xFF cmd=0x0 seq=836
[TX] Immediate reply seq=836
[TX] Status seq=836 A=0.033 B=156.117
[TX] Status seq=836 A=0.971 B=143.118
[RX] ForwardPacket from=0x2 target=0xFF cmd=0x0 seq=837
[TX] Immediate reply seq=837
[TX] Status seq=837 A=2.729 B=129.151
[TX] Status seq=837 A=4.364 B=114.528
[RX] ForwardPacket from=0x2 target=0xFF cmd=0x0 seq=838
[TX] Immediate reply seq=838
[TX] Status seq=838 A=4.999 B=99.580
[TX] Status seq=838 A=4.293 B=84.641
[RX] ForwardPacket from=0x2 target=0xFF cmd=0x0 seq=839
[TX] Immediate reply seq=839
[TX] Status seq=839 A=2.625 B=70.047
[TX] Status seq=839 A=0.889 B=56.126
[RX] ForwardPacket from=0x2 target=0xFF cmd=0x0 seq=840
[TX] Immediate reply seq=840
[TX] Status seq=840 A=0.018 B=43.189
[TX] Status seq=840 A=0.479 B=31.530
[RX] ForwardPacket from=0x2 target=0xFF cmd=0x0 seq=841
[TX] Immediate reply seq=841
[TX] Status seq=841 A=2.024 B=21.407
[TX] Status seq=841 A=3.825 B=13.050
[RX] ForwardPacket from=0x2 target=0xFF cmd=0x0 seq=842
[TX] Immediate reply seq=842
[TX] Status seq=842 A=4.915 B=6.645
[TX] Status seq=842 A=4.708 B=2.336
[RX] ForwardPacket from=0x2 target=0xFF cmd=0x0 seq=843
[TX] Immediate reply seq=843
[TX] Status seq=843 A=3.317 B=0.222
[TX] Status seq=843 A=1.488 B=0.348
[RX] ForwardPacket from=0x2 target=0xFF cmd=0x0 seq=844
[TX] Immediate reply seq=844
[TX] Status seq=844 A=0.201 B=2.712
[TX] Status seq=844 A=0.148 B=7.260
[RX] ForwardPacket from=0x2 target=0xFF cmd=0x0 seq=845
[TX] Immediate reply seq=845
[TX] Status seq=845 A=1.357 B=13.892
[TX] Status seq=845 A=3.180 B=22.457
[RX] ForwardPacket from=0x2 target=0xFF cmd=0x0 seq=846
[TX] Immediate reply seq=846
[TX] Status seq=846 A=4.637 B=32.764
[TX] Status seq=846 A=4.948 B=44.581
[RX] ForwardPacket from=0x2 target=0xFF cmd=0x0 seq=847
[TX] Immediate reply seq=847
[TX] Status seq=847 A=3.945 B=57.641
[TX] Status seq=847 A=2.167 B=71.655
[RX] ForwardPacket from=0x2 target=0xFF cmd=0x0 seq=848
[TX] Immediate reply seq=848
[TX] Status seq=848 A=0.567 B=86.304
[TX] Status seq=848 A=0.005 B=101.260
[RX] ForwardPacket from=0x2 target=0xFF cmd=0x0 seq=849
[TX] Immediate reply seq=849
[TX] Status seq=849 A=0.782 B=116.191
[TX] Status seq=849 A=2.480 B=130.755
[RX] ForwardPacket from=0x2 target=0xFF cmd=0x0 seq=850
[TX] Immediate reply seq=850
[TX] Status seq=850 A=4.190 B=144.628
[TX] Status seq=850 A=4.992 B=157.500
[RX] ForwardPacket from=0x2 target=0xFF cmd=0x0 seq=851
[TX] Immediate reply seq=851
[TX] Status seq=851 A=4.457 B=169.080
[TX] Status seq=851 A=2.872 B=179.111
[RX] ForwardPacket from=0x2 target=0xFF cmd=0x0 seq=852
[TX] Immediate reply seq=852
[TX] Status seq=852 A=1.087 B=187.363
[TX] Status seq=852 A=0.060 B=193.653
[RX] ForwardPacket from=0x2 target=0xFF cmd=0x0 seq=853
[TX] Immediate reply seq=853
[TX] Status seq=853 A=0.343 B=197.841
[TX] Status seq=853 A=1.783 B=199.831
[RX] ForwardPacket from=0x2 target=0xFF cmd=0x0 seq=854
[TX] Immediate reply seq=854
[TX] Status seq=854 A=3.608 B=199.579
[TX] Status seq=854 A=4.838 B=197.090
[RX] ForwardPacket from=0x2 target=0xFF cmd=0x0 seq=855
[TX] Immediate reply seq=855
[TX] Status seq=855 A=4.814 B=192.422
[TX] Status seq=855 A=3.548 B=185.678
[RX] ForwardPacket from=0x2 target=0xFF cmd=0x0 seq=856
[TX] Immediate reply seq=856
[TX] Status seq=856 A=1.720 B=177.010
[TX] Status seq=856 A=0.310 B=166.610
[RX] ForwardPacket from=0x2 target=0xFF cmd=0x0 seq=857
[TX] Immediate reply seq=857
[TX] Status seq=857 A=0.076 B=154.717
[TX] Status seq=857 A=1.142 B=141.595
[RX] ForwardPacket from=0x2 target=0xFF cmd=0x0 seq=858
[TX] Immediate reply seq=858
[TX] Status seq=858 A=2.937 B=127.538
[TX] Status seq=858 A=4.498 B=112.864
[RX] ForwardPacket from=0x2 target=0xFF cmd=0x0 seq=859
[TX] Immediate reply seq=859
[TX] Status seq=859 A=4.986 B=97.897
[TX] Status seq=859 A=4.141 B=82.981
[RX] ForwardPacket from=0x2 target=0xFF cmd=0x0 seq=860
[TX] Immediate reply seq=860
[TX] Status seq=860 A=2.415 B=68.447
[TX] Status seq=860 A=0.734 B=54.621
[RX] ForwardPacket from=0x2 target=0xFF cmd=0x0 seq=861
[TX] Immediate reply seq=861
[TX] Status seq=861 A=0.002 B=41.815
[TX] Status seq=861 A=0.610 B=30.313
[RX] ForwardPacket from=0x2 target=0xFF cmd=0x0 seq=862
[TX] Immediate reply seq=862
[TX] Status seq=862 A=2.232 B=20.378
[TX] Status seq=862 A=3.998 B=12.231
[RX] ForwardPacket from=0x2 target=0xFF cmd=0x0 seq=863
[TX] Immediate reply seq=863
[TX] Status seq=863 A=4.960 B=6.055
[TX] Status seq=863 A=4.602 B=1.989
[RX] ForwardPacket from=0x2 target=0xFF cmd=0x0 seq=864
[TX] Immediate reply seq=864
[TX] Status seq=864 A=3.116 B=0.124
[TX] Status seq=864 A=1.299 B=0.502
[RX] ForwardPacket from=0x2 target=0xFF cmd=0x0 seq=865
[TX] Immediate reply seq=865
[TX] Status seq=865 A=0.127 B=3.114
[TX] Status seq=865 A=0.228 B=7.902
[RX] ForwardPacket from=0x2 target=0xFF cmd=0x0 seq=866
[TX] Immediate reply seq=866
[TX] Status seq=866 A=1.548 B=14.758
[TX] Status seq=866 A=3.379 B=23.531
[RX] ForwardPacket from=0x2 target=0xFF cmd=0x0 seq=867
[TX] Immediate reply seq=867
[TX] Status seq=867 A=4.739 B=34.019
[TX] Status seq=867 A=4.897 B=45.988
[RX] ForwardPacket from=0x2 target=0xFF cmd=0x0 seq=868
[TX] Immediate reply seq=868
[TX] Status seq=868 A=3.769 B=59.171
[TX] Status seq=868 A=1.960 B=73.270
[RX] ForwardPacket from=0x2 target=0xFF cmd=0x0 seq=869
[TX] Immediate reply seq=869
[TX] Status seq=869 A=0.441 B=87.973
[TX] Status seq=869 A=0.027 B=102.943
[RX] ForwardPacket from=0x2 target=0xFF cmd=0x0 seq=870
[TX] Immediate reply seq=870
[TX] Status seq=870 A=0.940 B=117.846
[TX] Status seq=870 A=2.690 B=132.349
[RX] ForwardPacket from=0x2 target=0xFF cmd=0x0 seq=871
[TX] Immediate reply seq=871
[TX] Status seq=871 A=4.338 B=146.126
[TX] Status seq=871 A=5.000 B=158.869
[RX] ForwardPacket from=0x2 target=0xFF cmd=0x0 seq=872
[TX] Immediate reply seq=872
[TX] Status seq=872 A=4.320 B=170.287
[TX] Status seq=872 A=2.663 B=180.128
[RX] ForwardPacket from=0x2 target=0xFF cmd=0x0 seq=873
[TX] Immediate reply seq=873
[TX] Status seq=873 A=0.919 B=188.168
[TX] Status seq=873 A=0.023 B=194.229
[RX] ForwardPacket from=0x2 target=0xFF cmd=0x0 seq=874
[TX] Immediate reply seq=874
[TX] Status seq=874 A=0.456 B=198.175
[TX] Status seq=874 A=1.986 B=199.914
[RX] ForwardPacket from=0x2 target=0xFF cmd=0x0 seq=875
[TX] Immediate reply seq=875
[TX] Status seq=875 A=3.792 B=199.411
[TX] Status seq=875 A=4.904 B=196.674
[RX] ForwardPacket from=0x2 target=0xFF cmd=0x0 seq=876
[TX] Immediate reply seq=876
[TX] Status seq=876 A=4.726 B=191.767
[TX] Status seq=876 A=3.354 B=184.798
[RX] ForwardPacket from=0x2 target=0xFF cmd=0x0 seq=877
[TX] Immediate reply seq=877
[TX] Status seq=877 A=1.523 B=175.925
[TX] Status seq=877 A=0.217 B=165.348
[RX] ForwardPacket from=0x2 target=0xFF cmd=0x0 seq=878
[TX] Immediate reply seq=878
[TX] Status seq=878 A=0.135 B=153.303
[TX] Status seq=878 A=1.323 B=140.061
[RX] ForwardPacket from=0x2 target=0xFF cmd=0x0 seq=879
[TX] Immediate reply seq=879
[TX] Status seq=879 A=3.142 B=125.916
[TX] Status seq=879 A=4.617 B=111.193
[RX] ForwardPacket from=0x2 target=0xFF cmd=0x0 seq=880
[TX] Immediate reply seq=880
[TX] Status seq=880 A=4.955 B=96.218
[TX] Status seq=880 A=3.976 B=81.328
[RX] ForwardPacket from=0x2 target=0xFF cmd=0x0 seq=881
[TX] Immediate reply seq=881
[TX] Status seq=881 A=2.205 B=66.857
[TX] Status seq=881 A=0.592 B=53.128
[RX] ForwardPacket from=0x2 target=0xFF cmd=0x0 seq=882
[TX] Immediate reply seq=882
[TX] Status seq=882 A=0.003 B=40.454
[TX] Status seq=882 A=0.754 B=29.117
[RX] ForwardPacket from=0x2 target=0xFF cmd=0x0 seq=883
[TX] Immediate reply seq=883
[TX] Status seq=883 A=2.442 B=19.373
[TX] Status seq=883 A=4.161 B=11.438
[RX] ForwardPacket from=0x2 target=0xFF cmd=0x0 seq=884
[TX] Immediate reply seq=884
[TX] Status seq=884 A=4.989 B=5.492
[TX] Status seq=884 A=4.481 B=1.669
[RX] ForwardPacket from=0x2 target=0xFF cmd=0x0 seq=885
[TX] Immediate reply seq=885
[TX] Status seq=885 A=2.910 B=0.054
[TX] Status seq=885 A=1.119 B=0.684
[RX] ForwardPacket from=0x2 target=0xFF cmd=0x0 seq=886
[TX] Immediate reply seq=886
[TX] Status seq=886 A=0.069 B=3.544
[TX] Status seq=886 A=0.323 B=8.571
[RX] ForwardPacket from=0x2 target=0xFF cmd=0x0 seq=887
[TX] Immediate reply seq=887
[TX] Status seq=887 A=1.746 B=15.651
[TX] Status seq=887 A=3.573 B=24.624
[TX] Status seq=887 A=4.824 B=35.291
[TX] Status seq=887 A=4.828 B=47.410
[RX] ForwardPacket from=0x2 target=0xFF cmd=0x0 seq=889
[TX] Immediate reply seq=889
[TX] Status seq=889 A=3.583 B=60.713
[TX] Status seq=889 A=1.757 B=74.896
[RX] ForwardPacket from=0x2 target=0xFF cmd=0x0 seq=890
[TX] Immediate reply seq=890
[TX] Status seq=890 A=0.329 B=89.643
[TX] Status seq=890 A=0.066 B=104.622
[RX] ForwardPacket from=0x2 target=0xFF cmd=0x0 seq=891
[TX] Immediate reply seq=891
[TX] Status seq=891 A=1.110 B=119.497
[TX] Status seq=891 A=2.899 B=133.937
[RX] ForwardPacket from=0x2 target=0xFF cmd=0x0 seq=892
[TX] Immediate reply seq=892
[TX] Status seq=892 A=4.474 B=147.613
[TX] Status seq=892 A=4.990 B=160.219
[RX] ForwardPacket from=0x2 target=0xFF cmd=0x0 seq=893
[TX] Immediate reply seq=893
[TX] Status seq=893 A=4.170 B=171.473
[TX] Status seq=893 A=2.453 B=181.121
[RX] ForwardPacket from=0x2 target=0xFF cmd=0x0 seq=894
[TX] Immediate reply seq=894
[TX] Status seq=894 A=0.762 B=188.950
[TX] Status seq=894 A=0.003 B=194.779
[RX] ForwardPacket from=0x2 target=0xFF cmd=0x0 seq=895
[TX] Immediate reply seq=895
[TX] Status seq=895 A=0.585 B=198.480
[TX] Status seq=895 A=2.194 B=199.970
[RX] ForwardPacket from=0x2 target=0xFF cmd=0x0 seq=896
[TX] Immediate reply seq=896
[TX] Status seq=896 A=3.967 B=199.214
[TX] Status seq=896 A=4.953 B=196.230
[RX] ForwardPacket from=0x2 target=0xFF cmd=0x0 seq=897
[TX] Immediate reply seq=897
[TX] Status seq=897 A=4.623 B=191.085
[TX] Status seq=897 A=3.153 B=183.895
[RX] ForwardPacket from=0x2 target=0xFF cmd=0x0 seq=898
[TX] Immediate reply seq=898
[TX] Status seq=898 A=1.333 B=174.821
[TX] Status seq=898 A=0.139 B=164.067
[RX] ForwardPacket from=0x2 target=0xFF cmd=0x0 seq=899
[TX] Immediate reply seq=899
[TX] Status seq=899 A=0.212 B=151.871
[TX] Status seq=899 A=1.513 B=138.513
[RX] ForwardPacket from=0x2 target=0xFF cmd=0x0 seq=900
[TX] Immediate reply seq=900
[TX] Status seq=900 A=3.343 B=124.290
[TX] Status seq=900 A=4.721 B=109.522
[RX] ForwardPacket from=0x2 target=0xFF cmd=0x0 seq=901
[TX] Immediate reply seq=901
[TX] Status seq=901 A=4.907 B=94.539
[TX] Status seq=901 A=3.802 B=79.677
[RX] ForwardPacket from=0x2 target=0xFF cmd=0x0 seq=902
[TX] Immediate reply seq=902
[TX] Status seq=902 A=1.998 B=65.274
[TX] Status seq=902 A=0.463 B=51.650
[RX] ForwardPacket from=0x2 target=0xFF cmd=0x0 seq=903
[TX] Immediate reply seq=903
[TX] Status seq=903 A=0.022 B=39.113
[TX] Status seq=903 A=0.910 B=27.942
[RX] ForwardPacket from=0x2 target=0xFF cmd=0x0 seq=904
[TX] Immediate reply seq=904
[TX] Status seq=904 A=2.652 B=18.388
[TX] Status seq=904 A=4.312 B=10.669
[RX] ForwardPacket from=0x2 target=0xFF cmd=0x0 seq=905
[TX] Immediate reply seq=905
[TX] Status seq=905 A=5.000 B=4.956
[TX] Status seq=905 A=4.346 B=1.377
[RX] ForwardPacket from=0x2 target=0xFF cmd=0x0 seq=906
[TX] Immediate reply seq=906
[TX] Status seq=906 A=2.702 B=0.013
[TX] Status seq=906 A=0.949 B=0.895
[RX] ForwardPacket from=0x2 target=0xFF cmd=0x0 seq=907
[TX] Immediate reply seq=907
[TX] Status seq=907 A=0.029 B=4.002
[TX] Status seq=907 A=0.434 B=9.265
[RX] ForwardPacket from=0x2 target=0xFF cmd=0x0 seq=908
[TX] Immediate reply seq=908
[TX] Status seq=908 A=1.948 B=16.565
[TX] Status seq=908 A=3.759 B=25.739
[RX] ForwardPacket from=0x2 target=0xFF cmd=0x0 seq=909
[TX] Immediate reply seq=909
[TX] Status seq=909 A=4.893 B=36.583
[TX] Status seq=909 A=4.744 B=48.849
[RX] ForwardPacket from=0x2 target=0xFF cmd=0x0 seq=910
[TX] Immediate reply seq=910
[TX] Status seq=910 A=3.390 B=62.264
[TX] Status seq=910 A=1.559 B=76.526
[RX] ForwardPacket from=0x2 target=0xFF cmd=0x0 seq=911
[TX] Immediate reply seq=911
[TX] Status seq=911 A=0.233 B=91.315
[TX] Status seq=911 A=0.123 B=106.302
[RX] ForwardPacket from=0x2 target=0xFF cmd=0x0 seq=912
[TX] Immediate reply seq=912
[TX] Status seq=912 A=1.289 B=121.145
[TX] Status seq=912 A=3.105 B=135.513
[RX] ForwardPacket from=0x2 target=0xFF cmd=0x0 seq=913
[TX] Immediate reply seq=913
[TX] Status seq=913 A=4.596 B=149.083
[TX] Status seq=913 A=4.962 B=161.552
[RX] ForwardPacket from=0x2 target=0xFF cmd=0x0 seq=914
[TX] Immediate reply seq=914
[TX] Status seq=914 A=4.007 B=172.640
[TX] Status seq=914 A=2.243 B=182.094
[RX] ForwardPacket from=0x2 target=0xFF cmd=0x0 seq=915
[TX] Immediate reply seq=915
[TX] Status seq=915 A=0.617 B=189.705
[TX] Status seq=915 A=0.001 B=195.302
[RX] ForwardPacket from=0x2 target=0xFF cmd=0x0 seq=916
[TX] Immediate reply seq=916
[TX] Status seq=916 A=0.726 B=198.758
[TX] Status seq=916 A=2.403 B=199.997
[TX] Status seq=916 A=4.132 B=198.990
[TX] Status seq=916 A=4.985 B=195.760
[RX] ForwardPacket from=0x2 target=0xFF cmd=0x0 seq=918
[TX] Immediate reply seq=918
[TX] Status seq=918 A=4.505 B=190.379
[TX] Status seq=918 A=2.949 B=182.969
[TX] Status seq=918 A=1.152 B=173.694
[TX] Status seq=918 A=0.078 B=162.765
[TX] Status seq=918 A=0.305 B=150.427
[TX] Status seq=918 A=1.709 B=136.957
[TX] Status seq=918 A=3.538 B=122.657
[TX] Status seq=918 A=4.810 B=107.845
[TX] Status seq=918 A=4.842 B=92.859
[TX] Status seq=918 A=3.618 B=78.034
[TX] Status seq=918 A=1.794 B=63.703
[TX] Status seq=918 A=0.349 B=50.186
[TX] Status seq=918 A=0.058 B=37.786
[TX] Status seq=918 A=1.078 B=26.785
[TX] Status seq=918 A=2.861 B=17.429
[TX] Status seq=918 A=4.450 B=9.927
[TX] Status seq=918 A=4.993 B=4.447
[TX] Status seq=918 A=4.198 B=1.113
[TX] Status seq=918 A=2.492 B=0.000
[TX] Status seq=918 A=0.790 B=1.133
[TX] Status seq=918 A=0.006 B=4.486
[TX] Status seq=918 A=0.560 B=9.984
[TX] Status seq=918 A=2.155 B=17.505
[TX] Status seq=918 A=3.936 B=26.877
[TX] Status seq=918 A=4.946 B=37.891
[TX] Status seq=918 A=4.643 B=50.300
[TX] Status seq=918 A=3.191 B=63.825
[TX] Status seq=918 A=1.368 B=78.165
[TX] Status seq=918 A=0.152 B=92.993
[TX] Status seq=918 A=0.197 B=107.978
[TX] Status seq=918 A=1.477 B=122.784
[TX] Status seq=918 A=3.306 B=137.079
[TX] Status seq=918 A=4.703 B=150.543
[TX] Status seq=918 A=4.917 B=162.870
[TX] Status seq=918 A=3.835 B=173.784
[TX] Status seq=918 A=2.036 B=183.042
[TX] Status seq=918 A=0.486 B=190.435
[TX] Status seq=918 A=0.017 B=195.798
[TX] Status seq=918 A=0.880 B=199.009
[TX] Status seq=918 A=2.613 B=199.996
[TX] Status seq=918 A=4.285 B=198.738
[TX] Status seq=918 A=4.999 B=195.262
[TX] Status seq=918 A=4.372 B=189.646
[TX] Status seq=918 A=2.740 B=182.018
[TX] Status seq=918 A=0.980 B=172.548
[TX] Status seq=918 A=0.035 B=161.448
[TX] Status seq=918 A=0.413 B=148.969
[TX] Status seq=918 A=1.911 B=135.388
[TX] Status seq=918 A=3.725 B=121.014
[TX] Status seq=918 A=4.882 B=106.169
[TX] Status seq=918 A=4.761 B=91.184
[TX] Status seq=918 A=3.426 B=76.398
[TX] Status seq=918 A=1.595 B=62.140
[TX] Status seq=918 A=0.249 B=48.734
[TX] Status seq=918 A=0.111 B=36.479
[TX] Status seq=918 A=1.255 B=25.651
[TX] Status seq=918 A=3.067 B=16.493
[TX] Status seq=918 A=4.575 B=9.208
[TX] Status seq=918 A=4.969 B=3.964
[TX] Status seq=918 A=4.038 B=0.877
[TX] Status seq=918 A=2.282 B=0.015
[TX] Status seq=918 A=0.643 B=1.399
[TX] Status seq=918 A=0.000 B=4.998
[TX] Status seq=918 A=0.699 B=10.730
[TX] Status seq=918 A=2.364 B=18.466
[TX] Status seq=918 A=4.102 B=28.033
[TX] Status seq=918 A=4.980 B=39.217
[TX] Status seq=918 A=4.528 B=51.768
[TX] Status seq=918 A=2.987 B=65.399
[TX] Status seq=918 A=1.185 B=79.808
[TX] Status seq=918 A=0.088 B=94.670
[TX] Status seq=918 A=0.286 B=109.652
[TX] Status seq=918 A=1.672 B=124.420
[TX] Status seq=918 A=3.502 B=138.637
[TX] Status seq=918 A=4.795 B=151.986
[TX] Status seq=918 A=4.855 B=164.167
[TX] Status seq=918 A=3.652 B=174.908
[TX] Status seq=918 A=1.831 B=183.968
[TX] Status seq=918 A=0.369 B=191.141
[TX] Status seq=918 A=0.050 B=196.267
[TX] Status seq=918 A=1.046 B=199.231
[TX] Status seq=918 A=2.822 B=199.967
[TX] Status seq=918 A=4.426 B=198.457
[TX] Status seq=918 A=4.996 B=194.737
[TX] Status seq=918 A=4.226 B=188.889
[TX] Status seq=918 A=2.531 B=181.045
[TX] Status seq=918 A=0.818 B=171.381
[TX] Status seq=918 A=0.009 B=160.112
[TX] Status seq=918 A=0.536 B=147.495
[TX] Status seq=918 A=2.117 B=133.811
[TX] Status seq=918 A=3.904 B=119.368
[TX] Status seq=918 A=4.937 B=104.491
[TX] Status seq=918 A=4.663 B=89.509
[TX] Status seq=918 A=3.228 B=74.766
[TX] Status seq=918 A=1.402 B=60.590
[TX] Status seq=918 A=0.166 B=47.299
[RX] ForwardPacket from=0x2 target=0xFF cmd=0x0 seq=1
[TX] Immediate reply seq=1
[TX] Status seq=1 A=0.182 B=35.191
[TX] Status seq=1 A=1.442 B=24.536
[RX] ForwardPacket from=0x2 target=0xFF cmd=0x0 seq=2
[TX] Immediate reply seq=2
[TX] Status seq=2 A=3.270 B=15.579
[TX] Status seq=2 A=4.685 B=8.517
[TX] Status seq=2 A=4.927 B=3.509
[TX] Status seq=2 A=3.867 B=0.669
[RX] ForwardPacket from=0x2 target=0xFF cmd=0x0 seq=4
[TX] Immediate reply seq=4
[TX] Status seq=4 A=2.074 B=0.059
[TX] Status seq=4 A=0.509 B=1.694
[RX] ForwardPacket from=0x2 target=0xFF cmd=0x0 seq=5
[TX] Immediate reply seq=5
[TX] Status seq=5 A=0.013 B=5.536
[TX] Status seq=5 A=0.851 B=11.499
[RX] ForwardPacket from=0x2 target=0xFF cmd=0x0 seq=6
[TX] Immediate reply seq=6
[TX] Status seq=6 A=2.574 B=19.450
[TX] Status seq=6 A=4.258 B=29.212
[RX] ForwardPacket from=0x2 target=0xFF cmd=0x0 seq=7
[TX] Immediate reply seq=7
[TX] Status seq=7 A=4.998 B=40.562
================================
 sub node - RS485 test (F756ZG)
================================
RS485 UART started at 115200
TaskManager tasks registered.
Waiting for packets from sub1...
--------------------------------
[RX] ForwardPacket from=0x2 target=0xFF cmd=0x0 seq=8
[TX] Immediate reply seq=8
[TX] Status seq=8 A=4.996 B=195.462
[TX] Status seq=8 A=4.426 B=189.940
[RX] ForwardPacket from=0x2 target=0xFF cmd=0x0 seq=9
[TX] Immediate reply seq=9
[TX] Status seq=9 A=2.823 B=182.398
[TX] Status seq=9 A=1.047 B=173.005
[RX] ForwardPacket from=0x2 target=0xFF cmd=0x0 seq=10
[TX] Immediate reply seq=10
[TX] Status seq=10 A=0.050 B=161.973
[TX] Status seq=10 A=0.368 B=149.549
[RX] ForwardPacket from=0x2 target=0xFF cmd=0x0 seq=11
[TX] Immediate reply seq=11
[TX] Status seq=11 A=1.830 B=136.012
[TX] Status seq=11 A=3.652 B=121.666
[RX] ForwardPacket from=0x2 target=0xFF cmd=0x0 seq=12
[TX] Immediate reply seq=12
[TX] Status seq=12 A=4.855 B=106.834
[TX] Status seq=12 A=4.795 B=91.849
[RX] ForwardPacket from=0x2 target=0xFF cmd=0x0 seq=13
[TX] Immediate reply seq=13
[TX] Status seq=13 A=3.503 B=77.046
[TX] Status seq=13 A=1.673 B=62.759
[RX] ForwardPacket from=0x2 target=0xFF cmd=0x0 seq=14
[TX] Immediate reply seq=14
[TX] Status seq=14 A=0.287 B=49.308
[TX] Status seq=14 A=0.088 B=36.996
[RX] ForwardPacket from=0x2 target=0xFF cmd=0x0 seq=15
[TX] Immediate reply seq=15
[TX] Status seq=15 A=1.184 B=26.099
[TX] Status seq=15 A=2.986 B=16.861
[RX] ForwardPacket from=0x2 target=0xFF cmd=0x0 seq=16
[TX] Immediate reply seq=16
[TX] Status seq=16 A=4.527 B=9.490
[TX] Status seq=16 A=4.981 B=4.153
[RX] ForwardPacket from=0x2 target=0xFF cmd=0x0 seq=17
[TX] Immediate reply seq=17
[TX] Status seq=17 A=4.103 B=0.967
[TX] Status seq=17 A=2.365 B=0.006
[RX] ForwardPacket from=0x2 target=0xFF cmd=0x0 seq=18
[TX] Immediate reply seq=18
[TX] Status seq=18 A=0.700 B=1.290
[TX] Status seq=18 A=0.000 B=4.791
[RX] ForwardPacket from=0x2 target=0xFF cmd=0x0 seq=19
[TX] Immediate reply seq=19
[TX] Status seq=19 A=0.642 B=10.431
[TX] Status seq=19 A=2.281 B=18.081
[RX] ForwardPacket from=0x2 target=0xFF cmd=0x0 seq=20
[TX] Immediate reply seq=20
[TX] Status seq=20 A=4.038 B=27.572
[TX] Status seq=20 A=4.969 B=38.689
[RX] ForwardPacket from=0x2 target=0xFF cmd=0x0 seq=21
[TX] Immediate reply seq=21
[TX] Status seq=21 A=4.575 B=51.183
[TX] Status seq=21 A=3.068 B=64.774
[RX] ForwardPacket from=0x2 target=0xFF cmd=0x0 seq=22
[TX] Immediate reply seq=22
[TX] Status seq=22 A=1.256 B=79.155
[TX] Status seq=22 A=0.112 B=94.005
[RX] ForwardPacket from=0x2 target=0xFF cmd=0x0 seq=23
[TX] Immediate reply seq=23
[TX] Status seq=23 A=0.249 B=108.989
[TX] Status seq=23 A=1.594 B=123.771
[RX] ForwardPacket from=0x2 target=0xFF cmd=0x0 seq=24
[TX] Immediate reply seq=24
[TX] Status seq=24 A=3.426 B=138.020
[TX] Status seq=24 A=4.760 B=151.415
[RX] ForwardPacket from=0x2 target=0xFF cmd=0x0 seq=25
[TX] Immediate reply seq=25
[TX] Status seq=25 A=4.882 B=163.655
[TX] Status seq=25 A=3.726 B=174.465
[RX] ForwardPacket from=0x2 target=0xFF cmd=0x0 seq=26
[TX] Immediate reply seq=26
[TX] Status seq=26 A=1.911 B=183.603
[TX] Status seq=26 A=0.413 B=190.864
[RX] ForwardPacket from=0x2 target=0xFF cmd=0x0 seq=27
[TX] Immediate reply seq=27
[TX] Status seq=27 A=0.035 B=196.084
[TX] Status seq=27 A=0.979 B=199.146
[RX] ForwardPacket from=0x2 target=0xFF cmd=0x0 seq=28
[TX] Immediate reply seq=28
[TX] Status seq=28 A=2.740 B=199.982
[TX] Status seq=28 A=4.372 B=198.572
[RX] ForwardPacket from=0x2 target=0xFF cmd=0x0 seq=29
[TX] Immediate reply seq=29
[TX] Status seq=29 A=4.999 B=194.948
[TX] Status seq=29 A=4.286 B=189.192
[RX] ForwardPacket from=0x2 target=0xFF cmd=0x0 seq=30
[TX] Immediate reply seq=30
[TX] Status seq=30 A=2.614 B=181.433
[TX] Status seq=30 A=0.881 B=171.846
[RX] ForwardPacket from=0x2 target=0xFF cmd=0x0 seq=31
[TX] Immediate reply seq=31
[TX] Status seq=31 A=0.017 B=160.644
[TX] Status seq=31 A=0.485 B=148.081
[RX] ForwardPacket from=0x2 target=0xFF cmd=0x0 seq=32
[TX] Immediate reply seq=32
[TX] Status seq=32 A=2.035 B=134.438
[TX] Status seq=32 A=3.834 B=120.022
[RX] ForwardPacket from=0x2 target=0xFF cmd=0x0 seq=33
[TX] Immediate reply seq=33
[TX] Status seq=33 A=4.917 B=105.156
[TX] Status seq=33 A=4.703 B=90.174
[RX] ForwardPacket from=0x2 target=0xFF cmd=0x0 seq=34
[TX] Immediate reply seq=34
[TX] Status seq=34 A=3.307 B=75.413
[TX] Status seq=34 A=1.478 B=61.204
[RX] ForwardPacket from=0x2 target=0xFF cmd=0x0 seq=35
[TX] Immediate reply seq=35
[TX] Status seq=35 A=0.197 B=47.866
[TX] Status seq=35 A=0.152 B=35.699
[RX] ForwardPacket from=0x2 target=0xFF cmd=0x0 seq=36
[TX] Immediate reply seq=36
[TX] Status seq=36 A=1.367 B=24.976
[TX] Status seq=36 A=3.190 B=15.938
[RX] ForwardPacket from=0x2 target=0xFF cmd=0x0 seq=37
[TX] Immediate reply seq=37
[TX] Status seq=37 A=4.643 B=8.788
[TX] Status seq=37 A=4.946 B=3.687
[RX] ForwardPacket from=0x2 target=0xFF cmd=0x0 seq=38
[TX] Immediate reply seq=38
[TX] Status seq=38 A=3.936 B=0.748
[TX] Status seq=38 A=2.156 B=0.038
[RX] ForwardPacket from=0x2 target=0xFF cmd=0x0 seq=39
[TX] Immediate reply seq=39
[TX] Status seq=39 A=0.560 B=1.573
[TX] Status seq=39 A=0.006 B=5.319
[RX] ForwardPacket from=0x2 target=0xFF cmd=0x0 seq=40
[TX] Immediate reply seq=40
[TX] Status seq=40 A=0.790 B=11.191
[TX] Status seq=40 A=2.491 B=19.057
[RX] ForwardPacket from=0x2 target=0xFF cmd=0x0 seq=41
[TX] Immediate reply seq=41
[TX] Status seq=41 A=4.198 B=28.742
[TX] Status seq=41 A=4.993 B=40.026
[RX] ForwardPacket from=0x2 target=0xFF cmd=0x0 seq=42
[TX] Immediate reply seq=42
[TX] Status seq=42 A=4.451 B=52.658
[TX] Status seq=42 A=2.861 B=66.352
[RX] ForwardPacket from=0x2 target=0xFF cmd=0x0 seq=43
[TX] Immediate reply seq=43
[TX] Status seq=43 A=1.078 B=80.803
[TX] Status seq=43 A=0.058 B=95.684
[RX] ForwardPacket from=0x2 target=0xFF cmd=0x0 seq=44
[TX] Immediate reply seq=44
[TX] Status seq=44 A=0.348 B=110.662
[TX] Status seq=44 A=1.793 B=125.401
[RX] ForwardPacket from=0x2 target=0xFF cmd=0x0 seq=45
[TX] Immediate reply seq=45
[TX] Status seq=45 A=3.617 B=139.570
[TX] Status seq=45 A=4.842 B=152.849
[RX] ForwardPacket from=0x2 target=0xFF cmd=0x0 seq=46
[TX] Immediate reply seq=46
[TX] Status seq=46 A=4.810 B=164.942
[TX] Status seq=46 A=3.538 B=175.577
[RX] ForwardPacket from=0x2 target=0xFF cmd=0x0 seq=47
[TX] Immediate reply seq=47
[TX] Status seq=47 A=1.709 B=184.514
[TX] Status seq=47 A=0.305 B=191.553
[RX] ForwardPacket from=0x2 target=0xFF cmd=0x0 seq=48
[TX] Immediate reply seq=48
[TX] Status seq=48 A=0.078 B=196.536
[TX] Status seq=48 A=1.151 B=199.351
[RX] ForwardPacket from=0x2 target=0xFF cmd=0x0 seq=49
[TX] Immediate reply seq=49
[TX] Status seq=49 A=2.948 B=199.935
[TX] Status seq=49 A=4.504 B=198.275
[RX] ForwardPacket from=0x2 target=0xFF cmd=0x0 seq=50
[TX] Immediate reply seq=50
[TX] Status seq=50 A=4.985 B=194.407
[TX] Status seq=50 A=4.132 B=188.419
[RX] ForwardPacket from=0x2 target=0xFF cmd=0x0 seq=51
[TX] Immediate reply seq=51
[TX] Status seq=51 A=2.404 B=180.446
[TX] Status seq=51 A=0.727 B=170.666
[RX] ForwardPacket from=0x2 target=0xFF cmd=0x0 seq=52
[TX] Immediate reply seq=52
[TX] Status seq=52 A=0.001 B=159.299
[TX] Status seq=52 A=0.617 B=146.600
[RX] ForwardPacket from=0x2 target=0xFF cmd=0x0 seq=53
[TX] Immediate reply seq=53
[TX] Status seq=53 A=2.243 B=132.855
[TX] Status seq=53 A=4.007 B=118.372
[RX] ForwardPacket from=0x2 target=0xFF cmd=0x0 seq=54
[TX] Immediate reply seq=54
[TX] Status seq=54 A=4.962 B=103.476
[TX] Status seq=54 A=4.596 B=88.502
[RX] ForwardPacket from=0x2 target=0xFF cmd=0x0 seq=55
[TX] Immediate reply seq=55
[TX] Status seq=55 A=3.105 B=73.787
[TX] Status seq=55 A=1.290 B=59.660
[RX] ForwardPacket from=0x2 target=0xFF cmd=0x0 seq=56
[TX] Immediate reply seq=56
[TX] Status seq=56 A=0.123 B=46.439
[TX] Status seq=56 A=0.232 B=34.421
[RX] ForwardPacket from=0x2 target=0xFF cmd=0x0 seq=57
[TX] Immediate reply seq=57
[TX] Status seq=57 A=1.558 B=23.875
[TX] Status seq=57 A=3.390 B=15.040
[RX] ForwardPacket from=0x2 target=0xFF cmd=0x0 seq=58
[TX] Immediate reply seq=58
[TX] Status seq=58 A=4.743 B=8.112
[TX] Status seq=58 A=4.893 B=3.248
[RX] ForwardPacket from=0x2 target=0xFF cmd=0x0 seq=59
[TX] Immediate reply seq=59
[TX] Status seq=59 A=3.759 B=0.557
[TX] Status seq=59 A=1.949 B=0.099
[RX] ForwardPacket from=0x2 target=0xFF cmd=0x0 seq=60
[TX] Immediate reply seq=60
[TX] Status seq=60 A=0.435 B=1.884
[TX] Status seq=60 A=0.029 B=5.873
[RX] ForwardPacket from=0x2 target=0xFF cmd=0x0 seq=61
[TX] Immediate reply seq=61
[TX] Status seq=61 A=0.949 B=11.976
[TX] Status seq=61 A=2.701 B=20.056
[RX] ForwardPacket from=0x2 target=0xFF cmd=0x0 seq=62
[TX] Immediate reply seq=62
[TX] Status seq=62 A=4.346 B=29.931
[TX] Status seq=62 A=5.000 B=41.380
[RX] ForwardPacket from=0x2 target=0xFF cmd=0x0 seq=63
[TX] Immediate reply seq=63
[TX] Status seq=63 A=4.312 B=54.145
[TX] Status seq=63 A=2.652 B=67.940
[RX] ForwardPacket from=0x2 target=0xFF cmd=0x0 seq=64
[TX] Immediate reply seq=64
[TX] Status seq=64 A=0.911 B=82.455
[TX] Status seq=64 A=0.022 B=97.364
[RX] ForwardPacket from=0x2 target=0xFF cmd=0x0 seq=65
[TX] Immediate reply seq=65
[TX] Status seq=65 A=0.463 B=112.333
[TX] Status seq=65 A=1.997 B=127.024
[RX] ForwardPacket from=0x2 target=0xFF cmd=0x0 seq=66
[TX] Immediate reply seq=66
[TX] Status seq=66 A=3.801 B=141.108
[TX] Status seq=66 A=4.907 B=154.269
[RX] ForwardPacket from=0x2 target=0xFF cmd=0x0 seq=67
[TX] Immediate reply seq=67
[TX] Status seq=67 A=4.721 B=166.212
[TX] Status seq=67 A=3.344 B=176.667
[RX] ForwardPacket from=0x2 target=0xFF cmd=0x0 seq=68
[TX] Immediate reply seq=68
[TX] Status seq=68 A=1.513 B=185.401
[TX] Status seq=68 A=0.212 B=192.216
[RX] ForwardPacket from=0x2 target=0xFF cmd=0x0 seq=69
[TX] Immediate reply seq=69
[TX] Status seq=69 A=0.139 B=196.961
[TX] Status seq=69 A=1.333 B=199.528
[RX] ForwardPacket from=0x2 target=0xFF cmd=0x0 seq=70
[TX] Immediate reply seq=70
[TX] Status seq=70 A=3.153 B=199.860
[TX] Status seq=70 A=4.623 B=197.950
[RX] ForwardPacket from=0x2 target=0xFF cmd=0x0 seq=71
[TX] Immediate reply seq=71
[TX] Status seq=71 A=4.953 B=193.839
[TX] Status seq=71 A=3.968 B=187.621
[RX] ForwardPacket from=0x2 target=0xFF cmd=0x0 seq=72
[TX] Immediate reply seq=72
[TX] Status seq=72 A=2.194 B=179.436
[TX] Status seq=72 A=0.585 B=169.466
[RX] ForwardPacket from=0x2 target=0xFF cmd=0x0 seq=73
[TX] Immediate reply seq=73
[TX] Status seq=73 A=0.003 B=157.937
[TX] Status seq=73 A=0.762 B=145.106
[RX] ForwardPacket from=0x2 target=0xFF cmd=0x0 seq=74
[TX] Immediate reply seq=74
[TX] Status seq=74 A=2.453 B=131.262
[TX] Status seq=74 A=4.169 B=116.716
[RX] ForwardPacket from=0x2 target=0xFF cmd=0x0 seq=75
[TX] Immediate reply seq=75
[TX] Status seq=75 A=4.990 B=101.795
[TX] Status seq=75 A=4.475 B=86.833
[RX] ForwardPacket from=0x2 target=0xFF cmd=0x0 seq=76
[TX] Immediate reply seq=76
[TX] Status seq=76 A=2.900 B=72.167
[TX] Status seq=76 A=1.110 B=58.127
[RX] ForwardPacket from=0x2 target=0xFF cmd=0x0 seq=77
[TX] Immediate reply seq=77
[TX] Status seq=77 A=0.067 B=45.026
[TX] Status seq=77 A=0.329 B=33.161
[RX] ForwardPacket from=0x2 target=0xFF cmd=0x0 seq=78
[TX] Immediate reply seq=78
[TX] Status seq=78 A=1.756 B=22.796
[TX] Status seq=78 A=3.583 B=14.165
[RX] ForwardPacket from=0x2 target=0xFF cmd=0x0 seq=79
[TX] Immediate reply seq=79
[TX] Status seq=79 A=4.828 B=7.462
[TX] Status seq=79 A=4.824 B=2.837
[RX] ForwardPacket from=0x2 target=0xFF cmd=0x0 seq=80
[TX] Immediate reply seq=80
[TX] Status seq=80 A=3.573 B=0.394
[TX] Status seq=80 A=1.746 B=0.188
[RX] ForwardPacket from=0x2 target=0xFF cmd=0x0 seq=81
[TX] Immediate reply seq=81
[TX] Status seq=81 A=0.324 B=2.223
[TX] Status seq=81 A=0.069 B=6.455
[RX] ForwardPacket from=0x2 target=0xFF cmd=0x0 seq=82
[TX] Immediate reply seq=82
[TX] Status seq=82 A=1.119 B=12.787
[TX] Status seq=82 A=2.910 B=21.078
[RX] ForwardPacket from=0x2 target=0xFF cmd=0x0 seq=83
[TX] Immediate reply seq=83
[TX] Status seq=83 A=4.481 B=31.141
[TX] Status seq=83 A=4.989 B=42.751
[RX] ForwardPacket from=0x2 target=0xFF cmd=0x0 seq=84
[TX] Immediate reply seq=84
[TX] Status seq=84 A=4.161 B=55.646
[TX] Status seq=84 A=2.442 B=69.538
[RX] ForwardPacket from=0x2 target=0xFF cmd=0x0 seq=85
[TX] Immediate reply seq=85
[TX] Status seq=85 A=0.754 B=84.113
[TX] Status seq=85 A=0.003 B=99.046
[RX] ForwardPacket from=0x2 target=0xFF cmd=0x0 seq=86
[TX] Immediate reply seq=86
[TX] Status seq=86 A=0.592 B=114.000
[TX] Status seq=86 A=2.204 B=128.639
[RX] ForwardPacket from=0x2 target=0xFF cmd=0x0 seq=87
[TX] Immediate reply seq=87
[TX] Status seq=87 A=3.976 B=142.635
[TX] Status seq=87 A=4.955 B=155.674
[RX] ForwardPacket from=0x2 target=0xFF cmd=0x0 seq=88
[TX] Immediate reply seq=88
[TX] Status seq=88 A=4.617 B=167.463
[TX] Status seq=88 A=3.143 B=177.736
[RX] ForwardPacket from=0x2 target=0xFF cmd=0x0 seq=89
[TX] Immediate reply seq=89
[TX] Status seq=89 A=1.324 B=186.264
[TX] Status seq=89 A=0.136 B=192.854
[RX] ForwardPacket from=0x2 target=0xFF cmd=0x0 seq=90
[TX] Immediate reply seq=90
[TX] Status seq=90 A=0.216 B=197.359
[TX] Status seq=90 A=1.523 B=199.677
[RX] ForwardPacket from=0x2 target=0xFF cmd=0x0 seq=91
[TX] Immediate reply seq=91
[TX] Status seq=91 A=3.353 B=199.757
[TX] Status seq=91 A=4.726 B=197.597
[TX] Status seq=91 A=4.904 B=193.245
[TX] Status seq=91 A=3.792 B=186.799
[RX] ForwardPacket from=0x2 target=0xFF cmd=0x0 seq=93
[TX] Immediate reply seq=93
[TX] Status seq=93 A=1.987 B=178.403
[TX] Status seq=93 A=0.457 B=168.247
[RX] ForwardPacket from=0x2 target=0xFF cmd=0x0 seq=94
[TX] Immediate reply seq=94
[TX] Status seq=94 A=0.023 B=156.558
[TX] Status seq=94 A=0.919 B=143.599
[RX] ForwardPacket from=0x2 target=0xFF cmd=0x0 seq=95
[TX] Immediate reply seq=95
[TX] Status seq=95 A=2.663 B=129.660
[TX] Status seq=95 A=4.320 B=115.056
[RX] ForwardPacket from=0x2 target=0xFF cmd=0x0 seq=96
[TX] Immediate reply seq=96
[TX] Status seq=96 A=5.000 B=100.114
[TX] Status seq=96 A=4.339 B=85.169
[RX] ForwardPacket from=0x2 target=0xFF cmd=0x0 seq=97
[TX] Immediate reply seq=97
[TX] Status seq=97 A=2.691 B=70.557
[TX] Status seq=97 A=0.941 B=56.606
[RX] ForwardPacket from=0x2 target=0xFF cmd=0x0 seq=98
[TX] Immediate reply seq=98
[TX] Status seq=98 A=0.027 B=43.629
[TX] Status seq=98 A=0.441 B=31.919
[RX] ForwardPacket from=0x2 target=0xFF cmd=0x0 seq=99
[TX] Immediate reply seq=99
[TX] Status seq=99 A=1.959 B=21.738
[TX] Status seq=99 A=3.768 B=13.314
[RX] ForwardPacket from=0x2 target=0xFF cmd=0x0 seq=100
[TX] Immediate reply seq=100
[TX] Status seq=100 A=4.896 B=6.837
[TX] Status seq=100 A=4.739 B=2.453
[RX] ForwardPacket from=0x2 target=0xFF cmd=0x0 seq=101
[TX] Immediate reply seq=101
[TX] Status seq=101 A=3.380 B=0.259
[TX] Status seq=101 A=1.549 B=0.305
[RX] ForwardPacket from=0x2 target=0xFF cmd=0x0 seq=102
[TX] Immediate reply seq=102
[TX] Status seq=102 A=0.228 B=2.589
[TX] Status seq=102 A=0.127 B=7.062
[RX] ForwardPacket from=0x2 target=0xFF cmd=0x0 seq=103
[TX] Immediate reply seq=103
[TX] Status seq=103 A=1.299 B=13.622
[TX] Status seq=103 A=3.115 B=22.121
[RX] ForwardPacket from=0x2 target=0xFF cmd=0x0 seq=104
[TX] Immediate reply seq=104
[TX] Status seq=104 A=4.602 B=32.370
[TX] Status seq=104 A=4.961 B=44.137
[RX] ForwardPacket from=0x2 target=0xFF cmd=0x0 seq=105
[TX] Immediate reply seq=105
[TX] Status seq=105 A=3.999 B=57.159
[TX] Status seq=105 A=2.233 B=71.144
[RX] ForwardPacket from=0x2 target=0xFF cmd=0x0 seq=106
[TX] Immediate reply seq=106
[TX] Status seq=106 A=0.610 B=85.776
[TX] Status seq=106 A=0.002 B=100.727
[RX] ForwardPacket from=0x2 target=0xFF cmd=0x0 seq=107
[TX] Immediate reply seq=107
[TX] Status seq=107 A=0.734 B=115.662
[TX] Status seq=107 A=2.414 B=130.246
[RX] ForwardPacket from=0x2 target=0xFF cmd=0x0 seq=108
[TX] Immediate reply seq=108
[TX] Status seq=108 A=4.140 B=144.150
[TX] Status seq=108 A=4.986 B=157.063
[RX] ForwardPacket from=0x2 target=0xFF cmd=0x0 seq=109
[TX] Immediate reply seq=109
[TX] Status seq=109 A=4.498 B=168.694
[TX] Status seq=109 A=2.938 B=178.783
[RX] ForwardPacket from=0x2 target=0xFF cmd=0x0 seq=110
[TX] Immediate reply seq=110
[TX] Status seq=110 A=1.143 B=187.102
[TX] Status seq=110 A=0.076 B=193.465
[RX] ForwardPacket from=0x2 target=0xFF cmd=0x0 seq=111
[TX] Immediate reply seq=111
[TX] Status seq=111 A=0.310 B=197.729
[TX] Status seq=111 A=1.719 B=199.798
[RX] ForwardPacket from=0x2 target=0xFF cmd=0x0 seq=112
[TX] Immediate reply seq=112
[TX] Status seq=112 A=3.548 B=199.626
[TX] Status seq=112 A=4.814 B=197.217
[RX] ForwardPacket from=0x2 target=0xFF cmd=0x0 seq=113
[TX] Immediate reply seq=113
[TX] Status seq=113 A=4.838 B=192.624
[TX] Status seq=113 A=3.608 B=185.952
[RX] ForwardPacket from=0x2 target=0xFF cmd=0x0 seq=114
[TX] Immediate reply seq=114
[TX] Status seq=114 A=1.783 B=177.348
[TX] Status seq=114 A=0.343 B=167.008
[RX] ForwardPacket from=0x2 target=0xFF cmd=0x0 seq=115
[TX] Immediate reply seq=115
[TX] Status seq=115 A=0.060 B=155.163
[TX] Status seq=115 A=1.087 B=142.079
[RX] ForwardPacket from=0x2 target=0xFF cmd=0x0 seq=116
[TX] Immediate reply seq=116
[TX] Status seq=116 A=2.872 B=128.050
[TX] Status seq=116 A=4.457 B=113.392
[RX] ForwardPacket from=0x2 target=0xFF cmd=0x0 seq=117
[TX] Immediate reply seq=117
[TX] Status seq=117 A=4.992 B=98.432
[TX] Status seq=117 A=4.190 B=83.508
[RX] ForwardPacket from=0x2 target=0xFF cmd=0x0 seq=118
[TX] Immediate reply seq=118
[TX] Status seq=118 A=2.481 B=68.954
[TX] Status seq=118 A=0.782 B=55.097
[RX] ForwardPacket from=0x2 target=0xFF cmd=0x0 seq=119
[TX] Immediate reply seq=119
[TX] Status seq=119 A=0.005 B=42.249
[TX] Status seq=119 A=0.567 B=30.697
[RX] ForwardPacket from=0x2 target=0xFF cmd=0x0 seq=120
[TX] Immediate reply seq=120
[TX] Status seq=120 A=2.166 B=20.702
[TX] Status seq=120 A=3.944 B=12.488
[RX] ForwardPacket from=0x2 target=0xFF cmd=0x0 seq=121
[TX] Immediate reply seq=121
[TX] Status seq=121 A=4.948 B=6.239
[TX] Status seq=121 A=4.638 B=2.096
[RX] ForwardPacket from=0x2 target=0xFF cmd=0x0 seq=122
[TX] Immediate reply seq=122
[TX] Status seq=122 A=3.180 B=0.152
[TX] Status seq=122 A=1.358 B=0.450
[RX] ForwardPacket from=0x2 target=0xFF cmd=0x0 seq=123
[TX] Immediate reply seq=123
[TX] Status seq=123 A=0.148 B=2.983
[TX] Status seq=123 A=0.201 B=7.696
[RX] ForwardPacket from=0x2 target=0xFF cmd=0x0 seq=124
[TX] Immediate reply seq=124
[TX] Status seq=124 A=1.487 B=14.481
[TX] Status seq=124 A=3.317 B=23.187
[RX] ForwardPacket from=0x2 target=0xFF cmd=0x0 seq=125
[TX] Immediate reply seq=125
[TX] Status seq=125 A=4.708 B=33.618
[TX] Status seq=125 A=4.915 B=45.540
[RX] ForwardPacket from=0x2 target=0xFF cmd=0x0 seq=126
[TX] Immediate reply seq=126
[TX] Status seq=126 A=3.825 B=58.685
[TX] Status seq=126 A=2.025 B=72.757
[RX] ForwardPacket from=0x2 target=0xFF cmd=0x0 seq=127
[TX] Immediate reply seq=127
[TX] Status seq=127 A=0.479 B=87.442
[TX] Status seq=127 A=0.018 B=102.408
[RX] ForwardPacket from=0x2 target=0xFF cmd=0x0 seq=128
[TX] Immediate reply seq=128
[TX] Status seq=128 A=0.889 B=117.321
[TX] Status seq=128 A=2.624 B=131.844
[RX] ForwardPacket from=0x2 target=0xFF cmd=0x0 seq=129
[TX] Immediate reply seq=129
[TX] Status seq=129 A=4.293 B=145.653
[TX] Status seq=129 A=4.999 B=158.436
[RX] ForwardPacket from=0x2 target=0xFF cmd=0x0 seq=130
[TX] Immediate reply seq=130
[TX] Status seq=130 A=4.365 B=169.906
[TX] Status seq=130 A=2.730 B=179.807
[RX] ForwardPacket from=0x2 target=0xFF cmd=0x0 seq=131
[TX] Immediate reply seq=131
[TX] Status seq=131 A=0.971 B=187.916
[TX] Status seq=131 A=0.033 B=194.050
[RX] ForwardPacket from=0x2 target=0xFF cmd=0x0 seq=132
[TX] Immediate reply seq=132
[TX] Status seq=132 A=0.419 B=198.072
[TX] Status seq=132 A=1.921 B=199.891
[RX] ForwardPacket from=0x2 target=0xFF cmd=0x0 seq=133
[TX] Immediate reply seq=133
[TX] Status seq=133 A=3.734 B=199.467
[TX] Status seq=133 A=4.885 B=196.809
[RX] ForwardPacket from=0x2 target=0xFF cmd=0x0 seq=134
[TX] Immediate reply seq=134
[TX] Status seq=134 A=4.756 B=191.977
[TX] Status seq=134 A=3.416 B=185.080
[RX] ForwardPacket from=0x2 target=0xFF cmd=0x0 seq=135
[TX] Immediate reply seq=135
[TX] Status seq=135 A=1.585 B=176.272
[TX] Status seq=135 A=0.245 B=165.751
[RX] ForwardPacket from=0x2 target=0xFF cmd=0x0 seq=136
[TX] Immediate reply seq=136
[TX] Status seq=136 A=0.115 B=153.753
[TX] Status seq=136 A=1.265 B=140.548
[RX] ForwardPacket from=0x2 target=0xFF cmd=0x0 seq=137
[TX] Immediate reply seq=137
[TX] Status seq=137 A=3.078 B=126.433
[TX] Status seq=137 A=4.581 B=111.724
[RX] ForwardPacket from=0x2 target=0xFF cmd=0x0 seq=138
[TX] Immediate reply seq=138
[TX] Status seq=138 A=4.967 B=96.752
[TX] Status seq=138 A=4.030 B=81.852
[RX] ForwardPacket from=0x2 target=0xFF cmd=0x0 seq=139
[TX] Immediate reply seq=139
[TX] Status seq=139 A=2.271 B=67.360
[TX] Status seq=139 A=0.636 B=53.601
[RX] ForwardPacket from=0x2 target=0xFF cmd=0x0 seq=140
[TX] Immediate reply seq=140
[TX] Status seq=140 A=0.001 B=40.884
[TX] Status seq=140 A=0.707 B=29.495
[RX] ForwardPacket from=0x2 target=0xFF cmd=0x0 seq=141
[TX] Immediate reply seq=141
[TX] Status seq=141 A=2.375 B=19.689
[TX] Status seq=141 A=4.111 B=11.687
[RX] ForwardPacket from=0x2 target=0xFF cmd=0x0 seq=142
[TX] Immediate reply seq=142
[TX] Status seq=142 A=4.982 B=5.668
[TX] Status seq=142 A=4.521 B=1.768
[RX] ForwardPacket from=0x2 target=0xFF cmd=0x0 seq=143
[TX] Immediate reply seq=143
[TX] Status seq=143 A=2.976 B=0.073
[TX] Status seq=143 A=1.175 B=0.623
[RX] ForwardPacket from=0x2 target=0xFF cmd=0x0 seq=144
[TX] Immediate reply seq=144
[TX] Status seq=144 A=0.086 B=3.405
[TX] Status seq=144 A=0.291 B=8.356
[RX] ForwardPacket from=0x2 target=0xFF cmd=0x0 seq=145
[TX] Immediate reply seq=145
[TX] Status seq=145 A=1.683 B=15.365
[TX] Status seq=145 A=3.512 B=24.274
[RX] ForwardPacket from=0x2 target=0xFF cmd=0x0 seq=146
[TX] Immediate reply seq=146
[TX] Status seq=146 A=4.799 B=34.885
[TX] Status seq=146 A=4.852 B=46.958
[RX] ForwardPacket from=0x2 target=0xFF cmd=0x0 seq=147
[TX] Immediate reply seq=147
[TX] Status seq=147 A=3.643 B=60.222
[TX] Status seq=147 A=1.820 B=74.379
[RX] ForwardPacket from=0x2 target=0xFF cmd=0x0 seq=148
[TX] Immediate reply seq=148
[TX] Status seq=148 A=0.363 B=89.111
[TX] Status seq=148 A=0.052 B=104.089
[RX] ForwardPacket from=0x2 target=0xFF cmd=0x0 seq=149
[TX] Immediate reply seq=149
[TX] Status seq=149 A=1.055 B=118.974
[TX] Status seq=149 A=2.833 B=133.433
[RX] ForwardPacket from=0x2 target=0xFF cmd=0x0 seq=150
[TX] Immediate reply seq=150
[TX] Status seq=150 A=4.433 B=147.142
[TX] Status seq=150 A=4.995 B=159.792
[RX] ForwardPacket from=0x2 target=0xFF cmd=0x0 seq=151
[TX] Immediate reply seq=151
[TX] Status seq=151 A=4.218 B=171.099
[TX] Status seq=151 A=2.520 B=180.809
[RX] ForwardPacket from=0x2 target=0xFF cmd=0x0 seq=152
[TX] Immediate reply seq=152
[TX] Status seq=152 A=0.810 B=188.704
[TX] Status seq=152 A=0.008 B=194.608
[RX] ForwardPacket from=0x2 target=0xFF cmd=0x0 seq=153
[TX] Immediate reply seq=153
[TX] Status seq=153 A=0.542 B=198.386
[TX] Status seq=153 A=2.128 B=199.955
[RX] ForwardPacket from=0x2 target=0xFF cmd=0x0 seq=154
[TX] Immediate reply seq=154
[TX] Status seq=154 A=3.913 B=199.280
[TX] Status seq=154 A=4.940 B=196.374
[RX] ForwardPacket from=0x2 target=0xFF cmd=0x0 seq=155
[TX] Immediate reply seq=155
[TX] Status seq=155 A=4.657 B=191.305
[TX] Status seq=155 A=3.217 B=184.185
[RX] ForwardPacket from=0x2 target=0xFF cmd=0x0 seq=156
[TX] Immediate reply seq=156
[TX] Status seq=156 A=1.393 B=175.174
[TX] Status seq=156 A=0.162 B=164.475
[RX] ForwardPacket from=0x2 target=0xFF cmd=0x0 seq=157
[TX] Immediate reply seq=157
[TX] Status seq=157 A=0.186 B=152.328
[TX] Status seq=157 A=1.452 B=139.006
[RX] ForwardPacket from=0x2 target=0xFF cmd=0x0 seq=158
[TX] Immediate reply seq=158
[TX] Status seq=158 A=3.280 B=124.808
[TX] Status seq=158 A=4.690 B=110.052
[RX] ForwardPacket from=0x2 target=0xFF cmd=0x0 seq=159
[TX] Immediate reply seq=159
[TX] Status seq=159 A=4.924 B=95.071
[TX] Status seq=159 A=3.858 B=80.201
[RX] ForwardPacket from=0x2 target=0xFF cmd=0x0 seq=160
[TX] Immediate reply seq=160
[TX] Status seq=160 A=2.063 B=65.775
[TX] Status seq=160 A=0.502 B=52.118
[RX] ForwardPacket from=0x2 target=0xFF cmd=0x0 seq=161
[TX] Immediate reply seq=161
[TX] Status seq=161 A=0.014 B=39.537
[TX] Status seq=161 A=0.859 B=28.313
[RX] ForwardPacket from=0x2 target=0xFF cmd=0x0 seq=162
[TX] Immediate reply seq=162
[TX] Status seq=162 A=2.585 B=18.699
[TX] Status seq=162 A=4.266 B=10.911
[RX] ForwardPacket from=0x2 target=0xFF cmd=0x0 seq=163
[TX] Immediate reply seq=163
[TX] Status seq=163 A=4.998 B=5.123
[TX] Status seq=163 A=4.390 B=1.467
[RX] ForwardPacket from=0x2 target=0xFF cmd=0x0 seq=164
[TX] Immediate reply seq=164
[TX] Status seq=164 A=2.768 B=0.023
[TX] Status seq=164 A=1.002 B=0.825
[RX] ForwardPacket from=0x2 target=0xFF cmd=0x0 seq=165
[TX] Immediate reply seq=165
[TX] Status seq=165 A=0.040 B=3.853
[TX] Status seq=165 A=0.398 B=9.041
[RX] ForwardPacket from=0x2 target=0xFF cmd=0x0 seq=166
[TX] Immediate reply seq=166
[TX] Status seq=166 A=1.884 B=16.272
[TX] Status seq=166 A=3.701 B=25.383
[RX] ForwardPacket from=0x2 target=0xFF cmd=0x0 seq=167
[TX] Immediate reply seq=167
[TX] Status seq=167 A=4.873 B=36.170
[TX] Status seq=167 A=4.772 B=48.391
[RX] ForwardPacket from=0x2 target=0xFF cmd=0x0 seq=168
[TX] Immediate reply seq=168
[TX] Status seq=168 A=3.452 B=61.770
[TX] Status seq=168 A=1.621 B=76.008
[RX] ForwardPacket from=0x2 target=0xFF cmd=0x0 seq=169
[TX] Immediate reply seq=169
[TX] Status seq=169 A=0.261 B=90.785
[TX] Status seq=169 A=0.103 B=105.768
[RX] ForwardPacket from=0x2 target=0xFF cmd=0x0 seq=170
[TX] Immediate reply seq=170
[TX] Status seq=170 A=1.231 B=120.622
[TX] Status seq=170 A=3.040 B=135.014
[RX] ForwardPacket from=0x2 target=0xFF cmd=0x0 seq=171
[TX] Immediate reply seq=171
[TX] Status seq=171 A=4.559 B=148.618
[TX] Status seq=171 A=4.973 B=161.131
[RX] ForwardPacket from=0x2 target=0xFF cmd=0x0 seq=172
[TX] Immediate reply seq=172
[TX] Status seq=172 A=4.060 B=172.271
[TX] Status seq=172 A=2.310 B=181.788
[RX] ForwardPacket from=0x2 target=0xFF cmd=0x0 seq=173
[TX] Immediate reply seq=173
[TX] Status seq=173 A=0.662 B=189.468
[TX] Status seq=173 A=0.000 B=195.139
[RX] ForwardPacket from=0x2 target=0xFF cmd=0x0 seq=174
[TX] Immediate reply seq=174
[TX] Status seq=174 A=0.680 B=198.673
[TX] Status seq=174 A=2.337 B=199.991
[RX] ForwardPacket from=0x2 target=0xFF cmd=0x0 seq=175
[TX] Immediate reply seq=175
[TX] Status seq=175 A=4.081 B=199.064
[TX] Status seq=175 A=4.977 B=195.912
[RX] ForwardPacket from=0x2 target=0xFF cmd=0x0 seq=176
[TX] Immediate reply seq=176
[TX] Status seq=176 A=4.544 B=190.606
[TX] Status seq=176 A=3.014 B=183.265
[RX] ForwardPacket from=0x2 target=0xFF cmd=0x0 seq=177
[TX] Immediate reply seq=177
[TX] Status seq=177 A=1.208 B=174.054
[TX] Status seq=177 A=0.096 B=163.180
[RX] ForwardPacket from=0x2 target=0xFF cmd=0x0 seq=178
[TX] Immediate reply seq=178
[TX] Status seq=178 A=0.274 B=150.887
[TX] Status seq=178 A=1.646 B=137.452
[RX] ForwardPacket from=0x2 target=0xFF cmd=0x0 seq=179
[TX] Immediate reply seq=179
[TX] Status seq=179 A=3.477 B=123.175
[TX] Status seq=179 A=4.783 B=108.378
[RX] ForwardPacket from=0x2 target=0xFF cmd=0x0 seq=180
[TX] Immediate reply seq=180
[TX] Status seq=180 A=4.865 B=93.393
[TX] Status seq=180 A=3.677 B=78.555
[RX] ForwardPacket from=0x2 target=0xFF cmd=0x0 seq=181
[TX] Immediate reply seq=181
[TX] Status seq=181 A=1.858 B=64.200
[TX] Status seq=181 A=0.383 B=50.649
[RX] ForwardPacket from=0x2 target=0xFF cmd=0x0 seq=182
[TX] Immediate reply seq=182
[TX] Status seq=182 A=0.045 B=38.206
[TX] Status seq=182 A=1.024 B=27.151
[RX] ForwardPacket from=0x2 target=0xFF cmd=0x0 seq=183
[TX] Immediate reply seq=183
[TX] Status seq=183 A=2.795 B=17.731
[TX] Status seq=183 A=4.408 B=10.160
[RX] ForwardPacket from=0x2 target=0xFF cmd=0x0 seq=184
[TX] Immediate reply seq=184
[TX] Status seq=184 A=4.997 B=4.606
[TX] Status seq=184 A=4.246 B=1.194
[RX] ForwardPacket from=0x2 target=0xFF cmd=0x0 seq=185
[TX] Immediate reply seq=185
[TX] Status seq=185 A=2.558 B=0.001
[TX] Status seq=185 A=0.839 B=1.054
[RX] ForwardPacket from=0x2 target=0xFF cmd=0x0 seq=186
[TX] Immediate reply seq=186
[TX] Status seq=186 A=0.011 B=4.329
[TX] Status seq=186 A=0.519 B=9.753
[RX] ForwardPacket from=0x2 target=0xFF cmd=0x0 seq=187
[TX] Immediate reply seq=187
[TX] Status seq=187 A=2.089 B=17.203
[TX] Status seq=187 A=3.881 B=26.513
[RX] ForwardPacket from=0x2 target=0xFF cmd=0x0 seq=188
[TX] Immediate reply seq=188
[TX] Status seq=188 A=4.931 B=37.474
[TX] Status seq=188 A=4.677 B=49.838
[RX] ForwardPacket from=0x2 target=0xFF cmd=0x0 seq=189
[TX] Immediate reply seq=189
[TX] Status seq=189 A=3.254 B=63.329
[TX] Status seq=189 A=1.427 B=77.643
[RX] ForwardPacket from=0x2 target=0xFF cmd=0x0 seq=190
[TX] Immediate reply seq=190
[TX] Status seq=190 A=0.176 B=92.460
[TX] Status seq=190 A=0.172 B=107.446
[RX] ForwardPacket from=0x2 target=0xFF cmd=0x0 seq=191
[TX] Immediate reply seq=191
[TX] Status seq=191 A=1.417 B=122.265
[TX] Status seq=191 A=3.243 B=136.584
[RX] ForwardPacket from=0x2 target=0xFF cmd=0x0 seq=192
[TX] Immediate reply seq=192
[TX] Status seq=192 A=4.671 B=150.080
[TX] Status seq=192 A=4.934 B=162.453
[RX] ForwardPacket from=0x2 target=0xFF cmd=0x0 seq=193
[TX] Immediate reply seq=193
[TX] Status seq=193 A=3.890 B=173.423
[TX] Status seq=193 A=2.101 B=182.744
[RX] ForwardPacket from=0x2 target=0xFF cmd=0x0 seq=194
[TX] Immediate reply seq=194
[TX] Status seq=194 A=0.526 B=190.207
[TX] Status seq=194 A=0.010 B=195.643
[RX] ForwardPacket from=0x2 target=0xFF cmd=0x0 seq=195
[TX] Immediate reply seq=195
[TX] Status seq=195 A=0.830 B=198.932
[TX] Status seq=195 A=2.547 B=199.999
[RX] ForwardPacket from=0x2 target=0xFF cmd=0x0 seq=196
[TX] Immediate reply seq=196
[TX] Status seq=196 A=4.238 B=198.821
[TX] Status seq=196 A=4.997 B=195.423
[RX] ForwardPacket from=0x2 target=0xFF cmd=0x0 seq=197
[TX] Immediate reply seq=197
[TX] Status seq=197 A=4.416 B=189.882
[TX] Status seq=197 A=2.807 B=182.322
[RX] ForwardPacket from=0x2 target=0xFF cmd=0x0 seq=198
[TX] Immediate reply seq=198
[TX] Status seq=198 A=1.033 B=172.914
[TX] Status seq=198 A=0.047 B=161.868
[RX] ForwardPacket from=0x2 target=0xFF cmd=0x0 seq=199
[TX] Immediate reply seq=199
[TX] Status seq=199 A=0.377 B=149.433
[TX] Status seq=199 A=1.846 B=135.888
[RX] ForwardPacket from=0x2 target=0xFF cmd=0x0 seq=200
[TX] Immediate reply seq=200
[TX] Status seq=200 A=3.667 B=121.536
[TX] Status seq=200 A=4.861 B=106.701
[RX] ForwardPacket from=0x2 target=0xFF cmd=0x0 seq=201
[TX] Immediate reply seq=201
[TX] Status seq=201 A=4.788 B=91.716
[TX] Status seq=201 A=3.488 B=76.916
[RX] ForwardPacket from=0x2 target=0xFF cmd=0x0 seq=202
[TX] Immediate reply seq=202
[TX] Status seq=202 A=1.657 B=62.636
[TX] Status seq=202 A=0.279 B=49.193
[RX] ForwardPacket from=0x2 target=0xFF cmd=0x0 seq=203
[TX] Immediate reply seq=203
[TX] Status seq=203 A=0.093 B=36.892
[TX] Status seq=203 A=1.198 B=26.009
[RX] ForwardPacket from=0x2 target=0xFF cmd=0x0 seq=204
[TX] Immediate reply seq=204
[TX] Status seq=204 A=3.002 B=16.787
[TX] Status seq=204 A=4.537 B=9.434
[RX] ForwardPacket from=0x2 target=0xFF cmd=0x0 seq=205
[TX] Immediate reply seq=205
[TX] Status seq=205 A=4.978 B=4.115
[TX] Status seq=205 A=4.090 B=0.949
[RX] ForwardPacket from=0x2 target=0xFF cmd=0x0 seq=206
[TX] Immediate reply seq=206
[TX] Status seq=206 A=2.348 B=0.007
[TX] Status seq=206 A=0.688 B=1.312
[RX] ForwardPacket from=0x2 target=0xFF cmd=0x0 seq=207
[TX] Immediate reply seq=207
[TX] Status seq=207 A=0.000 B=4.832
[TX] Status seq=207 A=0.654 B=10.490
[RX] ForwardPacket from=0x2 target=0xFF cmd=0x0 seq=208
[TX] Immediate reply seq=208
[TX] Status seq=208 A=2.298 B=18.158
[TX] Status seq=208 A=4.051 B=27.664
[RX] ForwardPacket from=0x2 target=0xFF cmd=0x0 seq=209
[TX] Immediate reply seq=209
[TX] Status seq=209 A=4.971 B=38.795
[TX] Status seq=209 A=4.566 B=51.299
[RX] ForwardPacket from=0x2 target=0xFF cmd=0x0 seq=210
[TX] Immediate reply seq=210
[TX] Status seq=210 A=3.052 B=64.898
[TX] Status seq=210 A=1.242 B=79.286
[RX] ForwardPacket from=0x2 target=0xFF cmd=0x0 seq=211
[TX] Immediate reply seq=211
[TX] Status seq=211 A=0.107 B=94.138
[TX] Status seq=211 A=0.256 B=109.122
[RX] ForwardPacket from=0x2 target=0xFF cmd=0x0 seq=212
[TX] Immediate reply seq=212
[TX] Status seq=212 A=1.610 B=123.901
[TX] Status seq=212 A=3.441 B=138.143
[RX] ForwardPacket from=0x2 target=0xFF cmd=0x0 seq=213
[TX] Immediate reply seq=213
[TX] Status seq=213 A=4.767 B=151.529
[TX] Status seq=213 A=4.877 B=163.757
[RX] ForwardPacket from=0x2 target=0xFF cmd=0x0 seq=214
[TX] Immediate reply seq=214
[TX] Status seq=214 A=3.711 B=174.554
[TX] Status seq=214 A=1.895 B=183.676
[RX] ForwardPacket from=0x2 target=0xFF cmd=0x0 seq=215
[TX] Immediate reply seq=215
[TX] Status seq=215 A=0.404 B=190.919
[TX] Status seq=215 A=0.038 B=196.121
[RX] ForwardPacket from=0x2 target=0xFF cmd=0x0 seq=216
[TX] Immediate reply seq=216
[TX] Status seq=216 A=0.992 B=199.163
[TX] Status seq=216 A=2.756 B=199.979
[RX] ForwardPacket from=0x2 target=0xFF cmd=0x0 seq=217
[TX] Immediate reply seq=217
[TX] Status seq=217 A=4.383 B=198.549
[TX] Status seq=217 A=4.999 B=194.906
[RX] ForwardPacket from=0x2 target=0xFF cmd=0x0 seq=218
[TX] Immediate reply seq=218
[TX] Status seq=218 A=4.274 B=189.132
[TX] Status seq=218 A=2.597 B=181.356
[RX] ForwardPacket from=0x2 target=0xFF cmd=0x0 seq=219
[TX] Immediate reply seq=219
[TX] Status seq=219 A=0.868 B=171.753
[TX] Status seq=219 A=0.015 B=160.539
[RX] ForwardPacket from=0x2 target=0xFF cmd=0x0 seq=220
[TX] Immediate reply seq=220
[TX] Status seq=220 A=0.495 B=147.964
[TX] Status seq=220 A=2.051 B=134.313
[RX] ForwardPacket from=0x2 target=0xFF cmd=0x0 seq=221
[TX] Immediate reply seq=221
[TX] Status seq=221 A=3.848 B=119.891
[TX] Status seq=221 A=4.922 B=105.023
[RX] ForwardPacket from=0x2 target=0xFF cmd=0x0 seq=222
[TX] Immediate reply seq=222
[TX] Status seq=222 A=4.695 B=90.041
[TX] Status seq=222 A=3.291 B=75.283
[RX] ForwardPacket from=0x2 target=0xFF cmd=0x0 seq=223
[TX] Immediate reply seq=223
[TX] Status seq=223 A=1.462 B=61.081
[TX] Status seq=223 A=0.190 B=47.753
[RX] ForwardPacket from=0x2 target=0xFF cmd=0x0 seq=224
[TX] Immediate reply seq=224
[TX] Status seq=224 A=0.158 B=35.597
[TX] Status seq=224 A=1.382 B=24.888
[RX] ForwardPacket from=0x2 target=0xFF cmd=0x0 seq=225
[TX] Immediate reply seq=225
[TX] Status seq=225 A=3.206 B=15.866
[TX] Status seq=225 A=4.651 B=8.734
[RX] ForwardPacket from=0x2 target=0xFF cmd=0x0 seq=226
[TX] Immediate reply seq=226
[TX] Status seq=226 A=4.942 B=3.651
[TX] Status seq=226 A=3.922 B=0.732
[RX] ForwardPacket from=0x2 target=0xFF cmd=0x0 seq=227
[TX] Immediate reply seq=227
[TX] Status seq=227 A=2.139 B=0.042
[TX] Status seq=227 A=0.550 B=1.597
[RX] ForwardPacket from=0x2 target=0xFF cmd=0x0 seq=228
[TX] Immediate reply seq=228
[TX] Status seq=228 A=0.007 B=5.362
[TX] Status seq=228 A=0.802 B=11.252
[RX] ForwardPacket from=0x2 target=0xFF cmd=0x0 seq=229
[TX] Immediate reply seq=229
[TX] Status seq=229 A=2.508 B=19.136
[TX] Status seq=229 A=4.210 B=28.835
[RX] ForwardPacket from=0x2 target=0xFF cmd=0x0 seq=230
[TX] Immediate reply seq=230
[TX] Status seq=230 A=4.994 B=40.133
[TX] Status seq=230 A=4.440 B=52.775
[RX] ForwardPacket from=0x2 target=0xFF cmd=0x0 seq=231
[TX] Immediate reply seq=231
[TX] Status seq=231 A=2.845 B=66.478
[TX] Status seq=231 A=1.065 B=80.933
[RX] ForwardPacket from=0x2 target=0xFF cmd=0x0 seq=232
[TX] Immediate reply seq=232
[TX] Status seq=232 A=0.055 B=95.817
[TX] Status seq=232 A=0.357 B=110.795
[RX] ForwardPacket from=0x2 target=0xFF cmd=0x0 seq=233
[TX] Immediate reply seq=233
[TX] Status seq=233 A=1.809 B=125.530
[TX] Status seq=233 A=3.632 B=139.692
[RX] ForwardPacket from=0x2 target=0xFF cmd=0x0 seq=234
[TX] Immediate reply seq=234
[TX] Status seq=234 A=4.848 B=152.963
[TX] Status seq=234 A=4.803 B=165.044
[RX] ForwardPacket from=0x2 target=0xFF cmd=0x0 seq=235
[TX] Immediate reply seq=235
[TX] Status seq=235 A=3.523 B=175.664
[TX] Status seq=235 A=1.694 B=184.585
[RX] ForwardPacket from=0x2 target=0xFF cmd=0x0 seq=236
[TX] Immediate reply seq=236
[TX] Status seq=236 A=0.297 B=191.607
[TX] Status seq=236 A=0.082 B=196.571
[RX] ForwardPacket from=0x2 target=0xFF cmd=0x0 seq=237
[TX] Immediate reply seq=237
[TX] Status seq=237 A=1.165 B=199.366
[TX] Status seq=237 A=2.964 B=199.930
[RX] ForwardPacket from=0x2 target=0xFF cmd=0x0 seq=238
[TX] Immediate reply seq=238
[TX] Status seq=238 A=4.514 B=198.250
[TX] Status seq=238 A=4.983 B=194.363
[RX] ForwardPacket from=0x2 target=0xFF cmd=0x0 seq=239
[TX] Immediate reply seq=239
[TX] Status seq=239 A=4.120 B=188.357
[TX] Status seq=239 A=2.387 B=180.367
[RX] ForwardPacket from=0x2 target=0xFF cmd=0x0 seq=240
[TX] Immediate reply seq=240
[TX] Status seq=240 A=0.715 B=170.571
[TX] Status seq=240 A=0.001 B=159.192
[RX] ForwardPacket from=0x2 target=0xFF cmd=0x0 seq=241
[TX] Immediate reply seq=241
[TX] Status seq=241 A=0.628 B=146.482
[TX] Status seq=241 A=2.259 B=132.729
[RX] ForwardPacket from=0x2 target=0xFF cmd=0x0 seq=242
[TX] Immediate reply seq=242
[TX] Status seq=242 A=4.020 B=118.240
[TX] Status seq=242 A=4.965 B=103.342
[RX] ForwardPacket from=0x2 target=0xFF cmd=0x0 seq=243
[TX] Immediate reply seq=243
[TX] Status seq=243 A=4.587 B=88.370
[TX] Status seq=243 A=3.089 B=73.658
[RX] ForwardPacket from=0x2 target=0xFF cmd=0x0 seq=244
[TX] Immediate reply seq=244
[TX] Status seq=244 A=1.275 B=59.538
[TX] Status seq=244 A=0.118 B=46.326
[RX] ForwardPacket from=0x2 target=0xFF cmd=0x0 seq=245
[TX] Immediate reply seq=245
[TX] Status seq=245 A=0.239 B=34.320
[TX] Status seq=245 A=1.574 B=23.789
[RX] ForwardPacket from=0x2 target=0xFF cmd=0x0 seq=246
[TX] Immediate reply seq=246
[TX] Status seq=246 A=3.405 B=14.969
[TX] Status seq=246 A=4.751 B=8.059
[RX] ForwardPacket from=0x2 target=0xFF cmd=0x0 seq=247
[TX] Immediate reply seq=247
[TX] Status seq=247 A=4.889 B=3.214
[TX] Status seq=247 A=3.745 B=0.543
[TX] Status seq=247 A=1.933 B=0.105
[TX] Status seq=247 A=0.425 B=1.910
[RX] ForwardPacket from=0x2 target=0xFF cmd=0x0 seq=249
[TX] Immediate reply seq=249
[TX] Status seq=249 A=0.031 B=5.919
[TX] Status seq=249 A=0.962 B=12.040
[RX] ForwardPacket from=0x2 target=0xFF cmd=0x0 seq=250
[TX] Immediate reply seq=250
[TX] Status seq=250 A=2.718 B=20.137
[TX] Status seq=250 A=4.357 B=30.026
[RX] ForwardPacket from=0x2 target=0xFF cmd=0x0 seq=251
[TX] Immediate reply seq=251
[TX] Status seq=251 A=5.000 B=41.488
[TX] Status seq=251 A=4.301 B=54.264
[RX] ForwardPacket from=0x2 target=0xFF cmd=0x0 seq=252
[TX] Immediate reply seq=252
[TX] Status seq=252 A=2.636 B=68.067
[TX] Status seq=252 A=0.898 B=82.587
[RX] ForwardPacket from=0x2 target=0xFF cmd=0x0 seq=253
[TX] Immediate reply seq=253
[TX] Status seq=253 A=0.020 B=97.497
[TX] Status seq=253 A=0.472 B=112.465
[RX] ForwardPacket from=0x2 target=0xFF cmd=0x0 seq=254
[TX] Immediate reply seq=254
[TX] Status seq=254 A=2.013 B=127.152
[TX] Status seq=254 A=3.815 B=141.230
[RX] ForwardPacket from=0x2 target=0xFF cmd=0x0 seq=255
[TX] Immediate reply seq=255
[TX] Status seq=255 A=4.912 B=154.382
[TX] Status seq=255 A=4.714 B=166.311
[RX] ForwardPacket from=0x2 target=0xFF cmd=0x0 seq=256
[TX] Immediate reply seq=256
[TX] Status seq=256 A=3.328 B=176.753
[TX] Status seq=256 A=1.498 B=185.470
[RX] ForwardPacket from=0x2 target=0xFF cmd=0x0 seq=257
[TX] Immediate reply seq=257
[TX] Status seq=257 A=0.206 B=192.268
[TX] Status seq=257 A=0.145 B=196.994
[RX] ForwardPacket from=0x2 target=0xFF cmd=0x0 seq=258
[TX] Immediate reply seq=258
[TX] Status seq=258 A=1.347 B=199.541
[TX] Status seq=258 A=3.169 B=199.853
[RX] ForwardPacket from=0x2 target=0xFF cmd=0x0 seq=259
[TX] Immediate reply seq=259
[TX] Status seq=259 A=4.631 B=197.923
[TX] Status seq=259 A=4.950 B=193.793
[RX] ForwardPacket from=0x2 target=0xFF cmd=0x0 seq=260
[TX] Immediate reply seq=260
[TX] Status seq=260 A=3.954 B=187.557
[TX] Status seq=260 A=2.178 B=179.355
[RX] ForwardPacket from=0x2 target=0xFF cmd=0x0 seq=261
[TX] Immediate reply seq=261
[TX] Status seq=261 A=0.574 B=169.370
[TX] Status seq=261 A=0.004 B=157.828
[RX] ForwardPacket from=0x2 target=0xFF cmd=0x0 seq=262
[TX] Immediate reply seq=262
[TX] Status seq=262 A=0.774 B=144.987
[TX] Status seq=262 A=2.469 B=131.135
[RX] ForwardPacket from=0x2 target=0xFF cmd=0x0 seq=263
[TX] Immediate reply seq=263
[TX] Status seq=263 A=4.181 B=116.585
[TX] Status seq=263 A=4.991 B=101.662
[RX] ForwardPacket from=0x2 target=0xFF cmd=0x0 seq=264
[TX] Immediate reply seq=264
[TX] Status seq=264 A=4.464 B=86.701
[TX] Status seq=264 A=2.883 B=72.039
[RX] ForwardPacket from=0x2 target=0xFF cmd=0x0 seq=265
[TX] Immediate reply seq=265
[TX] Status seq=265 A=1.096 B=58.005
[TX] Status seq=265 A=0.063 B=44.915
[RX] ForwardPacket from=0x2 target=0xFF cmd=0x0 seq=266
[TX] Immediate reply seq=266
[TX] Status seq=266 A=0.337 B=33.062
[TX] Status seq=266 A=1.772 B=22.711
[RX] ForwardPacket from=0x2 target=0xFF cmd=0x0 seq=267
[TX] Immediate reply seq=267
[TX] Status seq=267 A=3.598 B=14.096
[TX] Status seq=267 A=4.834 B=7.411
[RX] ForwardPacket from=0x2 target=0xFF cmd=0x0 seq=268
[TX] Immediate reply seq=268
[TX] Status seq=268 A=4.818 B=2.805
[TX] Status seq=268 A=3.558 B=0.382
[RX] ForwardPacket from=0x2 target=0xFF cmd=0x0 seq=269
[TX] Immediate reply seq=269
[TX] Status seq=269 A=1.730 B=0.196
[TX] Status seq=269 A=0.316 B=2.251
[RX] ForwardPacket from=0x2 target=0xFF cmd=0x0 seq=270
[TX] Immediate reply seq=270
[TX] Status seq=270 A=0.073 B=6.502
[TX] Status seq=270 A=1.133 B=12.852
[RX] ForwardPacket from=0x2 target=0xFF cmd=0x0 seq=271
[TX] Immediate reply seq=271
[TX] Status seq=271 A=2.926 B=21.159
[TX] Status seq=271 A=4.491 B=31.238
[RX] ForwardPacket from=0x2 target=0xFF cmd=0x0 seq=272
[TX] Immediate reply seq=272
[TX] Status seq=272 A=4.987 B=42.860
[TX] Status seq=272 A=4.149 B=55.766
[RX] ForwardPacket from=0x2 target=0xFF cmd=0x0 seq=273
[TX] Immediate reply seq=273
[TX] Status seq=273 A=2.426 B=69.664
[TX] Status seq=273 A=0.742 B=84.245
[RX] ForwardPacket from=0x2 target=0xFF cmd=0x0 seq=274
[TX] Immediate reply seq=274
[TX] Status seq=274 A=0.002 B=99.179
[TX] Status seq=274 A=0.602 B=114.132
[RX] ForwardPacket from=0x2 target=0xFF cmd=0x0 seq=275
[TX] Immediate reply seq=275
[TX] Status seq=275 A=2.221 B=128.767
[TX] Status seq=275 A=3.989 B=142.755
[RX] ForwardPacket from=0x2 target=0xFF cmd=0x0 seq=276
[TX] Immediate reply seq=276
[TX] Status seq=276 A=4.958 B=155.785
[TX] Status seq=276 A=4.608 B=167.561
[RX] ForwardPacket from=0x2 target=0xFF cmd=0x0 seq=277
[TX] Immediate reply seq=277
[TX] Status seq=277 A=3.127 B=177.820
[TX] Status seq=277 A=1.309 B=186.331
[RX] ForwardPacket from=0x2 target=0xFF cmd=0x0 seq=278
[TX] Immediate reply seq=278
[TX] Status seq=278 A=0.130 B=192.903
[TX] Status seq=278 A=0.223 B=197.389
[RX] ForwardPacket from=0x2 target=0xFF cmd=0x0 seq=279
[TX] Immediate reply seq=279
[TX] Status seq=279 A=1.538 B=199.688
[TX] Status seq=279 A=3.369 B=199.748
[RX] ForwardPacket from=0x2 target=0xFF cmd=0x0 seq=280
[TX] Immediate reply seq=280
[TX] Status seq=280 A=4.734 B=197.568
[TX] Status seq=280 A=4.900 B=193.197
[RX] ForwardPacket from=0x2 target=0xFF cmd=0x0 seq=281
[TX] Immediate reply seq=281
[TX] Status seq=281 A=3.778 B=186.733
[TX] Status seq=281 A=1.971 B=178.320
[RX] ForwardPacket from=0x2 target=0xFF cmd=0x0 seq=282
[TX] Immediate reply seq=282
[TX] Status seq=282 A=0.447 B=168.149
[TX] Status seq=282 A=0.025 B=156.448
[RX] ForwardPacket from=0x2 target=0xFF cmd=0x0 seq=283
[TX] Immediate reply seq=283
[TX] Status seq=283 A=0.931 B=143.479
[TX] Status seq=283 A=2.679 B=129.533
[RX] ForwardPacket from=0x2 target=0xFF cmd=0x0 seq=284
[TX] Immediate reply seq=284
[TX] Status seq=284 A=4.331 B=114.924
[TX] Status seq=284 A=5.000 B=99.980
[RX] ForwardPacket from=0x2 target=0xFF cmd=0x0 seq=285
[TX] Immediate reply seq=285
[TX] Status seq=285 A=4.328 B=85.036
[TX] Status seq=285 A=2.674 B=70.430
[RX] ForwardPacket from=0x2 target=0xFF cmd=0x0 seq=286
[TX] Immediate reply seq=286
[TX] Status seq=286 A=0.928 B=56.486
[TX] Status seq=286 A=0.025 B=43.520
[RX] ForwardPacket from=0x2 target=0xFF cmd=0x0 seq=287
[TX] Immediate reply seq=287
[TX] Status seq=287 A=0.450 B=31.822
[TX] Status seq=287 A=1.975 B=21.655
[RX] ForwardPacket from=0x2 target=0xFF cmd=0x0 seq=288
[TX] Immediate reply seq=288
[TX] Status seq=288 A=3.782 B=13.248
[TX] Status seq=288 A=4.901 B=6.789
[RX] ForwardPacket from=0x2 target=0xFF cmd=0x0 seq=289
[TX] Immediate reply seq=289
[TX] Status seq=289 A=4.731 B=2.423
[TX] Status seq=289 A=3.364 B=0.249
[RX] ForwardPacket from=0x2 target=0xFF cmd=0x0 seq=290
[TX] Immediate reply seq=290
[TX] Status seq=290 A=1.533 B=0.315
[TX] Status seq=290 A=0.221 B=2.620
[RX] ForwardPacket from=0x2 target=0xFF cmd=0x0 seq=291
[TX] Immediate reply seq=291
[TX] Status seq=291 A=0.132 B=7.111
[TX] Status seq=291 A=1.313 B=13.689
[RX] ForwardPacket from=0x2 target=0xFF cmd=0x0 seq=292
[TX] Immediate reply seq=292
[TX] Status seq=292 A=3.132 B=22.205
[TX] Status seq=292 A=4.611 B=32.468
[RX] ForwardPacket from=0x2 target=0xFF cmd=0x0 seq=293
[TX] Immediate reply seq=293
[TX] Status seq=293 A=4.958 B=44.248
[TX] Status seq=293 A=3.985 B=57.280
[RX] ForwardPacket from=0x2 target=0xFF cmd=0x0 seq=294
[TX] Immediate reply seq=294
[TX] Status seq=294 A=2.216 B=71.271
[TX] Status seq=294 A=0.599 B=85.908
[RX] ForwardPacket from=0x2 target=0xFF cmd=0x0 seq=295
[TX] Immediate reply seq=295
[TX] Status seq=295 A=0.002 B=100.861
[TX] Status seq=295 A=0.746 B=115.794
[RX] ForwardPacket from=0x2 target=0xFF cmd=0x0 seq=296
[TX] Immediate reply seq=296
[TX] Status seq=296 A=2.431 B=130.373
[TX] Status seq=296 A=4.153 B=144.270
[RX] ForwardPacket from=0x2 target=0xFF cmd=0x0 seq=297
[TX] Immediate reply seq=297
[TX] Status seq=297 A=4.988 B=157.172
[TX] Status seq=297 A=4.488 B=168.791
[RX] ForwardPacket from=0x2 target=0xFF cmd=0x0 seq=298
[TX] Immediate reply seq=298
[TX] Status seq=298 A=2.921 B=178.864
[TX] Status seq=298 A=1.129 B=187.167
[RX] ForwardPacket from=0x2 target=0xFF cmd=0x0 seq=299
[TX] Immediate reply seq=299
[TX] Status seq=299 A=0.072 B=193.512
[TX] Status seq=299 A=0.318 B=197.757
[RX] ForwardPacket from=0x2 target=0xFF cmd=0x0 seq=300
[TX] Immediate reply seq=300
[TX] Status seq=300 A=1.735 B=199.807
[TX] Status seq=300 A=3.563 B=199.615
[RX] ForwardPacket from=0x2 target=0xFF cmd=0x0 seq=301
[TX] Immediate reply seq=301
[TX] Status seq=301 A=4.820 B=197.186
[TX] Status seq=301 A=4.832 B=192.574
[RX] ForwardPacket from=0x2 target=0xFF cmd=0x0 seq=302
[TX] Immediate reply seq=302
[TX] Status seq=302 A=3.593 B=185.883
[TX] Status seq=302 A=1.767 B=177.264
[RX] ForwardPacket from=0x2 target=0xFF cmd=0x0 seq=303
[TX] Immediate reply seq=303
[TX] Status seq=303 A=0.335 B=166.910
[TX] Status seq=303 A=0.064 B=155.052
[RX] ForwardPacket from=0x2 target=0xFF cmd=0x0 seq=304
[TX] Immediate reply seq=304
[TX] Status seq=304 A=1.100 B=141.959
[TX] Status seq=304 A=2.888 B=127.923
[RX] ForwardPacket from=0x2 target=0xFF cmd=0x0 seq=305
[TX] Immediate reply seq=305
[TX] Status seq=305 A=4.467 B=113.259
[TX] Status seq=305 A=4.991 B=98.299
[RX] ForwardPacket from=0x2 target=0xFF cmd=0x0 seq=306
[TX] Immediate reply seq=306
[TX] Status seq=306 A=4.178 B=83.377
[TX] Status seq=306 A=2.464 B=68.827
[RX] ForwardPacket from=0x2 target=0xFF cmd=0x0 seq=307
[TX] Immediate reply seq=307
[TX] Status seq=307 A=0.770 B=54.978
[TX] Status seq=307 A=0.004 B=42.140
[RX] ForwardPacket from=0x2 target=0xFF cmd=0x0 seq=308
[TX] Immediate reply seq=308
[TX] Status seq=308 A=0.577 B=30.602
[TX] Status seq=308 A=2.182 B=20.621
[RX] ForwardPacket from=0x2 target=0xFF cmd=0x0 seq=309
[TX] Immediate reply seq=309
[TX] Status seq=309 A=3.958 B=12.424
[TX] Status seq=309 A=4.951 B=6.193
[RX] ForwardPacket from=0x2 target=0xFF cmd=0x0 seq=310
[TX] Immediate reply seq=310
[TX] Status seq=310 A=4.629 B=2.069
[TX] Status seq=310 A=3.164 B=0.145
[RX] ForwardPacket from=0x2 target=0xFF cmd=0x0 seq=311
[TX] Immediate reply seq=311
[TX] Status seq=311 A=1.343 B=0.462
[TX] Status seq=311 A=0.143 B=3.016
[RX] ForwardPacket from=0x2 target=0xFF cmd=0x0 seq=312
[TX] Immediate reply seq=312
[TX] Status seq=312 A=0.207 B=7.747
[TX] Status seq=312 A=1.502 B=14.550
[RX] ForwardPacket from=0x2 target=0xFF cmd=0x0 seq=313
[TX] Immediate reply seq=313
[TX] Status seq=313 A=3.332 B=23.272
[TX] Status seq=313 A=4.716 B=33.718
[RX] ForwardPacket from=0x2 target=0xFF cmd=0x0 seq=314
[TX] Immediate reply seq=314
[TX] Status seq=314 A=4.910 B=45.652
[TX] Status seq=314 A=3.811 B=58.806
[RX] ForwardPacket from=0x2 target=0xFF cmd=0x0 seq=315
[TX] Immediate reply seq=315
[TX] Status seq=315 A=2.009 B=72.886
[TX] Status seq=315 A=0.470 B=87.574
[RX] ForwardPacket from=0x2 target=0xFF cmd=0x0 seq=316
[TX] Immediate reply seq=316
[TX] Status seq=316 A=0.020 B=102.541
[TX] Status seq=316 A=0.901 B=117.452
[RX] ForwardPacket from=0x2 target=0xFF cmd=0x0 seq=317
[TX] Immediate reply seq=317
[TX] Status seq=317 A=2.641 B=131.971
[TX] Status seq=317 A=4.304 B=145.771
[RX] ForwardPacket from=0x2 target=0xFF cmd=0x0 seq=318
[TX] Immediate reply seq=318
[TX] Status seq=318 A=5.000 B=158.543
[TX] Status seq=318 A=4.354 B=170.001
[RX] ForwardPacket from=0x2 target=0xFF cmd=0x0 seq=319
[TX] Immediate reply seq=319
[TX] Status seq=319 A=2.713 B=179.887
[TX] Status seq=319 A=0.958 B=187.979
[RX] ForwardPacket from=0x2 target=0xFF cmd=0x0 seq=320
[TX] Immediate reply seq=320
[TX] Status seq=320 A=0.030 B=194.095
[TX] Status seq=320 A=0.428 B=198.097
[RX] ForwardPacket from=0x2 target=0xFF cmd=0x0 seq=321
[TX] Immediate reply seq=321
[TX] Status seq=321 A=1.938 B=199.897
[TX] Status seq=321 A=3.749 B=199.453
[RX] ForwardPacket from=0x2 target=0xFF cmd=0x0 seq=322
[TX] Immediate reply seq=322
[TX] Status seq=322 A=4.890 B=196.776
[TX] Status seq=322 A=4.749 B=191.925
[RX] ForwardPacket from=0x2 target=0xFF cmd=0x0 seq=323
[TX] Immediate reply seq=323
[TX] Status seq=323 A=3.401 B=185.010
[TX] Status seq=323 A=1.569 B=176.186
[RX] ForwardPacket from=0x2 target=0xFF cmd=0x0 seq=324
[TX] Immediate reply seq=324
[TX] Status seq=324 A=0.237 B=165.650
[TX] Status seq=324 A=0.120 B=153.641
[RX] ForwardPacket from=0x2 target=0xFF cmd=0x0 seq=325
[TX] Immediate reply seq=325
[TX] Status seq=325 A=1.279 B=140.426
[TX] Status seq=325 A=3.094 B=126.305
[RX] ForwardPacket from=0x2 target=0xFF cmd=0x0 seq=326
[TX] Immediate reply seq=326
[TX] Status seq=326 A=4.590 B=111.591
[TX] Status seq=326 A=4.964 B=96.618
[RX] ForwardPacket from=0x2 target=0xFF cmd=0x0 seq=327
[TX] Immediate reply seq=327
[TX] Status seq=327 A=4.016 B=81.721
[TX] Status seq=327 A=2.255 B=67.234
[RX] ForwardPacket from=0x2 target=0xFF cmd=0x0 seq=328
[TX] Immediate reply seq=328
[TX] Status seq=328 A=0.625 B=53.483
[TX] Status seq=328 A=0.001 B=40.777
[RX] ForwardPacket from=0x2 target=0xFF cmd=0x0 seq=329
[TX] Immediate reply seq=329
[TX] Status seq=329 A=0.718 B=29.401
[TX] Status seq=329 A=2.392 B=19.610
[RX] ForwardPacket from=0x2 target=0xFF cmd=0x0 seq=330
[TX] Immediate reply seq=330
[TX] Status seq=330 A=4.123 B=11.624
[TX] Status seq=330 A=4.984 B=5.624
[RX] ForwardPacket from=0x2 target=0xFF cmd=0x0 seq=331
[TX] Immediate reply seq=331
[TX] Status seq=331 A=4.511 B=1.743
[TX] Status seq=331 A=2.960 B=0.068
[RX] ForwardPacket from=0x2 target=0xFF cmd=0x0 seq=332
[TX] Immediate reply seq=332
[TX] Status seq=332 A=1.161 B=0.638
[TX] Status seq=332 A=0.081 B=3.439
[RX] ForwardPacket from=0x2 target=0xFF cmd=0x0 seq=333
[TX] Immediate reply seq=333
[TX] Status seq=333 A=0.299 B=8.409
[TX] Status seq=333 A=1.698 B=15.436
[RX] ForwardPacket from=0x2 target=0xFF cmd=0x0 seq=334
[TX] Immediate reply seq=334
[TX] Status seq=334 A=3.527 B=24.362
[TX] Status seq=334 A=4.805 B=34.986
[TX] Status seq=334 A=4.846 B=47.071
[TX] Status seq=334 A=3.628 B=60.344
[RX] ForwardPacket from=0x2 target=0xFF cmd=0x0 seq=336
[TX] Immediate reply seq=336
[TX] Status seq=336 A=1.804 B=74.508
[TX] Status seq=336 A=0.354 B=89.244
[RX] ForwardPacket from=0x2 target=0xFF cmd=0x0 seq=337
[TX] Immediate reply seq=337
[TX] Status seq=337 A=0.056 B=104.222
[TX] Status seq=337 A=1.069 B=119.105
[RX] ForwardPacket from=0x2 target=0xFF cmd=0x0 seq=338
[TX] Immediate reply seq=338
[TX] Status seq=338 A=2.850 B=133.560
[TX] Status seq=338 A=4.443 B=147.259
[RX] ForwardPacket from=0x2 target=0xFF cmd=0x0 seq=339
[TX] Immediate reply seq=339
[TX] Status seq=339 A=4.994 B=159.899
[TX] Status seq=339 A=4.206 B=171.192
[TX] Status seq=339 A=2.503 B=180.888
[TX] Status seq=339 A=0.798 B=188.766
[RX] ForwardPacket from=0x2 target=0xFF cmd=0x0 seq=341
[TX] Immediate reply seq=341
[TX] Status seq=341 A=0.006 B=194.651
[TX] Status seq=341 A=0.553 B=198.410
[RX] ForwardPacket from=0x2 target=0xFF cmd=0x0 seq=342
[TX] Immediate reply seq=342
[TX] Status seq=342 A=2.144 B=199.959
[TX] Status seq=342 A=3.926 B=199.264
[RX] ForwardPacket from=0x2 target=0xFF cmd=0x0 seq=343
[TX] Immediate reply seq=343
[TX] Status seq=343 A=4.943 B=196.339
[TX] Status seq=343 A=4.649 B=191.250
[RX] ForwardPacket from=0x2 target=0xFF cmd=0x0 seq=344
[TX] Immediate reply seq=344
[TX] Status seq=344 A=3.202 B=184.112
[TX] Status seq=344 A=1.378 B=175.086
[RX] ForwardPacket from=0x2 target=0xFF cmd=0x0 seq=345
[TX] Immediate reply seq=345
[TX] Status seq=345 A=0.156 B=164.373
[TX] Status seq=345 A=0.192 B=152.214
[RX] ForwardPacket from=0x2 target=0xFF cmd=0x0 seq=346
[TX] Immediate reply seq=346
[TX] Status seq=346 A=1.467 B=138.883
[TX] Status seq=346 A=3.296 B=124.678
[RX] ForwardPacket from=0x2 target=0xFF cmd=0x0 seq=347
[TX] Immediate reply seq=347
[TX] Status seq=347 A=4.698 B=109.919
[TX] Status seq=347 A=4.920 B=94.938
[RX] ForwardPacket from=0x2 target=0xFF cmd=0x0 seq=348
[TX] Immediate reply seq=348
[TX] Status seq=348 A=3.844 B=80.070
[TX] Status seq=348 A=2.047 B=65.650
[RX] ForwardPacket from=0x2 target=0xFF cmd=0x0 seq=349
[TX] Immediate reply seq=349
[TX] Status seq=349 A=0.492 B=52.001
[TX] Status seq=349 A=0.016 B=39.430
[RX] ForwardPacket from=0x2 target=0xFF cmd=0x0 seq=350
[TX] Immediate reply seq=350
[TX] Status seq=350 A=0.872 B=28.220
[TX] Status seq=350 A=2.602 B=18.621
[RX] ForwardPacket from=0x2 target=0xFF cmd=0x0 seq=351
[TX] Immediate reply seq=351
[TX] Status seq=351 A=4.277 B=10.850
[TX] Status seq=351 A=4.999 B=5.081
[RX] ForwardPacket from=0x2 target=0xFF cmd=0x0 seq=352
[TX] Immediate reply seq=352
[TX] Status seq=352 A=4.380 B=1.444
[TX] Status seq=352 A=2.752 B=0.020
[RX] ForwardPacket from=0x2 target=0xFF cmd=0x0 seq=353
[TX] Immediate reply seq=353
[TX] Status seq=353 A=0.989 B=0.842
[TX] Status seq=353 A=0.037 B=3.890
[RX] ForwardPacket from=0x2 target=0xFF cmd=0x0 seq=354
[TX] Immediate reply seq=354
[TX] Status seq=354 A=0.407 B=9.097
[TX] Status seq=354 A=1.900 B=16.345
[RX] ForwardPacket from=0x2 target=0xFF cmd=0x0 seq=355
[TX] Immediate reply seq=355
[TX] Status seq=355 A=3.715 B=25.472
[TX] Status seq=355 A=4.878 B=36.273
[RX] ForwardPacket from=0x2 target=0xFF cmd=0x0 seq=356
[TX] Immediate reply seq=356
[TX] Status seq=356 A=4.765 B=48.505
[TX] Status seq=356 A=3.437 B=61.893
[RX] ForwardPacket from=0x2 target=0xFF cmd=0x0 seq=357
[TX] Immediate reply seq=357
[TX] Status seq=357 A=1.605 B=76.137
[TX] Status seq=357 A=0.254 B=90.918
[RX] ForwardPacket from=0x2 target=0xFF cmd=0x0 seq=358
[TX] Immediate reply seq=358
[TX] Status seq=358 A=0.108 B=105.902
[TX] Status seq=358 A=1.246 B=120.753
[RX] ForwardPacket from=0x2 target=0xFF cmd=0x0 seq=359
[TX] Immediate reply seq=359
[TX] Status seq=359 A=3.056 B=135.138
[TX] Status seq=359 A=4.568 B=148.735
[RX] ForwardPacket from=0x2 target=0xFF cmd=0x0 seq=360
[TX] Immediate reply seq=360
[TX] Status seq=360 A=4.971 B=161.237
[TX] Status seq=360 A=4.047 B=172.363
[RX] ForwardPacket from=0x2 target=0xFF cmd=0x0 seq=361
[TX] Immediate reply seq=361
[TX] Status seq=361 A=2.293 B=181.864
[TX] Status seq=361 A=0.650 B=189.527
[RX] ForwardPacket from=0x2 target=0xFF cmd=0x0 seq=362
[TX] Immediate reply seq=362
[TX] Status seq=362 A=0.000 B=195.180
[TX] Status seq=362 A=0.691 B=198.695
[RX] ForwardPacket from=0x2 target=0xFF cmd=0x0 seq=363
[TX] Immediate reply seq=363
[TX] Status seq=363 A=2.353 B=199.993
[TX] Status seq=363 A=4.094 B=199.046
[RX] ForwardPacket from=0x2 target=0xFF cmd=0x0 seq=364
[TX] Immediate reply seq=364
[TX] Status seq=364 A=4.979 B=195.874
[TX] Status seq=364 A=4.534 B=190.549
[RX] ForwardPacket from=0x2 target=0xFF cmd=0x0 seq=365
[TX] Immediate reply seq=365
[TX] Status seq=365 A=2.998 B=183.191
[TX] Status seq=365 A=1.194 B=173.964
[RX] ForwardPacket from=0x2 target=0xFF cmd=0x0 seq=366
[TX] Immediate reply seq=366
[TX] Status seq=366 A=0.091 B=163.077
[TX] Status seq=366 A=0.281 B=150.773
[RX] ForwardPacket from=0x2 target=0xFF cmd=0x0 seq=367
[TX] Immediate reply seq=367
[TX] Status seq=367 A=1.662 B=137.328
[TX] Status seq=367 A=3.492 B=123.045
[RX] ForwardPacket from=0x2 target=0xFF cmd=0x0 seq=368
[TX] Immediate reply seq=368
[TX] Status seq=368 A=4.790 B=108.245
[TX] Status seq=368 A=4.859 B=93.260
[RX] ForwardPacket from=0x2 target=0xFF cmd=0x0 seq=369
[TX] Immediate reply seq=369
[TX] Status seq=369 A=3.662 B=78.425
[TX] Status seq=369 A=1.842 B=64.076
[RX] ForwardPacket from=0x2 target=0xFF cmd=0x0 seq=370
[TX] Immediate reply seq=370
[TX] Status seq=370 A=0.374 B=50.533
[TX] Status seq=370 A=0.048 B=38.101
[RX] ForwardPacket from=0x2 target=0xFF cmd=0x0 seq=371
[TX] Immediate reply seq=371
[TX] Status seq=371 A=1.037 B=27.059
[TX] Status seq=371 A=2.811 B=17.656
[RX] ForwardPacket from=0x2 target=0xFF cmd=0x0 seq=372
[TX] Immediate reply seq=372
[TX] Status seq=372 A=4.419 B=10.101
[TX] Status seq=372 A=4.996 B=4.566
[RX] ForwardPacket from=0x2 target=0xFF cmd=0x0 seq=373
[TX] Immediate reply seq=373
[TX] Status seq=373 A=4.234 B=1.173
[TX] Status seq=373 A=2.542 B=0.001
[RX] ForwardPacket from=0x2 target=0xFF cmd=0x0 seq=374
[TX] Immediate reply seq=374
[TX] Status seq=374 A=0.827 B=1.074
[TX] Status seq=374 A=0.010 B=4.368
[RX] ForwardPacket from=0x2 target=0xFF cmd=0x0 seq=375
[TX] Immediate reply seq=375
[TX] Status seq=375 A=0.529 B=9.811
[TX] Status seq=375 A=2.106 B=17.279
[RX] ForwardPacket from=0x2 target=0xFF cmd=0x0 seq=376
[TX] Immediate reply seq=376
[TX] Status seq=376 A=3.894 B=26.604
[TX] Status seq=376 A=4.935 B=37.578
[RX] ForwardPacket from=0x2 target=0xFF cmd=0x0 seq=377
[TX] Immediate reply seq=377
[TX] Status seq=377 A=4.668 B=49.953
[TX] Status seq=377 A=3.239 B=63.453
[RX] ForwardPacket from=0x2 target=0xFF cmd=0x0 seq=378
[TX] Immediate reply seq=378
[TX] Status seq=378 A=1.412 B=77.774
[TX] Status seq=378 A=0.170 B=92.593
[RX] ForwardPacket from=0x2 target=0xFF cmd=0x0 seq=379
[TX] Immediate reply seq=379
[TX] Status seq=379 A=0.178 B=107.579
[TX] Status seq=379 A=1.432 B=122.395
[RX] ForwardPacket from=0x2 target=0xFF cmd=0x0 seq=380
[TX] Immediate reply seq=380
[TX] Status seq=380 A=3.259 B=136.708
[TX] Status seq=380 A=4.679 B=150.196
[RX] ForwardPacket from=0x2 target=0xFF cmd=0x0 seq=381
[TX] Immediate reply seq=381
[TX] Status seq=381 A=4.930 B=162.557
[TX] Status seq=381 A=3.877 B=173.513
[RX] ForwardPacket from=0x2 target=0xFF cmd=0x0 seq=382
[TX] Immediate reply seq=382
[TX] Status seq=382 A=2.085 B=182.819
[TX] Status seq=382 A=0.516 B=190.264
[RX] ForwardPacket from=0x2 target=0xFF cmd=0x0 seq=383
[TX] Immediate reply seq=383
[TX] Status seq=383 A=0.012 B=195.682
[TX] Status seq=383 A=0.843 B=198.952
[RX] ForwardPacket from=0x2 target=0xFF cmd=0x0 seq=384
[TX] Immediate reply seq=384
[TX] Status seq=384 A=2.563 B=199.999
[TX] Status seq=384 A=4.250 B=198.800
[RX] ForwardPacket from=0x2 target=0xFF cmd=0x0 seq=385
[TX] Immediate reply seq=385
[TX] Status seq=385 A=4.997 B=195.383
[TX] Status seq=385 A=4.405 B=189.823
[RX] ForwardPacket from=0x2 target=0xFF cmd=0x0 seq=386
[TX] Immediate reply seq=386
[TX] Status seq=386 A=2.790 B=182.247
[TX] Status seq=386 A=1.020 B=172.823
[RX] ForwardPacket from=0x2 target=0xFF cmd=0x0 seq=387
[TX] Immediate reply seq=387
[TX] Status seq=387 A=0.044 B=161.763
[TX] Status seq=387 A=0.386 B=149.317
[RX] ForwardPacket from=0x2 target=0xFF cmd=0x0 seq=388
[TX] Immediate reply seq=388
[TX] Status seq=388 A=1.862 B=135.763
[TX] Status seq=388 A=3.681 B=121.406
[RX] ForwardPacket from=0x2 target=0xFF cmd=0x0 seq=389
[TX] Immediate reply seq=389
[TX] Status seq=389 A=4.866 B=106.568
[TX] Status seq=389 A=4.781 B=91.583
[RX] ForwardPacket from=0x2 target=0xFF cmd=0x0 seq=390
[TX] Immediate reply seq=390
[TX] Status seq=390 A=3.472 B=76.786
[TX] Status seq=390 A=1.642 B=62.511
[RX] ForwardPacket from=0x2 target=0xFF cmd=0x0 seq=391
[TX] Immediate reply seq=391
[TX] Status seq=391 A=0.271 B=49.079
[TX] Status seq=391 A=0.097 B=36.789
[RX] ForwardPacket from=0x2 target=0xFF cmd=0x0 seq=392
[TX] Immediate reply seq=392
[TX] Status seq=392 A=1.212 B=25.919
[TX] Status seq=392 A=3.018 B=16.713
[RX] ForwardPacket from=0x2 target=0xFF cmd=0x0 seq=393
[TX] Immediate reply seq=393
[TX] Status seq=393 A=4.546 B=9.377
[TX] Status seq=393 A=4.976 B=4.077
[RX] ForwardPacket from=0x2 target=0xFF cmd=0x0 seq=394
[TX] Immediate reply seq=394
[TX] Status seq=394 A=4.077 B=0.931
[TX] Status seq=394 A=2.332 B=0.009
[RX] ForwardPacket from=0x2 target=0xFF cmd=0x0 seq=395
[TX] Immediate reply seq=395
[TX] Status seq=395 A=0.677 B=1.333
[TX] Status seq=395 A=0.000 B=4.873
[RX] ForwardPacket from=0x2 target=0xFF cmd=0x0 seq=396
[TX] Immediate reply seq=396
[TX] Status seq=396 A=0.665 B=10.549
[TX] Status seq=396 A=2.314 B=18.235
[RX] ForwardPacket from=0x2 target=0xFF cmd=0x0 seq=397
[TX] Immediate reply seq=397
[TX] Status seq=397 A=4.064 B=27.756
[TX] Status seq=397 A=4.974 B=38.900
[RX] ForwardPacket from=0x2 target=0xFF cmd=0x0 seq=398
[TX] Immediate reply seq=398
[TX] Status seq=398 A=4.556 B=51.417
[TX] Status seq=398 A=3.035 B=65.023
[RX] ForwardPacket from=0x2 target=0xFF cmd=0x0 seq=399
[TX] Immediate reply seq=399
[TX] Status seq=399 A=1.227 B=79.416
[TX] Status seq=399 A=0.102 B=94.271
[RX] ForwardPacket from=0x2 target=0xFF cmd=0x0 seq=400
[TX] Immediate reply seq=400
[TX] Status seq=400 A=0.264 B=109.255
[TX] Status seq=400 A=1.625 B=124.031
[RX] ForwardPacket from=0x2 target=0xFF cmd=0x0 seq=401
[TX] Immediate reply seq=401
[TX] Status seq=401 A=3.456 B=138.266
[TX] Status seq=401 A=4.774 B=151.643
[RX] ForwardPacket from=0x2 target=0xFF cmd=0x0 seq=402
[TX] Immediate reply seq=402
[TX] Status seq=402 A=4.872 B=163.860
[TX] Status seq=402 A=3.696 B=174.643
[RX] ForwardPacket from=0x2 target=0xFF cmd=0x0 seq=403
[TX] Immediate reply seq=403
[TX] Status seq=403 A=1.879 B=183.749
[TX] Status seq=403 A=0.395 B=190.975
[RX] ForwardPacket from=0x2 target=0xFF cmd=0x0 seq=404
[TX] Immediate reply seq=404
[TX] Status seq=404 A=0.040 B=196.157
[TX] Status seq=404 A=1.006 B=199.180
[RX] ForwardPacket from=0x2 target=0xFF cmd=0x0 seq=405
[TX] Immediate reply seq=405
[TX] Status seq=405 A=2.773 B=199.976
[TX] Status seq=405 A=4.394 B=198.526
[RX] ForwardPacket from=0x2 target=0xFF cmd=0x0 seq=406
[TX] Immediate reply seq=406
[TX] Status seq=406 A=4.998 B=194.864
[TX] Status seq=406 A=4.262 B=189.071
[RX] ForwardPacket from=0x2 target=0xFF cmd=0x0 seq=407
[TX] Immediate reply seq=407
[TX] Status seq=407 A=2.581 B=181.278
[TX] Status seq=407 A=0.856 B=171.660
[RX] ForwardPacket from=0x2 target=0xFF cmd=0x0 seq=408
[TX] Immediate reply seq=408
[TX] Status seq=408 A=0.013 B=160.432
[TX] Status seq=408 A=0.505 B=147.847
[RX] ForwardPacket from=0x2 target=0xFF cmd=0x0 seq=409
[TX] Immediate reply seq=409
[TX] Status seq=409 A=2.068 B=134.188
[TX] Status seq=409 A=3.862 B=119.760
[RX] ForwardPacket from=0x2 target=0xFF cmd=0x0 seq=410
[TX] Immediate reply seq=410
[TX] Status seq=410 A=4.926 B=104.889
[TX] Status seq=410 A=4.687 B=89.908
[RX] ForwardPacket from=0x2 target=0xFF cmd=0x0 seq=411
[TX] Immediate reply seq=411
[TX] Status seq=411 A=3.276 B=75.155
[TX] Status seq=411 A=1.447 B=60.958
[RX] ForwardPacket from=0x2 target=0xFF cmd=0x0 seq=412
[TX] Immediate reply seq=412
[TX] Status seq=412 A=0.184 B=47.639
[TX] Status seq=412 A=0.164 B=35.495
[RX] ForwardPacket from=0x2 target=0xFF cmd=0x0 seq=413
[TX] Immediate reply seq=413
[TX] Status seq=413 A=1.397 B=24.800
[TX] Status seq=413 A=3.222 B=15.794
[RX] ForwardPacket from=0x2 target=0xFF cmd=0x0 seq=414
[TX] Immediate reply seq=414
[TX] Status seq=414 A=4.660 B=8.679
[TX] Status seq=414 A=4.939 B=3.615
[RX] ForwardPacket from=0x2 target=0xFF cmd=0x0 seq=415
[TX] Immediate reply seq=415
[TX] Status seq=415 A=3.909 B=0.716
[TX] Status seq=415 A=2.123 B=0.046
[RX] ForwardPacket from=0x2 target=0xFF cmd=0x0 seq=416
[TX] Immediate reply seq=416
[TX] Status seq=416 A=0.540 B=1.621
[TX] Status seq=416 A=0.008 B=5.405
[RX] ForwardPacket from=0x2 target=0xFF cmd=0x0 seq=417
[TX] Immediate reply seq=417
[TX] Status seq=417 A=0.814 B=11.314
[TX] Status seq=417 A=2.525 B=19.214
[RX] ForwardPacket from=0x2 target=0xFF cmd=0x0 seq=418
[TX] Immediate reply seq=418
[TX] Status seq=418 A=4.222 B=28.929
[TX] Status seq=418 A=4.995 B=40.240
[RX] ForwardPacket from=0x2 target=0xFF cmd=0x0 seq=419
[TX] Immediate reply seq=419
[TX] Status seq=419 A=4.430 B=52.893
[TX] Status seq=419 A=2.829 B=66.604
[RX] ForwardPacket from=0x2 target=0xFF cmd=0x0 seq=420
[TX] Immediate reply seq=420
[TX] Status seq=420 A=1.051 B=81.065
[TX] Status seq=420 A=0.051 B=95.951
[RX] ForwardPacket from=0x2 target=0xFF cmd=0x0 seq=421
[TX] Immediate reply seq=421
[TX] Status seq=421 A=0.365 B=110.927
[TX] Status seq=421 A=1.825 B=125.659
[RX] ForwardPacket from=0x2 target=0xFF cmd=0x0 seq=422
[TX] Immediate reply seq=422
[TX] Status seq=422 A=3.647 B=139.814
[TX] Status seq=422 A=4.853 B=153.076
[RX] ForwardPacket from=0x2 target=0xFF cmd=0x0 seq=423
[TX] Immediate reply seq=423
[TX] Status seq=423 A=4.797 B=165.145
[TX] Status seq=423 A=3.508 B=175.751
[RX] ForwardPacket from=0x2 target=0xFF cmd=0x0 seq=424
[TX] Immediate reply seq=424
[TX] Status seq=424 A=1.678 B=184.656
[TX] Status seq=424 A=0.289 B=191.660
[RX] ForwardPacket from=0x2 target=0xFF cmd=0x0 seq=425
[TX] Immediate reply seq=425
[TX] Status seq=425 A=0.087 B=196.605
[TX] Status seq=425 A=1.179 B=199.381
[RX] ForwardPacket from=0x2 target=0xFF cmd=0x0 seq=426
[TX] Immediate reply seq=426
[TX] Status seq=426 A=2.981 B=199.925
[TX] Status seq=426 A=4.524 B=198.225
[RX] ForwardPacket from=0x2 target=0xFF cmd=0x0 seq=427
[TX] Immediate reply seq=427
[TX] Status seq=427 A=4.981 B=194.319
[TX] Status seq=427 A=4.107 B=188.294
[RX] ForwardPacket from=0x2 target=0xFF cmd=0x0 seq=428
[TX] Immediate reply seq=428
[TX] Status seq=428 A=2.370 B=180.287
[TX] Status seq=428 A=0.703 B=170.477
[RX] ForwardPacket from=0x2 target=0xFF cmd=0x0 seq=429
[TX] Immediate reply seq=429
[TX] Status seq=429 A=0.000 B=159.084
[TX] Status seq=429 A=0.639 B=146.364
[RX] ForwardPacket from=0x2 target=0xFF cmd=0x0 seq=430
[TX] Immediate reply seq=430
[TX] Status seq=430 A=2.276 B=132.603
[TX] Status seq=430 A=4.033 B=118.109
[RX] ForwardPacket from=0x2 target=0xFF cmd=0x0 seq=431
[TX] Immediate reply seq=431
[TX] Status seq=431 A=4.968 B=103.210
[TX] Status seq=431 A=4.578 B=88.237
[TX] Status seq=431 A=3.073 B=73.529
[TX] Status seq=431 A=1.261 B=59.416
[RX] ForwardPacket from=0x2 target=0xFF cmd=0x0 seq=433
[TX] Immediate reply seq=433
[TX] Status seq=433 A=0.113 B=46.213
[TX] Status seq=433 A=0.247 B=34.220
[RX] ForwardPacket from=0x2 target=0xFF cmd=0x0 seq=434
[TX] Immediate reply seq=434
[TX] Status seq=434 A=1.589 B=23.703
[TX] Status seq=434 A=3.420 B=14.899
[RX] ForwardPacket from=0x2 target=0xFF cmd=0x0 seq=435
[TX] Immediate reply seq=435
[TX] Status seq=435 A=4.758 B=8.007
[TX] Status seq=435 A=4.884 B=3.181
[RX] ForwardPacket from=0x2 target=0xFF cmd=0x0 seq=436
[TX] Immediate reply seq=436
[TX] Status seq=436 A=3.730 B=0.529
[TX] Status seq=436 A=1.917 B=0.111
[RX] ForwardPacket from=0x2 target=0xFF cmd=0x0 seq=437
[TX] Immediate reply seq=437
[TX] Status seq=437 A=0.416 B=1.936
[TX] Status seq=437 A=0.034 B=5.964
[RX] ForwardPacket from=0x2 target=0xFF cmd=0x0 seq=438
[TX] Immediate reply seq=438
[TX] Status seq=438 A=0.975 B=12.103
[TX] Status seq=438 A=2.734 B=20.217
[RX] ForwardPacket from=0x2 target=0xFF cmd=0x0 seq=439
[TX] Immediate reply seq=439
[TX] Status seq=439 A=4.368 B=30.122
[TX] Status seq=439 A=4.999 B=41.597
[RX] ForwardPacket from=0x2 target=0xFF cmd=0x0 seq=440
[TX] Immediate reply seq=440
[TX] Status seq=440 A=4.289 B=54.383
[TX] Status seq=440 A=2.619 B=68.193
[RX] ForwardPacket from=0x2 target=0xFF cmd=0x0 seq=441
[TX] Immediate reply seq=441
[TX] Status seq=441 A=0.885 B=82.718
[TX] Status seq=441 A=0.018 B=97.631
[RX] ForwardPacket from=0x2 target=0xFF cmd=0x0 seq=442
[TX] Immediate reply seq=442
[TX] Status seq=442 A=0.482 B=112.598
[TX] Status seq=442 A=2.030 B=127.281
[RX] ForwardPacket from=0x2 target=0xFF cmd=0x0 seq=443
[TX] Immediate reply seq=443
[TX] Status seq=443 A=3.829 B=141.351
[TX] Status seq=443 A=4.916 B=154.494
[RX] ForwardPacket from=0x2 target=0xFF cmd=0x0 seq=444
[TX] Immediate reply seq=444
[TX] Status seq=444 A=4.706 B=166.411
[TX] Status seq=444 A=3.312 B=176.839
[RX] ForwardPacket from=0x2 target=0xFF cmd=0x0 seq=445
[TX] Immediate reply seq=445
[TX] Status seq=445 A=1.483 B=185.539
[TX] Status seq=445 A=0.199 B=192.319
[RX] ForwardPacket from=0x2 target=0xFF cmd=0x0 seq=446
[TX] Immediate reply seq=446
[TX] Status seq=446 A=0.150 B=197.026
[TX] Status seq=446 A=1.362 B=199.554
[RX] ForwardPacket from=0x2 target=0xFF cmd=0x0 seq=447
[TX] Immediate reply seq=447
[TX] Status seq=447 A=3.185 B=199.846
[TX] Status seq=447 A=4.640 B=197.896
[RX] ForwardPacket from=0x2 target=0xFF cmd=0x0 seq=448
[TX] Immediate reply seq=448
[TX] Status seq=448 A=4.947 B=193.747
[TX] Status seq=448 A=3.941 B=187.492
[RX] ForwardPacket from=0x2 target=0xFF cmd=0x0 seq=449
[TX] Immediate reply seq=449
[TX] Status seq=449 A=2.161 B=179.274
[TX] Status seq=449 A=0.564 B=169.274
[RX] ForwardPacket from=0x2 target=0xFF cmd=0x0 seq=450
[TX] Immediate reply seq=450
[TX] Status seq=450 A=0.005 B=157.719
[TX] Status seq=450 A=0.786 B=144.868
[RX] ForwardPacket from=0x2 target=0xFF cmd=0x0 seq=451
[TX] Immediate reply seq=451
[TX] Status seq=451 A=2.486 B=131.008
[TX] Status seq=451 A=4.194 B=116.453
[RX] ForwardPacket from=0x2 target=0xFF cmd=0x0 seq=452
[TX] Immediate reply seq=452
[TX] Status seq=452 A=4.993 B=101.528
[TX] Status seq=452 A=4.454 B=86.569
[RX] ForwardPacket from=0x2 target=0xFF cmd=0x0 seq=453
[TX] Immediate reply seq=453
[TX] Status seq=453 A=2.867 B=71.912
[TX] Status seq=453 A=1.083 B=57.884
[RX] ForwardPacket from=0x2 target=0xFF cmd=0x0 seq=454
[TX] Immediate reply seq=454
[TX] Status seq=454 A=0.059 B=44.804
[TX] Status seq=454 A=0.345 B=32.962
[RX] ForwardPacket from=0x2 target=0xFF cmd=0x0 seq=455
[TX] Immediate reply seq=455
[TX] Status seq=455 A=1.788 B=22.626
[TX] Status seq=455 A=3.612 B=14.029
[RX] ForwardPacket from=0x2 target=0xFF cmd=0x0 seq=456
[TX] Immediate reply seq=456
[TX] Status seq=456 A=4.840 B=7.361
[TX] Status seq=456 A=4.812 B=2.774
[RX] ForwardPacket from=0x2 target=0xFF cmd=0x0 seq=457
[TX] Immediate reply seq=457
[TX] Status seq=457 A=3.543 B=0.370
[TX] Status seq=457 A=1.715 B=0.204
[RX] ForwardPacket from=0x2 target=0xFF cmd=0x0 seq=458
[TX] Immediate reply seq=458
[TX] Status seq=458 A=0.308 B=2.279
[TX] Status seq=458 A=0.077 B=6.549
[RX] ForwardPacket from=0x2 target=0xFF cmd=0x0 seq=459
[TX] Immediate reply seq=459
[TX] Status seq=459 A=1.147 B=12.917
[TX] Status seq=459 A=2.943 B=21.242
[RX] ForwardPacket from=0x2 target=0xFF cmd=0x0 seq=460
[TX] Immediate reply seq=460
[TX] Status seq=460 A=4.501 B=31.335
[TX] Status seq=460 A=4.986 B=42.969
[RX] ForwardPacket from=0x2 target=0xFF cmd=0x0 seq=461
[TX] Immediate reply seq=461
[TX] Status seq=461 A=4.136 B=55.886
[TX] Status seq=461 A=2.409 B=69.792
[RX] ForwardPacket from=0x2 target=0xFF cmd=0x0 seq=462
[TX] Immediate reply seq=462
[TX] Status seq=462 A=0.731 B=84.377
[TX] Status seq=462 A=0.001 B=99.312
[RX] ForwardPacket from=0x2 target=0xFF cmd=0x0 seq=463
[TX] Immediate reply seq=463
[TX] Status seq=463 A=0.613 B=114.263
[TX] Status seq=463 A=2.237 B=128.895
[RX] ForwardPacket from=0x2 target=0xFF cmd=0x0 seq=464
[TX] Immediate reply seq=464
[TX] Status seq=464 A=4.003 B=142.876
[TX] Status seq=464 A=4.961 B=155.896
[RX] ForwardPacket from=0x2 target=0xFF cmd=0x0 seq=465
[TX] Immediate reply seq=465
[TX] Status seq=465 A=4.599 B=167.659
[TX] Status seq=465 A=3.111 B=177.903
[RX] ForwardPacket from=0x2 target=0xFF cmd=0x0 seq=466
[TX] Immediate reply seq=466
[TX] Status seq=466 A=1.294 B=186.398
[TX] Status seq=466 A=0.125 B=192.952
[RX] ForwardPacket from=0x2 target=0xFF cmd=0x0 seq=467
[TX] Immediate reply seq=467
[TX] Status seq=467 A=0.230 B=197.420
[TX] Status seq=467 A=1.553 B=199.699
[RX] ForwardPacket from=0x2 target=0xFF cmd=0x0 seq=468
[TX] Immediate reply seq=468
[TX] Status seq=468 A=3.384 B=199.739
[TX] Status seq=468 A=4.741 B=197.539
[RX] ForwardPacket from=0x2 target=0xFF cmd=0x0 seq=469
[TX] Immediate reply seq=469
[TX] Status seq=469 A=4.895 B=193.148
[TX] Status seq=469 A=3.764 B=186.666
[RX] ForwardPacket from=0x2 target=0xFF cmd=0x0 seq=470
[TX] Immediate reply seq=470
[TX] Status seq=470 A=1.954 B=178.237
[TX] Status seq=470 A=0.438 B=168.052
[RX] ForwardPacket from=0x2 target=0xFF cmd=0x0 seq=471
[TX] Immediate reply seq=471
[TX] Status seq=471 A=0.028 B=156.338
[TX] Status seq=471 A=0.944 B=143.359
[RX] ForwardPacket from=0x2 target=0xFF cmd=0x0 seq=472
[TX] Immediate reply seq=472
[TX] Status seq=472 A=2.696 B=129.405
[TX] Status seq=472 A=4.342 B=114.792
[RX] ForwardPacket from=0x2 target=0xFF cmd=0x0 seq=473
[TX] Immediate reply seq=473
[TX] Status seq=473 A=5.000 B=99.847
[TX] Status seq=473 A=4.316 B=84.904
[RX] ForwardPacket from=0x2 target=0xFF cmd=0x0 seq=474
[TX] Immediate reply seq=474
[TX] Status seq=474 A=2.658 B=70.302
[TX] Status seq=474 A=0.915 B=56.365
[RX] ForwardPacket from=0x2 target=0xFF cmd=0x0 seq=475
[TX] Immediate reply seq=475
[TX] Status seq=475 A=0.022 B=43.409
[TX] Status seq=475 A=0.460 B=31.725
[RX] ForwardPacket from=0x2 target=0xFF cmd=0x0 seq=476
[TX] Immediate reply seq=476
[TX] Status seq=476 A=1.992 B=21.572
[TX] Status seq=476 A=3.796 B=13.182
[RX] ForwardPacket from=0x2 target=0xFF cmd=0x0 seq=477
[TX] Immediate reply seq=477
[TX] Status seq=477 A=4.906 B=6.740
[TX] Status seq=477 A=4.724 B=2.394
[RX] ForwardPacket from=0x2 target=0xFF cmd=0x0 seq=478
[TX] Immediate reply seq=478
[TX] Status seq=478 A=3.349 B=0.240
[TX] Status seq=478 A=1.518 B=0.326
[RX] ForwardPacket from=0x2 target=0xFF cmd=0x0 seq=479
[TX] Immediate reply seq=479
[TX] Status seq=479 A=0.214 B=2.650
[TX] Status seq=479 A=0.137 B=7.161
[RX] ForwardPacket from=0x2 target=0xFF cmd=0x0 seq=480
[TX] Immediate reply seq=480
[TX] Status seq=480 A=1.328 B=13.756
[TX] Status seq=480 A=3.148 B=22.289
[RX] ForwardPacket from=0x2 target=0xFF cmd=0x0 seq=481
[TX] Immediate reply seq=481
[TX] Status seq=481 A=4.620 B=32.567
[TX] Status seq=481 A=4.954 B=44.359
[RX] ForwardPacket from=0x2 target=0xFF cmd=0x0 seq=482
[TX] Immediate reply seq=482
[TX] Status seq=482 A=3.972 B=57.401
[TX] Status seq=482 A=2.200 B=71.399
[RX] ForwardPacket from=0x2 target=0xFF cmd=0x0 seq=483
[TX] Immediate reply seq=483
[TX] Status seq=483 A=0.588 B=86.039
[TX] Status seq=483 A=0.003 B=100.994
[RX] ForwardPacket from=0x2 target=0xFF cmd=0x0 seq=484
[TX] Immediate reply seq=484
[TX] Status seq=484 A=0.758 B=115.926
[TX] Status seq=484 A=2.447 B=130.501
[RX] ForwardPacket from=0x2 target=0xFF cmd=0x0 seq=485
[TX] Immediate reply seq=485
[TX] Status seq=485 A=4.165 B=144.389
[TX] Status seq=485 A=4.989 B=157.281
[RX] ForwardPacket from=0x2 target=0xFF cmd=0x0 seq=486
[TX] Immediate reply seq=486
[TX] Status seq=486 A=4.478 B=168.888
[TX] Status seq=486 A=2.905 B=178.946
[RX] ForwardPacket from=0x2 target=0xFF cmd=0x0 seq=487
[TX] Immediate reply seq=487
[TX] Status seq=487 A=1.115 B=187.233
[TX] Status seq=487 A=0.068 B=193.559
[RX] ForwardPacket from=0x2 target=0xFF cmd=0x0 seq=488
[TX] Immediate reply seq=488
[TX] Status seq=488 A=0.326 B=197.785
[TX] Status seq=488 A=1.751 B=199.815
[RX] ForwardPacket from=0x2 target=0xFF cmd=0x0 seq=489
[TX] Immediate reply seq=489
[TX] Status seq=489 A=3.578 B=199.603
[TX] Status seq=489 A=4.826 B=197.154
[RX] ForwardPacket from=0x2 target=0xFF cmd=0x0 seq=490
[TX] Immediate reply seq=490
[TX] Status seq=490 A=4.826 B=192.523
[TX] Status seq=490 A=3.578 B=185.815
[RX] ForwardPacket from=0x2 target=0xFF cmd=0x0 seq=491
[TX] Immediate reply seq=491
[TX] Status seq=491 A=1.752 B=177.179
[TX] Status seq=491 A=0.326 B=166.810
[RX] ForwardPacket from=0x2 target=0xFF cmd=0x0 seq=492
[TX] Immediate reply seq=492
[TX] Status seq=492 A=0.068 B=154.940
[TX] Status seq=492 A=1.114 B=141.837
[RX] ForwardPacket from=0x2 target=0xFF cmd=0x0 seq=493
[TX] Immediate reply seq=493
[TX] Status seq=493 A=2.904 B=127.795
[TX] Status seq=493 A=4.478 B=113.127
[RX] ForwardPacket from=0x2 target=0xFF cmd=0x0 seq=494
[TX] Immediate reply seq=494
[TX] Status seq=494 A=4.990 B=98.166
[TX] Status seq=494 A=4.166 B=83.244
[RX] ForwardPacket from=0x2 target=0xFF cmd=0x0 seq=495
[TX] Immediate reply seq=495
[TX] Status seq=495 A=2.448 B=68.700
[TX] Status seq=495 A=0.758 B=54.859
[RX] ForwardPacket from=0x2 target=0xFF cmd=0x0 seq=496
[TX] Immediate reply seq=496
[TX] Status seq=496 A=0.003 B=42.031
[TX] Status seq=496 A=0.588 B=30.506
[RX] ForwardPacket from=0x2 target=0xFF cmd=0x0 seq=497
[TX] Immediate reply seq=497
[TX] Status seq=497 A=2.199 B=20.540
[TX] Status seq=497 A=3.971 B=12.359
[RX] ForwardPacket from=0x2 target=0xFF cmd=0x0 seq=498
[TX] Immediate reply seq=498
[TX] Status seq=498 A=4.954 B=6.147
[TX] Status seq=498 A=4.620 B=2.042
[RX] ForwardPacket from=0x2 target=0xFF cmd=0x0 seq=499
[TX] Immediate reply seq=499
[TX] Status seq=499 A=3.148 B=0.138
[TX] Status seq=499 A=1.329 B=0.475
[RX] ForwardPacket from=0x2 target=0xFF cmd=0x0 seq=500
[TX] Immediate reply seq=500
[TX] Status seq=500 A=0.137 B=3.048
[TX] Status seq=500 A=0.214 B=7.799
[RX] ForwardPacket from=0x2 target=0xFF cmd=0x0 seq=501
[TX] Immediate reply seq=501
[TX] Status seq=501 A=1.517 B=14.620
[TX] Status seq=501 A=3.348 B=23.358
[RX] ForwardPacket from=0x2 target=0xFF cmd=0x0 seq=502
[TX] Immediate reply seq=502
[TX] Status seq=502 A=4.724 B=33.818
[TX] Status seq=502 A=4.906 B=45.764
[RX] ForwardPacket from=0x2 target=0xFF cmd=0x0 seq=503
[TX] Immediate reply seq=503
[TX] Status seq=503 A=3.797 B=58.927
[TX] Status seq=503 A=1.992 B=73.014
[RX] ForwardPacket from=0x2 target=0xFF cmd=0x0 seq=504
[TX] Immediate reply seq=504
[TX] Status seq=504 A=0.460 B=87.706
[TX] Status seq=504 A=0.022 B=102.676
[RX] ForwardPacket from=0x2 target=0xFF cmd=0x0 seq=505
[TX] Immediate reply seq=505
[TX] Status seq=505 A=0.914 B=117.583
[TX] Status seq=505 A=2.657 B=132.096
[RX] ForwardPacket from=0x2 target=0xFF cmd=0x0 seq=506
[TX] Immediate reply seq=506
[TX] Status seq=506 A=4.316 B=145.890
[TX] Status seq=506 A=5.000 B=158.652
[RX] ForwardPacket from=0x2 target=0xFF cmd=0x0 seq=507
[TX] Immediate reply seq=507
[TX] Status seq=507 A=4.343 B=170.097
[TX] Status seq=507 A=2.697 B=179.968
[RX] ForwardPacket from=0x2 target=0xFF cmd=0x0 seq=508
[TX] Immediate reply seq=508
[TX] Status seq=508 A=0.945 B=188.042
[TX] Status seq=508 A=0.028 B=194.140
[RX] ForwardPacket from=0x2 target=0xFF cmd=0x0 seq=509
[TX] Immediate reply seq=509
[TX] Status seq=509 A=0.437 B=198.123
[TX] Status seq=509 A=1.954 B=199.903
[RX] ForwardPacket from=0x2 target=0xFF cmd=0x0 seq=510
[TX] Immediate reply seq=510
[TX] Status seq=510 A=3.763 B=199.439
[TX] Status seq=510 A=4.895 B=196.742
[RX] ForwardPacket from=0x2 target=0xFF cmd=0x0 seq=511
[TX] Immediate reply seq=511
[TX] Status seq=511 A=4.741 B=191.872
[TX] Status seq=511 A=3.385 B=184.940
[RX] ForwardPacket from=0x2 target=0xFF cmd=0x0 seq=512
[TX] Immediate reply seq=512
[TX] Status seq=512 A=1.554 B=176.099
[TX] Status seq=512 A=0.230 B=165.550
[RX] ForwardPacket from=0x2 target=0xFF cmd=0x0 seq=513
[TX] Immediate reply seq=513
[TX] Status seq=513 A=0.125 B=153.529
[TX] Status seq=513 A=1.294 B=140.304
[RX] ForwardPacket from=0x2 target=0xFF cmd=0x0 seq=514
[TX] Immediate reply seq=514
[TX] Status seq=514 A=3.110 B=126.176
[TX] Status seq=514 A=4.599 B=111.458
[RX] ForwardPacket from=0x2 target=0xFF cmd=0x0 seq=515
[TX] Immediate reply seq=515
[TX] Status seq=515 A=4.961 B=96.485
[TX] Status seq=515 A=4.003 B=81.590
[RX] ForwardPacket from=0x2 target=0xFF cmd=0x0 seq=516
[TX] Immediate reply seq=516
[TX] Status seq=516 A=2.238 B=67.108
[TX] Status seq=516 A=0.614 B=53.365
[RX] ForwardPacket from=0x2 target=0xFF cmd=0x0 seq=517
[TX] Immediate reply seq=517
[TX] Status seq=517 A=0.001 B=40.669
[TX] Status seq=517 A=0.730 B=29.306
[RX] ForwardPacket from=0x2 target=0xFF cmd=0x0 seq=518
[TX] Immediate reply seq=518
[TX] Status seq=518 A=2.408 B=19.531
[TX] Status seq=518 A=4.136 B=11.562
[RX] ForwardPacket from=0x2 target=0xFF cmd=0x0 seq=519
[TX] Immediate reply seq=519
[TX] Status seq=519 A=4.986 B=5.580
[TX] Status seq=519 A=4.501 B=1.718
[RX] ForwardPacket from=0x2 target=0xFF cmd=0x0 seq=520
[TX] Immediate reply seq=520
[TX] Status seq=520 A=2.943 B=0.063
[TX] Status seq=520 A=1.147 B=0.653
[TX] Status seq=520 A=0.077 B=3.474
[TX] Status seq=520 A=0.307 B=8.463
[RX] ForwardPacket from=0x2 target=0xFF cmd=0x0 seq=522
[TX] Immediate reply seq=522
[TX] Status seq=522 A=1.714 B=15.507
[TX] Status seq=522 A=3.543 B=24.449
[RX] ForwardPacket from=0x2 target=0xFF cmd=0x0 seq=523
[TX] Immediate reply seq=523
[TX] Status seq=523 A=4.812 B=35.087
[TX] Status seq=523 A=4.840 B=47.184
[RX] ForwardPacket from=0x2 target=0xFF cmd=0x0 seq=524
[TX] Immediate reply seq=524
[TX] Status seq=524 A=3.613 B=60.466
[TX] Status seq=524 A=1.789 B=74.638
[RX] ForwardPacket from=0x2 target=0xFF cmd=0x0 seq=525
[TX] Immediate reply seq=525
[TX] Status seq=525 A=0.346 B=89.377
[TX] Status seq=525 A=0.059 B=104.355
[RX] ForwardPacket from=0x2 target=0xFF cmd=0x0 seq=526
[TX] Immediate reply seq=526
[TX] Status seq=526 A=1.082 B=119.236
[TX] Status seq=526 A=2.866 B=133.685
[RX] ForwardPacket from=0x2 target=0xFF cmd=0x0 seq=527
[TX] Immediate reply seq=527
[TX] Status seq=527 A=4.454 B=147.378
[TX] Status seq=527 A=4.993 B=160.005
[RX] ForwardPacket from=0x2 target=0xFF cmd=0x0 seq=528
[TX] Immediate reply seq=528
[TX] Status seq=528 A=4.194 B=171.286
[TX] Status seq=528 A=2.487 B=180.966
[RX] ForwardPacket from=0x2 target=0xFF cmd=0x0 seq=529
[TX] Immediate reply seq=529
[TX] Status seq=529 A=0.786 B=188.827
[TX] Status seq=529 A=0.005 B=194.694
[RX] ForwardPacket from=0x2 target=0xFF cmd=0x0 seq=530
[TX] Immediate reply seq=530
[TX] Status seq=530 A=0.563 B=198.434
[TX] Status seq=530 A=2.161 B=199.963
[RX] ForwardPacket from=0x2 target=0xFF cmd=0x0 seq=531
[TX] Immediate reply seq=531
[TX] Status seq=531 A=3.940 B=199.247
[TX] Status seq=531 A=4.947 B=196.303
[RX] ForwardPacket from=0x2 target=0xFF cmd=0x0 seq=532
[TX] Immediate reply seq=532
[TX] Status seq=532 A=4.640 B=191.195
[TX] Status seq=532 A=3.186 B=184.040
[RX] ForwardPacket from=0x2 target=0xFF cmd=0x0 seq=533
[TX] Immediate reply seq=533
[TX] Status seq=533 A=1.363 B=174.998
[TX] Status seq=533 A=0.150 B=164.270
[RX] ForwardPacket from=0x2 target=0xFF cmd=0x0 seq=534
[TX] Immediate reply seq=534
[TX] Status seq=534 A=0.199 B=152.100
[TX] Status seq=534 A=1.482 B=138.759
[RX] ForwardPacket from=0x2 target=0xFF cmd=0x0 seq=535
[TX] Immediate reply seq=535
[TX] Status seq=535 A=3.312 B=124.549
[TX] Status seq=535 A=4.706 B=109.787
[RX] ForwardPacket from=0x2 target=0xFF cmd=0x0 seq=536
[TX] Immediate reply seq=536
[TX] Status seq=536 A=4.916 B=94.804
[TX] Status seq=536 A=3.830 B=79.940
[RX] ForwardPacket from=0x2 target=0xFF cmd=0x0 seq=537
[TX] Immediate reply seq=537
[TX] Status seq=537 A=2.030 B=65.524
[TX] Status seq=537 A=0.483 B=51.884
[RX] ForwardPacket from=0x2 target=0xFF cmd=0x0 seq=538
[TX] Immediate reply seq=538
[TX] Status seq=538 A=0.017 B=39.325
[TX] Status seq=538 A=0.885 B=28.127
[RX] ForwardPacket from=0x2 target=0xFF cmd=0x0 seq=539
[TX] Immediate reply seq=539
[TX] Status seq=539 A=2.619 B=18.544
[TX] Status seq=539 A=4.289 B=10.790
[RX] ForwardPacket from=0x2 target=0xFF cmd=0x0 seq=540
[TX] Immediate reply seq=540
[TX] Status seq=540 A=4.999 B=5.039
[TX] Status seq=540 A=4.369 B=1.422
[RX] ForwardPacket from=0x2 target=0xFF cmd=0x0 seq=541
[TX] Immediate reply seq=541
[TX] Status seq=541 A=2.735 B=0.018
[TX] Status seq=541 A=0.975 B=0.859
[RX] ForwardPacket from=0x2 target=0xFF cmd=0x0 seq=542
[TX] Immediate reply seq=542
[TX] Status seq=542 A=0.034 B=3.927
[TX] Status seq=542 A=0.416 B=9.153
[RX] ForwardPacket from=0x2 target=0xFF cmd=0x0 seq=543
[TX] Immediate reply seq=543
[TX] Status seq=543 A=1.916 B=16.418
[TX] Status seq=543 A=3.730 B=25.561
[RX] ForwardPacket from=0x2 target=0xFF cmd=0x0 seq=544
[TX] Immediate reply seq=544
[TX] Status seq=544 A=4.883 B=36.376
[TX] Status seq=544 A=4.758 B=48.620
[RX] ForwardPacket from=0x2 target=0xFF cmd=0x0 seq=545
[TX] Immediate reply seq=545
[TX] Status seq=545 A=3.421 B=62.017
[TX] Status seq=545 A=1.590 B=76.266
[RX] ForwardPacket from=0x2 target=0xFF cmd=0x0 seq=546
[TX] Immediate reply seq=546
[TX] Status seq=546 A=0.247 B=91.051
[TX] Status seq=546 A=0.113 B=106.034
[RX] ForwardPacket from=0x2 target=0xFF cmd=0x0 seq=547
[TX] Immediate reply seq=547
[TX] Status seq=547 A=1.260 B=120.884
[TX] Status seq=547 A=3.073 B=135.263
[RX] ForwardPacket from=0x2 target=0xFF cmd=0x0 seq=548
[TX] Immediate reply seq=548
[TX] Status seq=548 A=4.578 B=148.851
[TX] Status seq=548 A=4.968 B=161.342
[RX] ForwardPacket from=0x2 target=0xFF cmd=0x0 seq=549
[TX] Immediate reply seq=549
[TX] Status seq=549 A=4.034 B=172.455
[TX] Status seq=549 A=2.277 B=181.941
[RX] ForwardPacket from=0x2 target=0xFF cmd=0x0 seq=550
[TX] Immediate reply seq=550
[TX] Status seq=550 A=0.639 B=189.587
[TX] Status seq=550 A=0.000 B=195.221
[TX] Status seq=550 A=0.703 B=198.716
[TX] Status seq=550 A=2.370 B=199.995
[RX] ForwardPacket from=0x2 target=0xFF cmd=0x0 seq=552
[TX] Immediate reply seq=552
[TX] Status seq=552 A=4.106 B=199.027
[TX] Status seq=552 A=4.981 B=195.836
[RX] ForwardPacket from=0x2 target=0xFF cmd=0x0 seq=553
[TX] Immediate reply seq=553
[TX] Status seq=553 A=4.524 B=190.493
[TX] Status seq=553 A=2.981 B=183.117
[RX] ForwardPacket from=0x2 target=0xFF cmd=0x0 seq=554
[TX] Immediate reply seq=554
[TX] Status seq=554 A=1.180 B=173.875
[TX] Status seq=554 A=0.087 B=162.973
[RX] ForwardPacket from=0x2 target=0xFF cmd=0x0 seq=555
[TX] Immediate reply seq=555
[TX] Status seq=555 A=0.289 B=150.658
[TX] Status seq=555 A=1.677 B=137.205
[RX] ForwardPacket from=0x2 target=0xFF cmd=0x0 seq=556
[TX] Immediate reply seq=556
[TX] Status seq=556 A=3.507 B=122.915
[TX] Status seq=556 A=4.797 B=108.112
[RX] ForwardPacket from=0x2 target=0xFF cmd=0x0 seq=557
[TX] Immediate reply seq=557
[TX] Status seq=557 A=4.854 B=93.126
[TX] Status seq=557 A=3.648 B=78.295
[RX] ForwardPacket from=0x2 target=0xFF cmd=0x0 seq=558
[TX] Immediate reply seq=558
[TX] Status seq=558 A=1.826 B=63.952
[TX] Status seq=558 A=0.366 B=50.417
[RX] ForwardPacket from=0x2 target=0xFF cmd=0x0 seq=559
[TX] Immediate reply seq=559
[TX] Status seq=559 A=0.051 B=37.996
[TX] Status seq=559 A=1.050 B=26.968
[RX] ForwardPacket from=0x2 target=0xFF cmd=0x0 seq=560
[TX] Immediate reply seq=560
[TX] Status seq=560 A=2.828 B=17.580
[TX] Status seq=560 A=4.429 B=10.043
[RX] ForwardPacket from=0x2 target=0xFF cmd=0x0 seq=561
[TX] Immediate reply seq=561
[TX] Status seq=561 A=4.995 B=4.526
[TX] Status seq=561 A=4.222 B=1.153
[RX] ForwardPacket from=0x2 target=0xFF cmd=0x0 seq=562
[TX] Immediate reply seq=562
[TX] Status seq=562 A=2.525 B=0.000
[TX] Status seq=562 A=0.814 B=1.093
[RX] ForwardPacket from=0x2 target=0xFF cmd=0x0 seq=563
[TX] Immediate reply seq=563
[TX] Status seq=563 A=0.008 B=4.407
[TX] Status seq=563 A=0.539 B=9.868
[RX] ForwardPacket from=0x2 target=0xFF cmd=0x0 seq=564
[TX] Immediate reply seq=564
[TX] Status seq=564 A=2.122 B=17.353
[TX] Status seq=564 A=3.908 B=26.695
[RX] ForwardPacket from=0x2 target=0xFF cmd=0x0 seq=565
[TX] Immediate reply seq=565
[TX] Status seq=565 A=4.938 B=37.682
[TX] Status seq=565 A=4.660 B=50.068
[RX] ForwardPacket from=0x2 target=0xFF cmd=0x0 seq=566
[TX] Immediate reply seq=566
[TX] Status seq=566 A=3.223 B=63.578
[TX] Status seq=566 A=1.397 B=77.903
[RX] ForwardPacket from=0x2 target=0xFF cmd=0x0 seq=567
[TX] Immediate reply seq=567
[TX] Status seq=567 A=0.164 B=92.727
[TX] Status seq=567 A=0.184 B=107.712
[RX] ForwardPacket from=0x2 target=0xFF cmd=0x0 seq=568
[TX] Immediate reply seq=568
[TX] Status seq=568 A=1.447 B=122.524
[TX] Status seq=568 A=3.275 B=136.832
[RX] ForwardPacket from=0x2 target=0xFF cmd=0x0 seq=569
[TX] Immediate reply seq=569
[TX] Status seq=569 A=4.687 B=150.311
[TX] Status seq=569 A=4.926 B=162.662
[RX] ForwardPacket from=0x2 target=0xFF cmd=0x0 seq=570
[TX] Immediate reply seq=570
[TX] Status seq=570 A=3.863 B=173.604
[TX] Status seq=570 A=2.068 B=182.893
[RX] ForwardPacket from=0x2 target=0xFF cmd=0x0 seq=571
[TX] Immediate reply seq=571
[TX] Status seq=571 A=0.506 B=190.321
[TX] Status seq=571 A=0.013 B=195.721
[RX] ForwardPacket from=0x2 target=0xFF cmd=0x0 seq=572
[TX] Immediate reply seq=572
[TX] Status seq=572 A=0.855 B=198.971
[TX] Status seq=572 A=2.580 B=199.998
[RX] ForwardPacket from=0x2 target=0xFF cmd=0x0 seq=573
[TX] Immediate reply seq=573
[TX] Status seq=573 A=4.262 B=198.780
[TX] Status seq=573 A=4.998 B=195.342
[RX] ForwardPacket from=0x2 target=0xFF cmd=0x0 seq=574
[TX] Immediate reply seq=574
[TX] Status seq=574 A=4.394 B=189.765
[TX] Status seq=574 A=2.774 B=182.170
[RX] ForwardPacket from=0x2 target=0xFF cmd=0x0 seq=575
[TX] Immediate reply seq=575
[TX] Status seq=575 A=1.006 B=172.731
[TX] Status seq=575 A=0.041 B=161.659
[RX] ForwardPacket from=0x2 target=0xFF cmd=0x0 seq=576
[TX] Immediate reply seq=576
[TX] Status seq=576 A=0.395 B=149.201
[TX] Status seq=576 A=1.878 B=135.639
[RX] ForwardPacket from=0x2 target=0xFF cmd=0x0 seq=577
[TX] Immediate reply seq=577
[TX] Status seq=577 A=3.696 B=121.275
[TX] Status seq=577 A=4.871 B=106.435
[RX] ForwardPacket from=0x2 target=0xFF cmd=0x0 seq=578
[TX] Immediate reply seq=578
[TX] Status seq=578 A=4.775 B=91.451
[TX] Status seq=578 A=3.457 B=76.657
[RX] ForwardPacket from=0x2 target=0xFF cmd=0x0 seq=579
[TX] Immediate reply seq=579
[TX] Status seq=579 A=1.626 B=62.388
[TX] Status seq=579 A=0.264 B=48.963
[RX] ForwardPacket from=0x2 target=0xFF cmd=0x0 seq=580
[TX] Immediate reply seq=580
[TX] Status seq=580 A=0.102 B=36.686
[TX] Status seq=580 A=1.227 B=25.830
[RX] ForwardPacket from=0x2 target=0xFF cmd=0x0 seq=581
[TX] Immediate reply seq=581
[TX] Status seq=581 A=3.035 B=16.639
[TX] Status seq=581 A=4.556 B=9.321
[RX] ForwardPacket from=0x2 target=0xFF cmd=0x0 seq=582
[TX] Immediate reply seq=582
[TX] Status seq=582 A=4.974 B=4.039
[TX] Status seq=582 A=4.064 B=0.912
[RX] ForwardPacket from=0x2 target=0xFF cmd=0x0 seq=583
[TX] Immediate reply seq=583
[TX] Status seq=583 A=2.315 B=0.011
[TX] Status seq=583 A=0.665 B=1.355
[RX] ForwardPacket from=0x2 target=0xFF cmd=0x0 seq=584
[TX] Immediate reply seq=584
[TX] Status seq=584 A=0.000 B=4.914
[TX] Status seq=584 A=0.676 B=10.610
[RX] ForwardPacket from=0x2 target=0xFF cmd=0x0 seq=585
[TX] Immediate reply seq=585
[TX] Status seq=585 A=2.331 B=18.312
[TX] Status seq=585 A=4.077 B=27.848
[RX] ForwardPacket from=0x2 target=0xFF cmd=0x0 seq=586
[TX] Immediate reply seq=586
[TX] Status seq=586 A=4.976 B=39.006
[TX] Status seq=586 A=4.547 B=51.533
[RX] ForwardPacket from=0x2 target=0xFF cmd=0x0 seq=587
[TX] Immediate reply seq=587
[TX] Status seq=587 A=3.019 B=65.149
[TX] Status seq=587 A=1.213 B=79.547
[RX] ForwardPacket from=0x2 target=0xFF cmd=0x0 seq=588
[TX] Immediate reply seq=588
[TX] Status seq=588 A=0.097 B=94.404
[TX] Status seq=588 A=0.271 B=109.388
[RX] ForwardPacket from=0x2 target=0xFF cmd=0x0 seq=589
[TX] Immediate reply seq=589
[TX] Status seq=589 A=1.641 B=124.160
[TX] Status seq=589 A=3.472 B=138.390
[RX] ForwardPacket from=0x2 target=0xFF cmd=0x0 seq=590
[TX] Immediate reply seq=590
[TX] Status seq=590 A=4.781 B=151.757
[TX] Status seq=590 A=4.866 B=163.962
[RX] ForwardPacket from=0x2 target=0xFF cmd=0x0 seq=591
[TX] Immediate reply seq=591
[TX] Status seq=591 A=3.682 B=174.732
[TX] Status seq=591 A=1.863 B=183.822
[RX] ForwardPacket from=0x2 target=0xFF cmd=0x0 seq=592
[TX] Immediate reply seq=592
[TX] Status seq=592 A=0.386 B=191.030
[TX] Status seq=592 A=0.043 B=196.194
[RX] ForwardPacket from=0x2 target=0xFF cmd=0x0 seq=593
[TX] Immediate reply seq=593
[TX] Status seq=593 A=1.019 B=199.197
[TX] Status seq=593 A=2.789 B=199.973
[RX] ForwardPacket from=0x2 target=0xFF cmd=0x0 seq=594
[TX] Immediate reply seq=594
[TX] Status seq=594 A=4.404 B=198.504
[TX] Status seq=594 A=4.997 B=194.822
[RX] ForwardPacket from=0x2 target=0xFF cmd=0x0 seq=595
[TX] Immediate reply seq=595
[TX] Status seq=595 A=4.250 B=189.011
[TX] Status seq=595 A=2.564 B=181.201
[RX] ForwardPacket from=0x2 target=0xFF cmd=0x0 seq=596
[TX] Immediate reply seq=596
[TX] Status seq=596 A=0.843 B=171.567
[TX] Status seq=596 A=0.012 B=160.326
[RX] ForwardPacket from=0x2 target=0xFF cmd=0x0 seq=597
[TX] Immediate reply seq=597
[TX] Status seq=597 A=0.515 B=147.730
[TX] Status seq=597 A=2.084 B=134.062
[RX] ForwardPacket from=0x2 target=0xFF cmd=0x0 seq=598
[TX] Immediate reply seq=598
[TX] Status seq=598 A=3.876 B=119.630
[TX] Status seq=598 A=4.930 B=104.756
[RX] ForwardPacket from=0x2 target=0xFF cmd=0x0 seq=599
[TX] Immediate reply seq=599
[TX] Status seq=599 A=4.679 B=89.776
[TX] Status seq=599 A=3.260 B=75.025
[RX] ForwardPacket from=0x2 target=0xFF cmd=0x0 seq=600
[TX] Immediate reply seq=600
[TX] Status seq=600 A=1.432 B=60.835
[TX] Status seq=600 A=0.178 B=47.526
[RX] ForwardPacket from=0x2 target=0xFF cmd=0x0 seq=601
[TX] Immediate reply seq=601
[TX] Status seq=601 A=0.170 B=35.393
[TX] Status seq=601 A=1.412 B=24.713
[RX] ForwardPacket from=0x2 target=0xFF cmd=0x0 seq=602
[TX] Immediate reply seq=602
[TX] Status seq=602 A=3.238 B=15.722
[TX] Status seq=602 A=4.668 B=8.625
[RX] ForwardPacket from=0x2 target=0xFF cmd=0x0 seq=603
[TX] Immediate reply seq=603
[TX] Status seq=603 A=4.935 B=3.580
[TX] Status seq=603 A=3.895 B=0.700
[RX] ForwardPacket from=0x2 target=0xFF cmd=0x0 seq=604
[TX] Immediate reply seq=604
[TX] Status seq=604 A=2.107 B=0.050
[TX] Status seq=604 A=0.529 B=1.645
[RX] ForwardPacket from=0x2 target=0xFF cmd=0x0 seq=605
[TX] Immediate reply seq=605
[TX] Status seq=605 A=0.010 B=5.449
[TX] Status seq=605 A=0.826 B=11.375
[RX] ForwardPacket from=0x2 target=0xFF cmd=0x0 seq=606
[TX] Immediate reply seq=606
[TX] Status seq=606 A=2.541 B=19.293
[TX] Status seq=606 A=4.234 B=29.023
[RX] ForwardPacket from=0x2 target=0xFF cmd=0x0 seq=607
[TX] Immediate reply seq=607
[TX] Status seq=607 A=4.996 B=40.347
[TX] Status seq=607 A=4.419 B=53.010
[RX] ForwardPacket from=0x2 target=0xFF cmd=0x0 seq=608
[TX] Immediate reply seq=608
[TX] Status seq=608 A=2.812 B=66.729
[TX] Status seq=608 A=1.038 B=81.196
[RX] ForwardPacket from=0x2 target=0xFF cmd=0x0 seq=609
[TX] Immediate reply seq=609
[TX] Status seq=609 A=0.048 B=96.083
[TX] Status seq=609 A=0.374 B=111.061
[RX] ForwardPacket from=0x2 target=0xFF cmd=0x0 seq=610
[TX] Immediate reply seq=610
[TX] Status seq=610 A=1.841 B=125.788
[TX] Status seq=610 A=3.662 B=139.936
[RX] ForwardPacket from=0x2 target=0xFF cmd=0x0 seq=611
[TX] Immediate reply seq=611
[TX] Status seq=611 A=4.859 B=153.189
[TX] Status seq=611 A=4.790 B=165.246
[RX] ForwardPacket from=0x2 target=0xFF cmd=0x0 seq=612
[TX] Immediate reply seq=612
[TX] Status seq=612 A=3.493 B=175.839
[TX] Status seq=612 A=1.662 B=184.727
[RX] ForwardPacket from=0x2 target=0xFF cmd=0x0 seq=613
[TX] Immediate reply seq=613
[TX] Status seq=613 A=0.281 B=191.713
[TX] Status seq=613 A=0.091 B=196.640
[RX] ForwardPacket from=0x2 target=0xFF cmd=0x0 seq=614
[TX] Immediate reply seq=614
[TX] Status seq=614 A=1.193 B=199.396
[TX] Status seq=614 A=2.997 B=199.920
[RX] ForwardPacket from=0x2 target=0xFF cmd=0x0 seq=615
[TX] Immediate reply seq=615
[TX] Status seq=615 A=4.534 B=198.200
[TX] Status seq=615 A=4.979 B=194.275
[RX] ForwardPacket from=0x2 target=0xFF cmd=0x0 seq=616
[TX] Immediate reply seq=616
[TX] Status seq=616 A=4.094 B=188.232
[TX] Status seq=616 A=2.354 B=180.208
[RX] ForwardPacket from=0x2 target=0xFF cmd=0x0 seq=617
[TX] Immediate reply seq=617
[TX] Status seq=617 A=0.692 B=170.382
[TX] Status seq=617 A=0.000 B=158.976
[RX] ForwardPacket from=0x2 target=0xFF cmd=0x0 seq=618
[TX] Immediate reply seq=618
[TX] Status seq=618 A=0.650 B=146.246
[TX] Status seq=618 A=2.293 B=132.476
[RX] ForwardPacket from=0x2 target=0xFF cmd=0x0 seq=619
[TX] Immediate reply seq=619
[TX] Status seq=619 A=4.046 B=117.979
[TX] Status seq=619 A=4.970 B=103.075
[RX] ForwardPacket from=0x2 target=0xFF cmd=0x0 seq=620
[TX] Immediate reply seq=620
[TX] Status seq=620 A=4.569 B=88.105
[TX] Status seq=620 A=3.057 B=73.401
[RX] ForwardPacket from=0x2 target=0xFF cmd=0x0 seq=621
[TX] Immediate reply seq=621
[TX] Status seq=621 A=1.246 B=59.294
[TX] Status seq=621 A=0.108 B=46.102
[RX] ForwardPacket from=0x2 target=0xFF cmd=0x0 seq=622
[TX] Immediate reply seq=622
[TX] Status seq=622 A=0.254 B=34.119
[TX] Status seq=622 A=1.605 B=23.616
[RX] ForwardPacket from=0x2 target=0xFF cmd=0x0 seq=623
[TX] Immediate reply seq=623
[TX] Status seq=623 A=3.436 B=14.830
[TX] Status seq=623 A=4.765 B=7.955
[RX] ForwardPacket from=0x2 target=0xFF cmd=0x0 seq=624
[TX] Immediate reply seq=624
[TX] Status seq=624 A=4.879 B=3.148
[TX] Status seq=624 A=3.716 B=0.515
[RX] ForwardPacket from=0x2 target=0xFF cmd=0x0 seq=625
[TX] Immediate reply seq=625
[TX] Status seq=625 A=1.901 B=0.117
[TX] Status seq=625 A=0.407 B=1.962
[RX] ForwardPacket from=0x2 target=0xFF cmd=0x0 seq=626
[TX] Immediate reply seq=626
[TX] Status seq=626 A=0.037 B=6.009
[TX] Status seq=626 A=0.988 B=12.167
[RX] ForwardPacket from=0x2 target=0xFF cmd=0x0 seq=627
[TX] Immediate reply seq=627
[TX] Status seq=627 A=2.751 B=20.298
[TX] Status seq=627 A=4.379 B=30.217
[RX] ForwardPacket from=0x2 target=0xFF cmd=0x0 seq=628
[TX] Immediate reply seq=628
[TX] Status seq=628 A=4.999 B=41.704
[TX] Status seq=628 A=4.278 B=54.502
[RX] ForwardPacket from=0x2 target=0xFF cmd=0x0 seq=629
[TX] Immediate reply seq=629
[TX] Status seq=629 A=2.603 B=68.319
[TX] Status seq=629 A=0.872 B=82.850
[RX] ForwardPacket from=0x2 target=0xFF cmd=0x0 seq=630
[TX] Immediate reply seq=630
[TX] Status seq=630 A=0.016 B=97.764
[TX] Status seq=630 A=0.492 B=112.729
[RX] ForwardPacket from=0x2 target=0xFF cmd=0x0 seq=631
[TX] Immediate reply seq=631
[TX] Status seq=631 A=2.046 B=127.409
[TX] Status seq=631 A=3.844 B=141.472
[RX] ForwardPacket from=0x2 target=0xFF cmd=0x0 seq=632
[TX] Immediate reply seq=632
[TX] Status seq=632 A=4.920 B=154.606
[TX] Status seq=632 A=4.698 B=166.511
[RX] ForwardPacket from=0x2 target=0xFF cmd=0x0 seq=633
[TX] Immediate reply seq=633
[TX] Status seq=633 A=3.296 B=176.923
[TX] Status seq=633 A=1.467 B=185.608
[RX] ForwardPacket from=0x2 target=0xFF cmd=0x0 seq=634
[TX] Immediate reply seq=634
[TX] Status seq=634 A=0.193 B=192.370
[TX] Status seq=634 A=0.156 B=197.058
[RX] ForwardPacket from=0x2 target=0xFF cmd=0x0 seq=635
[TX] Immediate reply seq=635
[TX] Status seq=635 A=1.377 B=199.566
[TX] Status seq=635 A=3.201 B=199.839
[RX] ForwardPacket from=0x2 target=0xFF cmd=0x0 seq=636
[TX] Immediate reply seq=636
[TX] Status seq=636 A=4.649 B=197.868
[TX] Status seq=636 A=4.943 B=193.700
[RX] ForwardPacket from=0x2 target=0xFF cmd=0x0 seq=637
[TX] Immediate reply seq=637
[TX] Status seq=637 A=3.927 B=187.428
[TX] Status seq=637 A=2.145 B=179.192
[RX] ForwardPacket from=0x2 target=0xFF cmd=0x0 seq=638
[TX] Immediate reply seq=638
[TX] Status seq=638 A=0.553 B=169.178
[TX] Status seq=638 A=0.006 B=157.610
[RX] ForwardPacket from=0x2 target=0xFF cmd=0x0 seq=639
[TX] Immediate reply seq=639
[TX] Status seq=639 A=0.798 B=144.749
[TX] Status seq=639 A=2.502 B=130.881
[RX] ForwardPacket from=0x2 target=0xFF cmd=0x0 seq=640
[TX] Immediate reply seq=640
[TX] Status seq=640 A=4.206 B=116.322
[TX] Status seq=640 A=4.994 B=101.396
[RX] ForwardPacket from=0x2 target=0xFF cmd=0x0 seq=641
[TX] Immediate reply seq=641
[TX] Status seq=641 A=4.444 B=86.437
[TX] Status seq=641 A=2.850 B=71.784
[RX] ForwardPacket from=0x2 target=0xFF cmd=0x0 seq=642
[TX] Immediate reply seq=642
[TX] Status seq=642 A=1.069 B=57.763
[TX] Status seq=642 A=0.056 B=44.693
[RX] ForwardPacket from=0x2 target=0xFF cmd=0x0 seq=643
[TX] Immediate reply seq=643
[TX] Status seq=643 A=0.354 B=32.864
[TX] Status seq=643 A=1.804 B=22.542
[RX] ForwardPacket from=0x2 target=0xFF cmd=0x0 seq=644
[TX] Immediate reply seq=644
[TX] Status seq=644 A=3.627 B=13.960
[TX] Status seq=644 A=4.846 B=7.310
[RX] ForwardPacket from=0x2 target=0xFF cmd=0x0 seq=645
[TX] Immediate reply seq=645
[TX] Status seq=645 A=4.806 B=2.743
[TX] Status seq=645 A=3.528 B=0.359
[RX] ForwardPacket from=0x2 target=0xFF cmd=0x0 seq=646
[TX] Immediate reply seq=646
[TX] Status seq=646 A=1.699 B=0.213
[TX] Status seq=646 A=0.300 B=2.308
[RX] ForwardPacket from=0x2 target=0xFF cmd=0x0 seq=647
[TX] Immediate reply seq=647
[TX] Status seq=647 A=0.081 B=6.597
[TX] Status seq=647 A=1.161 B=12.983
[RX] ForwardPacket from=0x2 target=0xFF cmd=0x0 seq=648
[TX] Immediate reply seq=648
[TX] Status seq=648 A=2.959 B=21.324
[TX] Status seq=648 A=4.511 B=31.432
[RX] ForwardPacket from=0x2 target=0xFF cmd=0x0 seq=649
[TX] Immediate reply seq=649
[TX] Status seq=649 A=4.984 B=43.079
[TX] Status seq=649 A=4.124 B=56.006
[RX] ForwardPacket from=0x2 target=0xFF cmd=0x0 seq=650
[TX] Immediate reply seq=650
[TX] Status seq=650 A=2.392 B=69.919
[TX] Status seq=650 A=0.719 B=84.509
[RX] ForwardPacket from=0x2 target=0xFF cmd=0x0 seq=651
[TX] Immediate reply seq=651
[TX] Status seq=651 A=0.001 B=99.446
[TX] Status seq=651 A=0.624 B=114.395
[RX] ForwardPacket from=0x2 target=0xFF cmd=0x0 seq=652
[TX] Immediate reply seq=652
[TX] Status seq=652 A=2.254 B=129.023
[TX] Status seq=652 A=4.016 B=142.997
[RX] ForwardPacket from=0x2 target=0xFF cmd=0x0 seq=653
[TX] Immediate reply seq=653
[TX] Status seq=653 A=4.964 B=156.007
[TX] Status seq=653 A=4.590 B=167.757
[RX] ForwardPacket from=0x2 target=0xFF cmd=0x0 seq=654
[TX] Immediate reply seq=654
[TX] Status seq=654 A=3.095 B=177.987
[TX] Status seq=654 A=1.280 B=186.465
[RX] ForwardPacket from=0x2 target=0xFF cmd=0x0 seq=655
[TX] Immediate reply seq=655
[TX] Status seq=655 A=0.120 B=193.002
[TX] Status seq=655 A=0.237 B=197.450
[RX] ForwardPacket from=0x2 target=0xFF cmd=0x0 seq=656
[TX] Immediate reply seq=656
[TX] Status seq=656 A=1.569 B=199.709
[TX] Status seq=656 A=3.400 B=199.729
[RX] ForwardPacket from=0x2 target=0xFF cmd=0x0 seq=657
[TX] Immediate reply seq=657
[TX] Status seq=657 A=4.748 B=197.509
[TX] Status seq=657 A=4.890 B=193.100
[RX] ForwardPacket from=0x2 target=0xFF cmd=0x0 seq=658
[TX] Immediate reply seq=658
[TX] Status seq=658 A=3.749 B=186.599
[TX] Status seq=658 A=1.938 B=178.154
[RX] ForwardPacket from=0x2 target=0xFF cmd=0x0 seq=659
[TX] Immediate reply seq=659
[TX] Status seq=659 A=0.428 B=167.954
[TX] Status seq=659 A=0.030 B=156.227
[RX] ForwardPacket from=0x2 target=0xFF cmd=0x0 seq=660
[TX] Immediate reply seq=660
[TX] Status seq=660 A=0.957 B=143.238
[TX] Status seq=660 A=2.712 B=129.277
[RX] ForwardPacket from=0x2 target=0xFF cmd=0x0 seq=661
[TX] Immediate reply seq=661
[TX] Status seq=661 A=4.353 B=114.660
[TX] Status seq=661 A=5.000 B=99.714
[RX] ForwardPacket from=0x2 target=0xFF cmd=0x0 seq=662
[TX] Immediate reply seq=662
[TX] Status seq=662 A=4.305 B=84.772
[TX] Status seq=662 A=2.641 B=70.175
[RX] ForwardPacket from=0x2 target=0xFF cmd=0x0 seq=663
[TX] Immediate reply seq=663
[TX] Status seq=663 A=0.902 B=56.245
[TX] Status seq=663 A=0.020 B=43.299
[RX] ForwardPacket from=0x2 target=0xFF cmd=0x0 seq=664
[TX] Immediate reply seq=664
[TX] Status seq=664 A=0.469 B=31.627
[TX] Status seq=664 A=2.008 B=21.489
[RX] ForwardPacket from=0x2 target=0xFF cmd=0x0 seq=665
[TX] Immediate reply seq=665
[TX] Status seq=665 A=3.811 B=13.116
[TX] Status seq=665 A=4.910 B=6.692
[RX] ForwardPacket from=0x2 target=0xFF cmd=0x0 seq=666
[TX] Immediate reply seq=666
[TX] Status seq=666 A=4.716 B=2.365
[TX] Status seq=666 A=3.333 B=0.231
[RX] ForwardPacket from=0x2 target=0xFF cmd=0x0 seq=667
[TX] Immediate reply seq=667
[TX] Status seq=667 A=1.503 B=0.337
[TX] Status seq=667 A=0.208 B=2.681
[TX] Status seq=667 A=0.143 B=7.211
[TX] Status seq=667 A=1.343 B=13.824
[RX] ForwardPacket from=0x2 target=0xFF cmd=0x0 seq=669
[TX] Immediate reply seq=669
[TX] Status seq=669 A=3.164 B=22.373
[TX] Status seq=669 A=4.629 B=32.666
[RX] ForwardPacket from=0x2 target=0xFF cmd=0x0 seq=670
[TX] Immediate reply seq=670
[TX] Status seq=670 A=4.951 B=44.470
[TX] Status seq=670 A=3.958 B=57.522
[RX] ForwardPacket from=0x2 target=0xFF cmd=0x0 seq=671
[TX] Immediate reply seq=671
[TX] Status seq=671 A=2.183 B=71.527
[TX] Status seq=671 A=0.578 B=86.171
[RX] ForwardPacket from=0x2 target=0xFF cmd=0x0 seq=672
[TX] Immediate reply seq=672
[TX] Status seq=672 A=0.004 B=101.128
[TX] Status seq=672 A=0.770 B=116.057
[RX] ForwardPacket from=0x2 target=0xFF cmd=0x0 seq=673
[TX] Immediate reply seq=673
[TX] Status seq=673 A=2.464 B=130.628
[TX] Status seq=673 A=4.177 B=144.509
[RX] ForwardPacket from=0x2 target=0xFF cmd=0x0 seq=674
[TX] Immediate reply seq=674
[TX] Status seq=674 A=4.991 B=157.391
[TX] Status seq=674 A=4.468 B=168.985
[RX] ForwardPacket from=0x2 target=0xFF cmd=0x0 seq=675
[TX] Immediate reply seq=675
[TX] Status seq=675 A=2.889 B=179.028
[TX] Status seq=675 A=1.101 B=187.298
[RX] ForwardPacket from=0x2 target=0xFF cmd=0x0 seq=676
[TX] Immediate reply seq=676
[TX] Status seq=676 A=0.064 B=193.607
[TX] Status seq=676 A=0.334 B=197.813
[RX] ForwardPacket from=0x2 target=0xFF cmd=0x0 seq=677
[TX] Immediate reply seq=677
[TX] Status seq=677 A=1.767 B=199.823
[TX] Status seq=677 A=3.593 B=199.591
[RX] ForwardPacket from=0x2 target=0xFF cmd=0x0 seq=678
[TX] Immediate reply seq=678
[TX] Status seq=678 A=4.832 B=197.122
[TX] Status seq=678 A=4.820 B=192.473
[RX] ForwardPacket from=0x2 target=0xFF cmd=0x0 seq=679
[TX] Immediate reply seq=679
[TX] Status seq=679 A=3.563 B=185.747
[TX] Status seq=679 A=1.736 B=177.094
[RX] ForwardPacket from=0x2 target=0xFF cmd=0x0 seq=680
[TX] Immediate reply seq=680
[TX] Status seq=680 A=0.318 B=166.711
[TX] Status seq=680 A=0.072 B=154.829
[RX] ForwardPacket from=0x2 target=0xFF cmd=0x0 seq=681
[TX] Immediate reply seq=681
[TX] Status seq=681 A=1.128 B=141.716
[TX] Status seq=681 A=2.921 B=127.667
[RX] ForwardPacket from=0x2 target=0xFF cmd=0x0 seq=682
[TX] Immediate reply seq=682
[TX] Status seq=682 A=4.488 B=112.995
[TX] Status seq=682 A=4.988 B=98.032
[RX] ForwardPacket from=0x2 target=0xFF cmd=0x0 seq=683
[TX] Immediate reply seq=683
[TX] Status seq=683 A=4.153 B=83.113
[TX] Status seq=683 A=2.431 B=68.574
[RX] ForwardPacket from=0x2 target=0xFF cmd=0x0 seq=684
[TX] Immediate reply seq=684
[TX] Status seq=684 A=0.746 B=54.740
[TX] Status seq=684 A=0.002 B=41.922
[RX] ForwardPacket from=0x2 target=0xFF cmd=0x0 seq=685
[TX] Immediate reply seq=685
[TX] Status seq=685 A=0.599 B=30.410
[TX] Status seq=685 A=2.215 B=20.459
[RX] ForwardPacket from=0x2 target=0xFF cmd=0x0 seq=686
[TX] Immediate reply seq=686
[TX] Status seq=686 A=3.985 B=12.295
[TX] Status seq=686 A=4.957 B=6.101
[RX] ForwardPacket from=0x2 target=0xFF cmd=0x0 seq=687
[TX] Immediate reply seq=687
[TX] Status seq=687 A=4.611 B=2.015
[TX] Status seq=687 A=3.132 B=0.131
[RX] ForwardPacket from=0x2 target=0xFF cmd=0x0 seq=688
[TX] Immediate reply seq=688
[TX] Status seq=688 A=1.314 B=0.489
[TX] Status seq=688 A=0.132 B=3.081
[RX] ForwardPacket from=0x2 target=0xFF cmd=0x0 seq=689
[TX] Immediate reply seq=689
[TX] Status seq=689 A=0.221 B=7.850
[TX] Status seq=689 A=1.533 B=14.689
[RX] ForwardPacket from=0x2 target=0xFF cmd=0x0 seq=690
[TX] Immediate reply seq=690
[TX] Status seq=690 A=3.364 B=23.444
[TX] Status seq=690 A=4.731 B=33.918
[RX] ForwardPacket from=0x2 target=0xFF cmd=0x0 seq=691
[TX] Immediate reply seq=691
[TX] Status seq=691 A=4.901 B=45.876
[TX] Status seq=691 A=3.783 B=59.049
[RX] ForwardPacket from=0x2 target=0xFF cmd=0x0 seq=692
[TX] Immediate reply seq=692
[TX] Status seq=692 A=1.976 B=73.143
[TX] Status seq=692 A=0.450 B=87.839
[RX] ForwardPacket from=0x2 target=0xFF cmd=0x0 seq=693
[TX] Immediate reply seq=693
[TX] Status seq=693 A=0.025 B=102.809
[TX] Status seq=693 A=0.927 B=117.715
[RX] ForwardPacket from=0x2 target=0xFF cmd=0x0 seq=694
[TX] Immediate reply seq=694
[TX] Status seq=694 A=2.674 B=132.223
[TX] Status seq=694 A=4.327 B=146.009
[RX] ForwardPacket from=0x2 target=0xFF cmd=0x0 seq=695
[TX] Immediate reply seq=695
[TX] Status seq=695 A=5.000 B=158.760
[TX] Status seq=695 A=4.331 B=170.192
[RX] ForwardPacket from=0x2 target=0xFF cmd=0x0 seq=696
[TX] Immediate reply seq=696
[TX] Status seq=696 A=2.680 B=180.048
[TX] Status seq=696 A=0.932 B=188.105
[RX] ForwardPacket from=0x2 target=0xFF cmd=0x0 seq=697
[TX] Immediate reply seq=697
[TX] Status seq=697 A=0.025 B=194.185
[TX] Status seq=697 A=0.447 B=198.149
[RX] ForwardPacket from=0x2 target=0xFF cmd=0x0 seq=698
[TX] Immediate reply seq=698
[TX] Status seq=698 A=1.970 B=199.909
[TX] Status seq=698 A=3.778 B=199.425
[RX] ForwardPacket from=0x2 target=0xFF cmd=0x0 seq=699
[TX] Immediate reply seq=699
[TX] Status seq=699 A=4.900 B=196.708
[TX] Status seq=699 A=4.734 B=191.820
[RX] ForwardPacket from=0x2 target=0xFF cmd=0x0 seq=700
[TX] Immediate reply seq=700
[TX] Status seq=700 A=3.369 B=184.869
[TX] Status seq=700 A=1.538 B=176.012
[RX] ForwardPacket from=0x2 target=0xFF cmd=0x0 seq=701
[TX] Immediate reply seq=701
[TX] Status seq=701 A=0.223 B=165.449
[TX] Status seq=701 A=0.130 B=153.416
[RX] ForwardPacket from=0x2 target=0xFF cmd=0x0 seq=702
[TX] Immediate reply seq=702
[TX] Status seq=702 A=1.308 B=140.182
[TX] Status seq=702 A=3.126 B=126.047
[RX] ForwardPacket from=0x2 target=0xFF cmd=0x0 seq=703
[TX] Immediate reply seq=703
[TX] Status seq=703 A=4.608 B=111.325
[TX] Status seq=703 A=4.959 B=96.351
[RX] ForwardPacket from=0x2 target=0xFF cmd=0x0 seq=704
[TX] Immediate reply seq=704
[TX] Status seq=704 A=3.990 B=81.459
[TX] Status seq=704 A=2.222 B=66.982
[RX] ForwardPacket from=0x2 target=0xFF cmd=0x0 seq=705
[TX] Immediate reply seq=705
[TX] Status seq=705 A=0.603 B=53.247
[TX] Status seq=705 A=0.002 B=40.561
[RX] ForwardPacket from=0x2 target=0xFF cmd=0x0 seq=706
[TX] Immediate reply seq=706
[TX] Status seq=706 A=0.742 B=29.212
[TX] Status seq=706 A=2.425 B=19.452
[RX] ForwardPacket from=0x2 target=0xFF cmd=0x0 seq=707
[TX] Immediate reply seq=707
[TX] Status seq=707 A=4.148 B=11.500
[TX] Status seq=707 A=4.987 B=5.536
[RX] ForwardPacket from=0x2 target=0xFF cmd=0x0 seq=708
[TX] Immediate reply seq=708
[TX] Status seq=708 A=4.491 B=1.693
[TX] Status seq=708 A=2.927 B=0.059
[RX] ForwardPacket from=0x2 target=0xFF cmd=0x0 seq=709
[TX] Immediate reply seq=709
[TX] Status seq=709 A=1.133 B=0.669
[TX] Status seq=709 A=0.073 B=3.509
[RX] ForwardPacket from=0x2 target=0xFF cmd=0x0 seq=710
[TX] Immediate reply seq=710
[TX] Status seq=710 A=0.315 B=8.516
[TX] Status seq=710 A=1.730 B=15.579
[RX] ForwardPacket from=0x2 target=0xFF cmd=0x0 seq=711
[TX] Immediate reply seq=711
[TX] Status seq=711 A=3.558 B=24.537
[TX] Status seq=711 A=4.818 B=35.189
[RX] ForwardPacket from=0x2 target=0xFF cmd=0x0 seq=712
[TX] Immediate reply seq=712
[TX] Status seq=712 A=4.834 B=47.298
[TX] Status seq=712 A=3.598 B=60.589
[RX] ForwardPacket from=0x2 target=0xFF cmd=0x0 seq=713
[TX] Immediate reply seq=713
[TX] Status seq=713 A=1.773 B=74.767
[TX] Status seq=713 A=0.337 B=89.510
[RX] ForwardPacket from=0x2 target=0xFF cmd=0x0 seq=714
[TX] Immediate reply seq=714
[TX] Status seq=714 A=0.063 B=104.488
[TX] Status seq=714 A=1.096 B=119.368
[RX] ForwardPacket from=0x2 target=0xFF cmd=0x0 seq=715
[TX] Immediate reply seq=715
[TX] Status seq=715 A=2.883 B=133.810
[TX] Status seq=715 A=4.464 B=147.495
[RX] ForwardPacket from=0x2 target=0xFF cmd=0x0 seq=716
[TX] Immediate reply seq=716
[TX] Status seq=716 A=4.991 B=160.112
[TX] Status seq=716 A=4.182 B=171.379
[RX] ForwardPacket from=0x2 target=0xFF cmd=0x0 seq=717
[TX] Immediate reply seq=717
[TX] Status seq=717 A=2.470 B=181.044
[TX] Status seq=717 A=0.774 B=188.888
[RX] ForwardPacket from=0x2 target=0xFF cmd=0x0 seq=718
[TX] Immediate reply seq=718
[TX] Status seq=718 A=0.004 B=194.737
[TX] Status seq=718 A=0.574 B=198.457
[RX] ForwardPacket from=0x2 target=0xFF cmd=0x0 seq=719
[TX] Immediate reply seq=719
[TX] Status seq=719 A=2.177 B=199.966
[TX] Status seq=719 A=3.954 B=199.231
[RX] ForwardPacket from=0x2 target=0xFF cmd=0x0 seq=720
[TX] Immediate reply seq=720
[TX] Status seq=720 A=4.950 B=196.267
[TX] Status seq=720 A=4.632 B=191.140
[RX] ForwardPacket from=0x2 target=0xFF cmd=0x0 seq=721
[TX] Immediate reply seq=721
[TX] Status seq=721 A=3.170 B=183.968
[TX] Status seq=721 A=1.348 B=174.910
[RX] ForwardPacket from=0x2 target=0xFF cmd=0x0 seq=722
[TX] Immediate reply seq=722
[TX] Status seq=722 A=0.145 B=164.168
[TX] Status seq=722 A=0.205 B=151.986
[RX] ForwardPacket from=0x2 target=0xFF cmd=0x0 seq=723
[TX] Immediate reply seq=723
[TX] Status seq=723 A=1.497 B=138.636
[TX] Status seq=723 A=3.327 B=124.419
[RX] ForwardPacket from=0x2 target=0xFF cmd=0x0 seq=724
[TX] Immediate reply seq=724
[TX] Status seq=724 A=4.713 B=109.654
[TX] Status seq=724 A=4.912 B=94.671
[RX] ForwardPacket from=0x2 target=0xFF cmd=0x0 seq=725
[TX] Immediate reply seq=725
[TX] Status seq=725 A=3.816 B=79.809
[TX] Status seq=725 A=2.014 B=65.399
[RX] ForwardPacket from=0x2 target=0xFF cmd=0x0 seq=726
[TX] Immediate reply seq=726
[TX] Status seq=726 A=0.473 B=51.767
[TX] Status seq=726 A=0.019 B=39.219
[RX] ForwardPacket from=0x2 target=0xFF cmd=0x0 seq=727
[TX] Immediate reply seq=727
[TX] Status seq=727 A=0.897 B=28.034
[TX] Status seq=727 A=2.635 B=18.466
[RX] ForwardPacket from=0x2 target=0xFF cmd=0x0 seq=728
[TX] Immediate reply seq=728
[TX] Status seq=728 A=4.300 B=10.729
[TX] Status seq=728 A=5.000 B=4.998
[RX] ForwardPacket from=0x2 target=0xFF cmd=0x0 seq=729
[TX] Immediate reply seq=729
[TX] Status seq=729 A=4.357 B=1.399
[TX] Status seq=729 A=2.718 B=0.015
[RX] ForwardPacket from=0x2 target=0xFF cmd=0x0 seq=730
[TX] Immediate reply seq=730
[TX] Status seq=730 A=0.962 B=0.877
[TX] Status seq=730 A=0.031 B=3.964
[RX] ForwardPacket from=0x2 target=0xFF cmd=0x0 seq=731
[TX] Immediate reply seq=731
[TX] Status seq=731 A=0.425 B=9.209
[TX] Status seq=731 A=1.932 B=16.491
[RX] ForwardPacket from=0x2 target=0xFF cmd=0x0 seq=732
[TX] Immediate reply seq=732
[TX] Status seq=732 A=3.744 B=25.651
[TX] Status seq=732 A=4.888 B=36.479
[RX] ForwardPacket from=0x2 target=0xFF cmd=0x0 seq=733
[TX] Immediate reply seq=733
[TX] Status seq=733 A=4.751 B=48.734
[TX] Status seq=733 A=3.406 B=62.140
[RX] ForwardPacket from=0x2 target=0xFF cmd=0x0 seq=734
[TX] Immediate reply seq=734
[TX] Status seq=734 A=1.574 B=76.396
[TX] Status seq=734 A=0.240 B=91.184
[RX] ForwardPacket from=0x2 target=0xFF cmd=0x0 seq=735
[TX] Immediate reply seq=735
[TX] Status seq=735 A=0.118 B=106.168
[TX] Status seq=735 A=1.275 B=121.015
[RX] ForwardPacket from=0x2 target=0xFF cmd=0x0 seq=736
[TX] Immediate reply seq=736
[TX] Status seq=736 A=3.089 B=135.388
[TX] Status seq=736 A=4.587 B=148.967
[RX] ForwardPacket from=0x2 target=0xFF cmd=0x0 seq=737
[TX] Immediate reply seq=737
[TX] Status seq=737 A=4.965 B=161.448
[TX] Status seq=737 A=4.021 B=172.547
[RX] ForwardPacket from=0x2 target=0xFF cmd=0x0 seq=738
[TX] Immediate reply seq=738
[TX] Status seq=738 A=2.260 B=182.018
[TX] Status seq=738 A=0.628 B=189.646
[RX] ForwardPacket from=0x2 target=0xFF cmd=0x0 seq=739
[TX] Immediate reply seq=739
[TX] Status seq=739 A=0.001 B=195.261
[TX] Status seq=739 A=0.715 B=198.737
[RX] ForwardPacket from=0x2 target=0xFF cmd=0x0 seq=740
[TX] Immediate reply seq=740
[TX] Status seq=740 A=2.386 B=199.996
[TX] Status seq=740 A=4.119 B=199.009
[RX] ForwardPacket from=0x2 target=0xFF cmd=0x0 seq=741
[TX] Immediate reply seq=741
[TX] Status seq=741 A=4.983 B=195.798
[TX] Status seq=741 A=4.515 B=190.436
[RX] ForwardPacket from=0x2 target=0xFF cmd=0x0 seq=742
[TX] Immediate reply seq=742
[TX] Status seq=742 A=2.965 B=183.043
[TX] Status seq=742 A=1.166 B=173.785
[RX] ForwardPacket from=0x2 target=0xFF cmd=0x0 seq=743
[TX] Immediate reply seq=743
[TX] Status seq=743 A=0.083 B=162.869
[TX] Status seq=743 A=0.297 B=150.542
[RX] ForwardPacket from=0x2 target=0xFF cmd=0x0 seq=744
[TX] Immediate reply seq=744
[TX] Status seq=744 A=1.693 B=137.081
[TX] Status seq=744 A=3.522 B=122.785
[RX] ForwardPacket from=0x2 target=0xFF cmd=0x0 seq=745
[TX] Immediate reply seq=745
[TX] Status seq=745 A=4.803 B=107.979
[TX] Status seq=745 A=4.848 B=92.993
[RX] ForwardPacket from=0x2 target=0xFF cmd=0x0 seq=746
[TX] Immediate reply seq=746
[TX] Status seq=746 A=3.633 B=78.165
[TX] Status seq=746 A=1.810 B=63.827
[RX] ForwardPacket from=0x2 target=0xFF cmd=0x0 seq=747
[TX] Immediate reply seq=747
[TX] Status seq=747 A=0.357 B=50.301
[TX] Status seq=747 A=0.054 B=37.892
[RX] ForwardPacket from=0x2 target=0xFF cmd=0x0 seq=748
[TX] Immediate reply seq=748
[TX] Status seq=748 A=1.064 B=26.876
[TX] Status seq=748 A=2.844 B=17.504
[RX] ForwardPacket from=0x2 target=0xFF cmd=0x0 seq=749
[TX] Immediate reply seq=749
[TX] Status seq=749 A=4.440 B=9.985
[TX] Status seq=749 A=4.994 B=4.486
[RX] ForwardPacket from=0x2 target=0xFF cmd=0x0 seq=750
[TX] Immediate reply seq=750
[TX] Status seq=750 A=4.210 B=1.133
[TX] Status seq=750 A=2.509 B=0.000
[RX] ForwardPacket from=0x2 target=0xFF cmd=0x0 seq=751
[TX] Immediate reply seq=751
[TX] Status seq=751 A=0.802 B=1.113
[TX] Status seq=751 A=0.007 B=4.446
[RX] ForwardPacket from=0x2 target=0xFF cmd=0x0 seq=752
[TX] Immediate reply seq=752
[TX] Status seq=752 A=0.549 B=9.926
[TX] Status seq=752 A=2.139 B=17.428
[RX] ForwardPacket from=0x2 target=0xFF cmd=0x0 seq=753
[TX] Immediate reply seq=753
[TX] Status seq=753 A=3.922 B=26.786
[TX] Status seq=753 A=4.942 B=37.786
[RX] ForwardPacket from=0x2 target=0xFF cmd=0x0 seq=754
[TX] Immediate reply seq=754
[TX] Status seq=754 A=4.652 B=50.184
[TX] Status seq=754 A=3.207 B=63.702
[RX] ForwardPacket from=0x2 target=0xFF cmd=0x0 seq=755
[TX] Immediate reply seq=755
[TX] Status seq=755 A=1.383 B=78.034
[TX] Status seq=755 A=0.158 B=92.860
[RX] ForwardPacket from=0x2 target=0xFF cmd=0x0 seq=756
[TX] Immediate reply seq=756
[TX] Status seq=756 A=0.190 B=107.845
[TX] Status seq=756 A=1.462 B=122.654
[RX] ForwardPacket from=0x2 target=0xFF cmd=0x0 seq=757
[TX] Immediate reply seq=757
[TX] Status seq=757 A=3.291 B=136.956
[TX] Status seq=757 A=4.695 B=150.426
[RX] ForwardPacket from=0x2 target=0xFF cmd=0x0 seq=758
[TX] Immediate reply seq=758
[TX] Status seq=758 A=4.922 B=162.766
[TX] Status seq=758 A=3.849 B=173.694
[RX] ForwardPacket from=0x2 target=0xFF cmd=0x0 seq=759
[TX] Immediate reply seq=759
[TX] Status seq=759 A=2.052 B=182.968
[TX] Status seq=759 A=0.496 B=190.379
[RX] ForwardPacket from=0x2 target=0xFF cmd=0x0 seq=760
[TX] Immediate reply seq=760
[TX] Status seq=760 A=0.015 B=195.759
[TX] Status seq=760 A=0.868 B=198.990
[RX] ForwardPacket from=0x2 target=0xFF cmd=0x0 seq=761
[TX] Immediate reply seq=761
[TX] Status seq=761 A=2.596 B=199.997
[TX] Status seq=761 A=4.273 B=198.759
[RX] ForwardPacket from=0x2 target=0xFF cmd=0x0 seq=762
[TX] Immediate reply seq=762
[TX] Status seq=762 A=4.999 B=195.302
[TX] Status seq=762 A=4.383 B=189.706
[RX] ForwardPacket from=0x2 target=0xFF cmd=0x0 seq=763
[TX] Immediate reply seq=763
[TX] Status seq=763 A=2.757 B=182.094
[TX] Status seq=763 A=0.993 B=172.639
[RX] ForwardPacket from=0x2 target=0xFF cmd=0x0 seq=764
[TX] Immediate reply seq=764
[TX] Status seq=764 A=0.038 B=161.554
[TX] Status seq=764 A=0.404 B=149.084
[RX] ForwardPacket from=0x2 target=0xFF cmd=0x0 seq=765
[TX] Immediate reply seq=765
[TX] Status seq=765 A=1.895 B=135.514
[TX] Status seq=765 A=3.710 B=121.145
[RX] ForwardPacket from=0x2 target=0xFF cmd=0x0 seq=766
[TX] Immediate reply seq=766
[TX] Status seq=766 A=4.877 B=106.302
[TX] Status seq=766 A=4.768 B=91.318
[RX] ForwardPacket from=0x2 target=0xFF cmd=0x0 seq=767
[TX] Immediate reply seq=767
[TX] Status seq=767 A=3.442 B=76.527
[TX] Status seq=767 A=1.610 B=62.265
[RX] ForwardPacket from=0x2 target=0xFF cmd=0x0 seq=768
[TX] Immediate reply seq=768
[TX] Status seq=768 A=0.257 B=48.849
[TX] Status seq=768 A=0.107 B=36.583
[RX] ForwardPacket from=0x2 target=0xFF cmd=0x0 seq=769
[TX] Immediate reply seq=769
[TX] Status seq=769 A=1.241 B=25.741
[TX] Status seq=769 A=3.051 B=16.565
[RX] ForwardPacket from=0x2 target=0xFF cmd=0x0 seq=770
[TX] Immediate reply seq=770
[TX] Status seq=770 A=4.565 B=9.265
[TX] Status seq=770 A=4.971 B=4.002
[RX] ForwardPacket from=0x2 target=0xFF cmd=0x0 seq=771
[TX] Immediate reply seq=771
[TX] Status seq=771 A=4.051 B=0.895
[TX] Status seq=771 A=2.299 B=0.013
[RX] ForwardPacket from=0x2 target=0xFF cmd=0x0 seq=772
[TX] Immediate reply seq=772
[TX] Status seq=772 A=0.654 B=1.377
[TX] Status seq=772 A=0.000 B=4.956
[RX] 